blocks_per_stage,data_tokens,exit_code,first_layer_channels,infer_avg_density,infer_case_0_avg_density,infer_case_0_csr,infer_case_0_ep_length,infer_case_0_file,infer_case_0_final_distance,infer_case_0_isr,infer_case_0_makespan,infer_case_0_step,infer_case_0_throughput,infer_case_0_total_cost,infer_case_0_total_time,infer_case_10_avg_density,infer_case_10_csr,infer_case_10_ep_length,infer_case_10_file,infer_case_10_final_distance,infer_case_10_isr,infer_case_10_makespan,infer_case_10_step,infer_case_10_throughput,infer_case_10_total_cost,infer_case_10_total_time,infer_case_11_avg_density,infer_case_11_csr,infer_case_11_ep_length,infer_case_11_file,infer_case_11_final_distance,infer_case_11_isr,infer_case_11_makespan,infer_case_11_step,infer_case_11_throughput,infer_case_11_total_cost,infer_case_11_total_time,infer_case_1_avg_density,infer_case_1_csr,infer_case_1_ep_length,infer_case_1_file,infer_case_1_final_distance,infer_case_1_isr,infer_case_1_makespan,infer_case_1_step,infer_case_1_throughput,infer_case_1_total_cost,infer_case_1_total_time,infer_case_2_avg_density,infer_case_2_csr,infer_case_2_ep_length,infer_case_2_file,infer_case_2_final_distance,infer_case_2_isr,infer_case_2_makespan,infer_case_2_step,infer_case_2_throughput,infer_case_2_total_cost,infer_case_2_total_time,infer_case_3_avg_density,infer_case_3_csr,infer_case_3_ep_length,infer_case_3_file,infer_case_3_final_distance,infer_case_3_isr,infer_case_3_makespan,infer_case_3_step,infer_case_3_throughput,infer_case_3_total_cost,infer_case_3_total_time,infer_case_4_avg_density,infer_case_4_csr,infer_case_4_ep_length,infer_case_4_file,infer_case_4_final_distance,infer_case_4_isr,infer_case_4_makespan,infer_case_4_step,infer_case_4_throughput,infer_case_4_total_cost,infer_case_4_total_time,infer_case_5_avg_density,infer_case_5_csr,infer_case_5_ep_length,infer_case_5_file,infer_case_5_final_distance,infer_case_5_isr,infer_case_5_makespan,infer_case_5_step,infer_case_5_throughput,infer_case_5_total_cost,infer_case_5_total_time,infer_case_6_avg_density,infer_case_6_csr,infer_case_6_ep_length,infer_case_6_file,infer_case_6_final_distance,infer_case_6_isr,infer_case_6_makespan,infer_case_6_step,infer_case_6_throughput,infer_case_6_total_cost,infer_case_6_total_time,infer_case_7_avg_density,infer_case_7_csr,infer_case_7_ep_length,infer_case_7_file,infer_case_7_final_distance,infer_case_7_isr,infer_case_7_makespan,infer_case_7_step,infer_case_7_throughput,infer_case_7_total_cost,infer_case_7_total_time,infer_case_8_avg_density,infer_case_8_csr,infer_case_8_ep_length,infer_case_8_file,infer_case_8_final_distance,infer_case_8_isr,infer_case_8_makespan,infer_case_8_step,infer_case_8_throughput,infer_case_8_total_cost,infer_case_8_total_time,infer_case_9_avg_density,infer_case_9_csr,infer_case_9_ep_length,infer_case_9_file,infer_case_9_final_distance,infer_case_9_isr,infer_case_9_makespan,infer_case_9_step,infer_case_9_throughput,infer_case_9_total_cost,infer_case_9_total_time,infer_csr,infer_ep_length,infer_final_distance,infer_isr,infer_makespan,infer_maze_32_32_10_1_75_0_128_final_avg_density,infer_maze_32_32_10_1_75_0_128_final_csr,infer_maze_32_32_10_1_75_0_128_final_ep_length,infer_maze_32_32_10_1_75_0_128_final_final_distance,infer_maze_32_32_10_1_75_0_128_final_isr,infer_maze_32_32_10_1_75_0_128_final_makespan,infer_maze_32_32_10_1_75_0_128_final_throughput,infer_maze_32_32_10_1_75_0_128_final_total_cost,infer_maze_32_32_10_1_75_0_128_final_total_time,infer_maze_32_32_10_2_80_10_128_final_avg_density,infer_maze_32_32_10_2_80_10_128_final_csr,infer_maze_32_32_10_2_80_10_128_final_ep_length,infer_maze_32_32_10_2_80_10_128_final_final_distance,infer_maze_32_32_10_2_80_10_128_final_isr,infer_maze_32_32_10_2_80_10_128_final_makespan,infer_maze_32_32_10_2_80_10_128_final_throughput,infer_maze_32_32_10_2_80_10_128_final_total_cost,infer_maze_32_32_10_2_80_10_128_final_total_time,infer_maze_32_32_20_1_75_2_128_final_avg_density,infer_maze_32_32_20_1_75_2_128_final_csr,infer_maze_32_32_20_1_75_2_128_final_ep_length,infer_maze_32_32_20_1_75_2_128_final_final_distance,infer_maze_32_32_20_1_75_2_128_final_isr,infer_maze_32_32_20_1_75_2_128_final_makespan,infer_maze_32_32_20_1_75_2_128_final_throughput,infer_maze_32_32_20_1_75_2_128_final_total_cost,infer_maze_32_32_20_1_75_2_128_final_total_time,infer_maze_32_32_20_5_75_7_128_final_avg_density,infer_maze_32_32_20_5_75_7_128_final_csr,infer_maze_32_32_20_5_75_7_128_final_ep_length,infer_maze_32_32_20_5_75_7_128_final_final_distance,infer_maze_32_32_20_5_75_7_128_final_isr,infer_maze_32_32_20_5_75_7_128_final_makespan,infer_maze_32_32_20_5_75_7_128_final_throughput,infer_maze_32_32_20_5_75_7_128_final_total_cost,infer_maze_32_32_20_5_75_7_128_final_total_time,infer_maze_64_64_10_1_75_0_1024_final_avg_density,infer_maze_64_64_10_1_75_0_1024_final_csr,infer_maze_64_64_10_1_75_0_1024_final_ep_length,infer_maze_64_64_10_1_75_0_1024_final_final_distance,infer_maze_64_64_10_1_75_0_1024_final_isr,infer_maze_64_64_10_1_75_0_1024_final_makespan,infer_maze_64_64_10_1_75_0_1024_final_throughput,infer_maze_64_64_10_1_75_0_1024_final_total_cost,infer_maze_64_64_10_1_75_0_1024_final_total_time,infer_maze_64_64_10_1_75_0_256_final_avg_density,infer_maze_64_64_10_1_75_0_256_final_csr,infer_maze_64_64_10_1_75_0_256_final_ep_length,infer_maze_64_64_10_1_75_0_256_final_final_distance,infer_maze_64_64_10_1_75_0_256_final_isr,infer_maze_64_64_10_1_75_0_256_final_makespan,infer_maze_64_64_10_1_75_0_256_final_throughput,infer_maze_64_64_10_1_75_0_256_final_total_cost,infer_maze_64_64_10_1_75_0_256_final_total_time,infer_maze_64_64_10_1_75_0_512_final_avg_density,infer_maze_64_64_10_1_75_0_512_final_csr,infer_maze_64_64_10_1_75_0_512_final_ep_length,infer_maze_64_64_10_1_75_0_512_final_final_distance,infer_maze_64_64_10_1_75_0_512_final_isr,infer_maze_64_64_10_1_75_0_512_final_makespan,infer_maze_64_64_10_1_75_0_512_final_throughput,infer_maze_64_64_10_1_75_0_512_final_total_cost,infer_maze_64_64_10_1_75_0_512_final_total_time,infer_maze_64_64_10_2_80_1_1024_final_avg_density,infer_maze_64_64_10_2_80_1_1024_final_csr,infer_maze_64_64_10_2_80_1_1024_final_ep_length,infer_maze_64_64_10_2_80_1_1024_final_final_distance,infer_maze_64_64_10_2_80_1_1024_final_isr,infer_maze_64_64_10_2_80_1_1024_final_makespan,infer_maze_64_64_10_2_80_1_1024_final_throughput,infer_maze_64_64_10_2_80_1_1024_final_total_cost,infer_maze_64_64_10_2_80_1_1024_final_total_time,infer_maze_64_64_10_2_80_1_256_final_avg_density,infer_maze_64_64_10_2_80_1_256_final_csr,infer_maze_64_64_10_2_80_1_256_final_ep_length,infer_maze_64_64_10_2_80_1_256_final_final_distance,infer_maze_64_64_10_2_80_1_256_final_isr,infer_maze_64_64_10_2_80_1_256_final_makespan,infer_maze_64_64_10_2_80_1_256_final_throughput,infer_maze_64_64_10_2_80_1_256_final_total_cost,infer_maze_64_64_10_2_80_1_256_final_total_time,infer_maze_64_64_20_1_75_14_256_final_avg_density,infer_maze_64_64_20_1_75_14_256_final_csr,infer_maze_64_64_20_1_75_14_256_final_ep_length,infer_maze_64_64_20_1_75_14_256_final_final_distance,infer_maze_64_64_20_1_75_14_256_final_isr,infer_maze_64_64_20_1_75_14_256_final_makespan,infer_maze_64_64_20_1_75_14_256_final_throughput,infer_maze_64_64_20_1_75_14_256_final_total_cost,infer_maze_64_64_20_1_75_14_256_final_total_time,infer_maze_64_64_20_2_75_4_512_final_avg_density,infer_maze_64_64_20_2_75_4_512_final_csr,infer_maze_64_64_20_2_75_4_512_final_ep_length,infer_maze_64_64_20_2_75_4_512_final_final_distance,infer_maze_64_64_20_2_75_4_512_final_isr,infer_maze_64_64_20_2_75_4_512_final_makespan,infer_maze_64_64_20_2_75_4_512_final_throughput,infer_maze_64_64_20_2_75_4_512_final_total_cost,infer_maze_64_64_20_2_75_4_512_final_total_time,infer_maze_64_64_20_3_80_6_256_final_avg_density,infer_maze_64_64_20_3_80_6_256_final_csr,infer_maze_64_64_20_3_80_6_256_final_ep_length,infer_maze_64_64_20_3_80_6_256_final_final_distance,infer_maze_64_64_20_3_80_6_256_final_isr,infer_maze_64_64_20_3_80_6_256_final_makespan,infer_maze_64_64_20_3_80_6_256_final_throughput,infer_maze_64_64_20_3_80_6_256_final_total_cost,infer_maze_64_64_20_3_80_6_256_final_total_time,infer_throughput,infer_total_cost,infer_total_time,label,max_total_steps,mode,n_params,reported_step,reported_total_steps,run_name,source_run_name,source_wall_time_s,total_steps,train_loss,val_loss,val_loss_32x32,val_loss_64x64,wall_time_s
0,320000,0,64,0.3197,0.30807925209654075,0.0,992.4609375,maze-32-32-10-1-75-0-128-final.mbin,1898.0,0.0546875,1048.0,5000,0.023333333333333334,127035.0,0.5212664604187012,0.40962113634347347,0.0,1049.0,maze-64-64-10-1-75-0-1024-final.mbin,43603.0,0.0,1048.0,5000,0.0,1074176.0,0.7735545635223389,0.4226498461332454,0.0,1049.0,maze-64-64-10-2-80-1-1024-final.mbin,42677.0,0.0,1048.0,5000,0.0,1074176.0,0.7388002872467041,0.36435850285034416,0.0,943.5625,maze-32-32-10-2-80-10-128-final.mbin,1583.0,0.09375,1048.0,5000,0.043333333333333335,120776.0,0.504753828048706,0.34026759577770826,0.0,967.8984375,maze-32-32-20-1-75-2-128-final.mbin,2006.0,0.078125,1048.0,5000,0.03333333333333333,123891.0,0.5106387138366699,0.35033810300894364,0.0,911.4609375,maze-32-32-20-5-75-7-128-final.mbin,1823.0,0.125,1048.0,5000,0.056666666666666664,116667.0,0.49216294288635254,0.2690986253642023,0.0,914.36328125,maze-64-64-10-1-75-0-256-final.mbin,7120.0,0.1171875,1048.0,5000,0.11333333333333333,234077.0,0.781346321105957,0.23252478413608021,0.0,839.62109375,maze-64-64-10-2-80-1-256-final.mbin,6353.0,0.203125,1048.0,5000,0.18,214943.0,0.7009432315826416,0.274643277903686,0.0,937.1875,maze-64-64-20-1-75-14-256-final.mbin,7740.0,0.109375,1048.0,5000,0.09333333333333334,239920.0,0.6857631206512451,0.30554834130330794,0.0,985.4609375,maze-64-64-20-3-80-6-256-final.mbin,8886.0,0.05859375,1048.0,5000,0.05333333333333334,252278.0,0.6491134166717529,0.28414695094371384,0.0,1049.0,maze-64-64-10-1-75-0-512-final.mbin,20794.0,0.0,1048.0,5000,0.0,537088.0,0.7765865325927734,0.2747297098316736,0.0,1046.953125,maze-64-64-20-2-75-4-512-final.mbin,21273.0,0.001953125,1048.0,5000,0.0033333333333333335,536040.0,0.7978091239929199,0.0,973.8307,13813.0,0.0701,1048.0,0.30807925209654075,0.0,992.4609375,1898.0,0.0546875,1048.0,0.023333333333333334,127035.0,0.5212664604187012,0.36435850285034416,0.0,943.5625,1583.0,0.09375,1048.0,0.043333333333333335,120776.0,0.504753828048706,0.34026759577770826,0.0,967.8984375,2006.0,0.078125,1048.0,0.03333333333333333,123891.0,0.5106387138366699,0.35033810300894364,0.0,911.4609375,1823.0,0.125,1048.0,0.056666666666666664,116667.0,0.49216294288635254,0.40962113634347347,0.0,1049.0,43603.0,0.0,1048.0,0.0,1074176.0,0.7735545635223389,0.2690986253642023,0.0,914.36328125,7120.0,0.1171875,1048.0,0.11333333333333333,234077.0,0.781346321105957,0.28414695094371384,0.0,1049.0,20794.0,0.0,1048.0,0.0,537088.0,0.7765865325927734,0.4226498461332454,0.0,1049.0,42677.0,0.0,1048.0,0.0,1074176.0,0.7388002872467041,0.23252478413608021,0.0,839.62109375,6353.0,0.203125,1048.0,0.18,214943.0,0.7009432315826416,0.274643277903686,0.0,937.1875,7740.0,0.109375,1048.0,0.09333333333333334,239920.0,0.6857631206512451,0.2747297098316736,0.0,1046.953125,21273.0,0.001953125,1048.0,0.0033333333333333335,536040.0,0.7978091239929199,0.30554834130330794,0.0,985.4609375,8886.0,0.05859375,1048.0,0.05333333333333334,252278.0,0.6491134166717529,0.05,387588.9167,0.6611,XS,100000,offline,31039621,5000,100000,XS_flc64_bps0_steps5000_offline,XS_flc64_bps0_steps100000_offline,0.0,5000,0.4919529861155991,0.8050399751244133,0.6236034941968414,0.9864764560519852,
0,640000,0,64,0.3647,0.37812287423191265,0.0,799.78125,maze-32-32-10-1-75-0-128-final.mbin,1525.0,0.234375,1048.0,10000,0.10333333333333333,102372.0,0.5526218414306641,0.56723656513698,0.0,1035.052734375,maze-64-64-10-1-75-0-1024-final.mbin,35765.0,0.0107421875,1048.0,10000,0.04666666666666667,1059894.0,0.6941637992858887,0.5504782675381136,0.0,1009.2587890625,maze-64-64-10-2-80-1-1024-final.mbin,33130.0,0.0302734375,1048.0,10000,0.13666666666666666,1033481.0,0.6901290416717529,0.34707769378426445,0.0,767.2890625,maze-32-32-10-2-80-10-128-final.mbin,1290.0,0.265625,1048.0,10000,0.11666666666666667,98213.0,0.4965829849243164,0.3590391854134356,0.0,927.9453125,maze-32-32-20-1-75-2-128-final.mbin,1845.0,0.109375,1048.0,10000,0.05,118777.0,0.5256879329681396,0.3712801596594952,0.0,846.859375,maze-32-32-20-5-75-7-128-final.mbin,1610.0,0.1875,1048.0,10000,0.08333333333333333,108398.0,0.5473384857177734,0.20351461880574653,0.0,645.484375,maze-64-64-10-1-75-0-256-final.mbin,4208.0,0.3984375,1048.0,10000,0.3433333333333333,165244.0,0.666619062423706,0.24569738325405685,0.0,687.421875,maze-64-64-10-2-80-1-256-final.mbin,4554.0,0.3515625,1048.0,10000,0.30666666666666664,175980.0,0.659231424331665,0.28362565755507735,0.0,860.81640625,maze-64-64-20-1-75-14-256-final.mbin,6795.0,0.18359375,1048.0,10000,0.16,220369.0,0.7554159164428711,0.27326509471282173,0.0,855.71875,maze-64-64-20-3-80-6-256-final.mbin,6617.0,0.18359375,1048.0,10000,0.16333333333333333,219064.0,0.6551244258880615,0.38353860498971715,0.0,848.751953125,maze-64-64-10-1-75-0-512-final.mbin,12128.0,0.19140625,1048.0,10000,0.3433333333333333,434561.0,0.740915060043335,0.4136896953821174,0.0,952.099609375,maze-64-64-20-2-75-4-512-final.mbin,15802.0,0.083984375,1048.0,10000,0.16333333333333333,487475.0,0.7255771160125732,0.0,853.04,10439.0833,0.1859,1048.0,0.37812287423191265,0.0,799.78125,1525.0,0.234375,1048.0,0.10333333333333333,102372.0,0.5526218414306641,0.34707769378426445,0.0,767.2890625,1290.0,0.265625,1048.0,0.11666666666666667,98213.0,0.4965829849243164,0.3590391854134356,0.0,927.9453125,1845.0,0.109375,1048.0,0.05,118777.0,0.5256879329681396,0.3712801596594952,0.0,846.859375,1610.0,0.1875,1048.0,0.08333333333333333,108398.0,0.5473384857177734,0.56723656513698,0.0,1035.052734375,35765.0,0.0107421875,1048.0,0.04666666666666667,1059894.0,0.6941637992858887,0.20351461880574653,0.0,645.484375,4208.0,0.3984375,1048.0,0.3433333333333333,165244.0,0.666619062423706,0.38353860498971715,0.0,848.751953125,12128.0,0.19140625,1048.0,0.3433333333333333,434561.0,0.740915060043335,0.5504782675381136,0.0,1009.2587890625,33130.0,0.0302734375,1048.0,0.13666666666666666,1033481.0,0.6901290416717529,0.24569738325405685,0.0,687.421875,4554.0,0.3515625,1048.0,0.30666666666666664,175980.0,0.659231424331665,0.28362565755507735,0.0,860.81640625,6795.0,0.18359375,1048.0,0.16,220369.0,0.7554159164428711,0.4136896953821174,0.0,952.099609375,15802.0,0.083984375,1048.0,0.16333333333333333,487475.0,0.7255771160125732,0.27326509471282173,0.0,855.71875,6617.0,0.18359375,1048.0,0.16333333333333333,219064.0,0.6551244258880615,0.1681,351985.6667,0.6425,XS,100000,offline,31039621,10000,100000,XS_flc64_bps0_steps10000_offline,XS_flc64_bps0_steps100000_offline,0.0,10000,0.38846286862990564,0.4604218787477238,0.5356777605486387,0.3851659969468089,
0,960000,0,64,0.371,0.35366390793831637,0.0,728.0390625,maze-32-32-10-1-75-0-128-final.mbin,1212.0,0.296875,1048.0,15000,0.13333333333333333,93189.0,0.4523332118988037,0.5325223416695478,0.0,1023.8564453125,maze-64-64-10-1-75-0-1024-final.mbin,34846.0,0.0234375,1048.0,15000,0.09,1048429.0,0.7492175102233887,0.5187570057846774,0.0,988.568359375,maze-64-64-10-2-80-1-1024-final.mbin,32236.0,0.048828125,1048.0,15000,0.21333333333333335,1012294.0,0.7762203216552734,0.3324870349410789,0.0,611.125,maze-32-32-10-2-80-10-128-final.mbin,923.0,0.4296875,1048.0,15000,0.18333333333333332,78224.0,0.5147988796234131,0.3904059284939974,0.0,856.1640625,maze-32-32-20-1-75-2-128-final.mbin,1567.0,0.1796875,1048.0,15000,0.08,109589.0,0.4750039577484131,0.40182933450466396,0.0,799.1171875,maze-32-32-20-5-75-7-128-final.mbin,1489.0,0.2421875,1048.0,15000,0.10333333333333333,102287.0,0.460233211517334,0.25248713025982006,0.0,646.390625,maze-64-64-10-1-75-0-256-final.mbin,4226.0,0.390625,1048.0,15000,0.34,165476.0,0.6609935760498047,0.2602186866046452,0.0,602.98828125,maze-64-64-10-2-80-1-256-final.mbin,3691.0,0.42578125,1048.0,15000,0.38,154365.0,0.6133005619049072,0.29166068064398454,0.0,759.59375,maze-64-64-20-1-75-14-256-final.mbin,5216.0,0.28125,1048.0,15000,0.24666666666666667,194456.0,0.713930606842041,0.2935097089500992,0.0,815.05859375,maze-64-64-20-3-80-6-256-final.mbin,5408.0,0.23046875,1048.0,15000,0.2,208655.0,0.6171751022338867,0.41376261070232234,0.0,821.486328125,maze-64-64-10-1-75-0-512-final.mbin,11091.0,0.21875,1048.0,15000,0.38666666666666666,420601.0,0.690129280090332,0.41100535658908754,0.0,915.732421875,maze-64-64-20-2-75-4-512-final.mbin,14838.0,0.12890625,1048.0,15000,0.22333333333333333,468855.0,0.6524779796600342,0.0,797.3433,9728.5833,0.2414,1048.0,0.35366390793831637,0.0,728.0390625,1212.0,0.296875,1048.0,0.13333333333333333,93189.0,0.4523332118988037,0.3324870349410789,0.0,611.125,923.0,0.4296875,1048.0,0.18333333333333332,78224.0,0.5147988796234131,0.3904059284939974,0.0,856.1640625,1567.0,0.1796875,1048.0,0.08,109589.0,0.4750039577484131,0.40182933450466396,0.0,799.1171875,1489.0,0.2421875,1048.0,0.10333333333333333,102287.0,0.460233211517334,0.5325223416695478,0.0,1023.8564453125,34846.0,0.0234375,1048.0,0.09,1048429.0,0.7492175102233887,0.25248713025982006,0.0,646.390625,4226.0,0.390625,1048.0,0.34,165476.0,0.6609935760498047,0.41376261070232234,0.0,821.486328125,11091.0,0.21875,1048.0,0.38666666666666666,420601.0,0.690129280090332,0.5187570057846774,0.0,988.568359375,32236.0,0.048828125,1048.0,0.21333333333333335,1012294.0,0.7762203216552734,0.2602186866046452,0.0,602.98828125,3691.0,0.42578125,1048.0,0.38,154365.0,0.6133005619049072,0.29166068064398454,0.0,759.59375,5216.0,0.28125,1048.0,0.24666666666666667,194456.0,0.713930606842041,0.41100535658908754,0.0,915.732421875,14838.0,0.12890625,1048.0,0.22333333333333333,468855.0,0.6524779796600342,0.2935097089500992,0.0,815.05859375,5408.0,0.23046875,1048.0,0.2,208655.0,0.6171751022338867,0.215,338035.0,0.6147,XS,100000,offline,31039621,15000,100000,XS_flc64_bps0_steps15000_offline,XS_flc64_bps0_steps100000_offline,0.0,15000,0.29325755104642937,0.4662235696028092,0.5584354846825221,0.3740116545230963,
0,1280000,0,64,0.3166,0.2679482604477557,0.0,490.78125,maze-32-32-10-1-75-0-128-final.mbin,624.0,0.5078125,1048.0,20000,0.23333333333333334,62820.0,0.46114277839660645,0.5239894203336036,0.0,1000.27734375,maze-64-64-10-1-75-0-1024-final.mbin,31571.0,0.0419921875,1048.0,20000,0.17,1024284.0,0.7823426723480225,0.5062686791363556,0.0,993.6923828125,maze-64-64-10-2-80-1-1024-final.mbin,30702.0,0.048828125,1048.0,20000,0.19,1017541.0,0.7501797676086426,0.28419079923068274,0.0,489.1484375,maze-32-32-10-2-80-10-128-final.mbin,610.0,0.5390625,1048.0,20000,0.23333333333333334,62611.0,0.46962618827819824,0.3126935609173508,0.0,586.1796875,maze-32-32-20-1-75-2-128-final.mbin,687.0,0.4140625,1048.0,20000,0.19333333333333333,75031.0,0.47238802909851074,0.33685900795558205,0.0,665.2421875,maze-32-32-20-5-75-7-128-final.mbin,1154.0,0.34375,1048.0,20000,0.16,85151.0,0.583327054977417,0.18782295155598988,0.0,386.14453125,maze-64-64-10-1-75-0-256-final.mbin,1568.0,0.65625,1048.0,20000,0.5666666666666667,98853.0,0.6579694747924805,0.1894537530017024,0.0,373.2734375,maze-64-64-10-2-80-1-256-final.mbin,1293.0,0.65625,1048.0,20000,0.58,95558.0,0.6442372798919678,0.21396649717506216,0.0,392.37890625,maze-64-64-20-1-75-14-256-final.mbin,1734.0,0.62109375,1048.0,20000,0.5666666666666667,100449.0,0.6533949375152588,0.2510850491673216,0.0,504.0546875,maze-64-64-20-3-80-6-256-final.mbin,2331.0,0.5390625,1048.0,20000,0.4766666666666667,129038.0,0.6582989692687988,0.3143926736482908,0.0,577.431640625,maze-64-64-10-1-75-0-512-final.mbin,5371.0,0.453125,1048.0,20000,0.8166666666666667,295645.0,0.683826208114624,0.41057385413510605,0.0,821.197265625,maze-64-64-20-2-75-4-512-final.mbin,11012.0,0.220703125,1048.0,20000,0.39,420453.0,0.6520333290100098,0.0,606.6501,7388.0833,0.4202,1048.0,0.2679482604477557,0.0,490.78125,624.0,0.5078125,1048.0,0.23333333333333334,62820.0,0.46114277839660645,0.28419079923068274,0.0,489.1484375,610.0,0.5390625,1048.0,0.23333333333333334,62611.0,0.46962618827819824,0.3126935609173508,0.0,586.1796875,687.0,0.4140625,1048.0,0.19333333333333333,75031.0,0.47238802909851074,0.33685900795558205,0.0,665.2421875,1154.0,0.34375,1048.0,0.16,85151.0,0.583327054977417,0.5239894203336036,0.0,1000.27734375,31571.0,0.0419921875,1048.0,0.17,1024284.0,0.7823426723480225,0.18782295155598988,0.0,386.14453125,1568.0,0.65625,1048.0,0.5666666666666667,98853.0,0.6579694747924805,0.3143926736482908,0.0,577.431640625,5371.0,0.453125,1048.0,0.8166666666666667,295645.0,0.683826208114624,0.5062686791363556,0.0,993.6923828125,30702.0,0.048828125,1048.0,0.19,1017541.0,0.7501797676086426,0.1894537530017024,0.0,373.2734375,1293.0,0.65625,1048.0,0.58,95558.0,0.6442372798919678,0.21396649717506216,0.0,392.37890625,1734.0,0.62109375,1048.0,0.5666666666666667,100449.0,0.6533949375152588,0.41057385413510605,0.0,821.197265625,11012.0,0.220703125,1048.0,0.39,420453.0,0.6520333290100098,0.2510850491673216,0.0,504.0546875,2331.0,0.5390625,1048.0,0.4766666666666667,129038.0,0.6582989692687988,0.3814,288952.8333,0.6224,XS,100000,offline,31039621,20000,100000,XS_flc64_bps0_steps20000_offline,XS_flc64_bps0_steps100000_offline,0.0,20000,0.27264448122969615,0.371224467982602,0.46815323911456164,0.2742956968506424,
0,1600000,0,64,0.3226,0.31622948786776806,0.0,451.46875,maze-32-32-10-1-75-0-128-final.mbin,638.0,0.5703125,1048.0,25000,0.25,57788.0,0.5364055633544922,0.4970096773114936,0.0,1008.1748046875,maze-64-64-10-1-75-0-1024-final.mbin,34222.0,0.029296875,1048.0,25000,0.14666666666666667,1032371.0,0.7110931873321533,0.47968248843565314,0.0,977.7705078125,maze-64-64-10-2-80-1-1024-final.mbin,32025.0,0.029296875,1048.0,25000,0.2633333333333333,1001237.0,0.7835507392883301,0.28647838832345485,0.0,512.8203125,maze-32-32-10-2-80-10-128-final.mbin,705.0,0.5078125,1048.0,25000,0.22333333333333333,65641.0,0.48369598388671875,0.33331927968054664,0.0,627.7734375,maze-32-32-20-1-75-2-128-final.mbin,904.0,0.40625,1048.0,25000,0.17666666666666667,80355.0,0.5225553512573242,0.3380589037269731,0.0,655.640625,maze-32-32-20-5-75-7-128-final.mbin,1165.0,0.375,1048.0,25000,0.16333333333333333,83922.0,0.4733412265777588,0.17692746996494152,0.0,347.796875,maze-64-64-10-1-75-0-256-final.mbin,1862.0,0.6953125,1048.0,25000,0.6,89036.0,0.6643533706665039,0.2046436208850304,0.0,365.10546875,maze-64-64-10-2-80-1-256-final.mbin,1649.0,0.67578125,1048.0,25000,0.5866666666666667,93467.0,0.6813216209411621,0.20524705601501878,0.0,346.3359375,maze-64-64-20-1-75-14-256-final.mbin,1375.0,0.6875,1048.0,25000,0.61,88662.0,0.7028286457061768,0.2417452449031118,0.0,546.91015625,maze-64-64-20-3-80-6-256-final.mbin,2898.0,0.5,1048.0,25000,0.43,140009.0,0.6835975646972656,0.36733700255735646,0.0,870.86328125,maze-64-64-10-1-75-0-512-final.mbin,12185.0,0.16015625,1048.0,25000,0.3,445882.0,0.7203867435455322,0.4240277550460572,0.0,911.650390625,maze-64-64-20-2-75-4-512-final.mbin,14598.0,0.12890625,1048.0,25000,0.23,466765.0,0.736090898513794,0.0,635.1925,8685.5,0.3971,1048.0,0.31622948786776806,0.0,451.46875,638.0,0.5703125,1048.0,0.25,57788.0,0.5364055633544922,0.28647838832345485,0.0,512.8203125,705.0,0.5078125,1048.0,0.22333333333333333,65641.0,0.48369598388671875,0.33331927968054664,0.0,627.7734375,904.0,0.40625,1048.0,0.17666666666666667,80355.0,0.5225553512573242,0.3380589037269731,0.0,655.640625,1165.0,0.375,1048.0,0.16333333333333333,83922.0,0.4733412265777588,0.4970096773114936,0.0,1008.1748046875,34222.0,0.029296875,1048.0,0.14666666666666667,1032371.0,0.7110931873321533,0.17692746996494152,0.0,347.796875,1862.0,0.6953125,1048.0,0.6,89036.0,0.6643533706665039,0.36733700255735646,0.0,870.86328125,12185.0,0.16015625,1048.0,0.3,445882.0,0.7203867435455322,0.47968248843565314,0.0,977.7705078125,32025.0,0.029296875,1048.0,0.2633333333333333,1001237.0,0.7835507392883301,0.2046436208850304,0.0,365.10546875,1649.0,0.67578125,1048.0,0.5866666666666667,93467.0,0.6813216209411621,0.20524705601501878,0.0,346.3359375,1375.0,0.6875,1048.0,0.61,88662.0,0.7028286457061768,0.4240277550460572,0.0,911.650390625,14598.0,0.12890625,1048.0,0.23,466765.0,0.736090898513794,0.2417452449031118,0.0,546.91015625,2898.0,0.5,1048.0,0.43,140009.0,0.6835975646972656,0.3317,303761.25,0.6416,XS,100000,offline,31039621,25000,100000,XS_flc64_bps0_steps25000_offline,XS_flc64_bps0_steps100000_offline,0.0,25000,0.2701690655726788,0.4205543626504517,0.48877438502077,0.35233434028013344,
0,1920000,0,64,0.3609,0.302869132754358,0.0,585.0859375,maze-32-32-10-1-75-0-128-final.mbin,907.0,0.4140625,1048.0,30000,0.19333333333333333,74891.0,0.47768187522888184,0.6011461664864874,0.0,950.5205078125,maze-64-64-10-1-75-0-1024-final.mbin,29920.0,0.0908203125,1048.0,30000,0.3333333333333333,973333.0,0.6991941928863525,0.5966678496266923,0.0,938.6396484375,maze-64-64-10-2-80-1-1024-final.mbin,28794.0,0.09765625,1048.0,30000,0.37333333333333335,961167.0,0.7707192897796631,0.2773772892443542,0.0,418.984375,maze-32-32-10-2-80-10-128-final.mbin,597.0,0.578125,1048.0,30000,0.2633333333333333,53630.0,0.4685652256011963,0.3526312398835699,0.0,602.7890625,maze-32-32-20-1-75-2-128-final.mbin,932.0,0.390625,1048.0,30000,0.18666666666666668,77157.0,0.5164744853973389,0.3972601387449894,0.0,687.4765625,maze-32-32-20-5-75-7-128-final.mbin,1239.0,0.328125,1048.0,30000,0.15,87997.0,0.47071242332458496,0.18666012023068945,0.0,340.18359375,maze-64-64-10-1-75-0-256-final.mbin,1474.0,0.6953125,1048.0,30000,0.6066666666666667,87087.0,0.6738998889923096,0.20568709957415182,0.0,385.3125,maze-64-64-10-2-80-1-256-final.mbin,2053.0,0.6328125,1048.0,30000,0.5666666666666667,98640.0,0.6503622531890869,0.22569025399060721,0.0,374.87109375,maze-64-64-20-1-75-14-256-final.mbin,1810.0,0.6484375,1048.0,30000,0.5766666666666667,95967.0,0.6167566776275635,0.31569849563894314,0.0,704.6015625,maze-64-64-20-3-80-6-256-final.mbin,4449.0,0.32421875,1048.0,30000,0.29333333333333333,180378.0,0.6164040565490723,0.4132190214833314,0.0,673.310546875,maze-64-64-10-1-75-0-512-final.mbin,8402.0,0.361328125,1048.0,30000,0.6433333333333333,344735.0,0.6380434036254883,0.4563525462429156,0.0,808.966796875,maze-64-64-20-2-75-4-512-final.mbin,12065.0,0.234375,1048.0,30000,0.4066666666666667,414191.0,0.6437859535217285,0.0,622.5618,7720.1667,0.3997,1048.0,0.302869132754358,0.0,585.0859375,907.0,0.4140625,1048.0,0.19333333333333333,74891.0,0.47768187522888184,0.2773772892443542,0.0,418.984375,597.0,0.578125,1048.0,0.2633333333333333,53630.0,0.4685652256011963,0.3526312398835699,0.0,602.7890625,932.0,0.390625,1048.0,0.18666666666666668,77157.0,0.5164744853973389,0.3972601387449894,0.0,687.4765625,1239.0,0.328125,1048.0,0.15,87997.0,0.47071242332458496,0.6011461664864874,0.0,950.5205078125,29920.0,0.0908203125,1048.0,0.3333333333333333,973333.0,0.6991941928863525,0.18666012023068945,0.0,340.18359375,1474.0,0.6953125,1048.0,0.6066666666666667,87087.0,0.6738998889923096,0.4132190214833314,0.0,673.310546875,8402.0,0.361328125,1048.0,0.6433333333333333,344735.0,0.6380434036254883,0.5966678496266923,0.0,938.6396484375,28794.0,0.09765625,1048.0,0.37333333333333335,961167.0,0.7707192897796631,0.20568709957415182,0.0,385.3125,2053.0,0.6328125,1048.0,0.5666666666666667,98640.0,0.6503622531890869,0.22569025399060721,0.0,374.87109375,1810.0,0.6484375,1048.0,0.5766666666666667,95967.0,0.6167566776275635,0.4563525462429156,0.0,808.966796875,12065.0,0.234375,1048.0,0.4066666666666667,414191.0,0.6437859535217285,0.31569849563894314,0.0,704.6015625,4449.0,0.32421875,1048.0,0.29333333333333333,180378.0,0.6164040565490723,0.3828,287431.0833,0.6035,XS,100000,offline,31039621,30000,100000,XS_flc64_bps0_steps30000_offline,XS_flc64_bps0_steps100000_offline,0.0,30000,0.2481135921784119,0.31282422185211417,0.40536364640627004,0.22028479729795833,
0,2240000,0,64,0.3538,0.34927451706283336,0.0,585.390625,maze-32-32-10-1-75-0-128-final.mbin,933.0,0.4140625,1048.0,35000,0.19333333333333333,74930.0,0.5067923069000244,0.5379315057232451,0.0,969.80078125,maze-64-64-10-1-75-0-1024-final.mbin,31291.0,0.0751953125,1048.0,35000,0.2833333333333333,993076.0,0.6946008205413818,0.5110903417657942,0.0,908.9150390625,maze-64-64-10-2-80-1-1024-final.mbin,26889.0,0.1220703125,1048.0,35000,0.5033333333333333,930729.0,0.7444162368774414,0.33605657601924194,0.0,534.984375,maze-32-32-10-2-80-10-128-final.mbin,745.0,0.5,1048.0,35000,0.21333333333333335,68478.0,0.46798014640808105,0.3437949291862234,0.0,689.4375,maze-32-32-20-1-75-2-128-final.mbin,1099.0,0.3046875,1048.0,35000,0.15,88248.0,0.5480587482452393,0.4311641455326207,0.0,734.8828125,maze-32-32-20-5-75-7-128-final.mbin,1356.0,0.3046875,1048.0,35000,0.13,94065.0,0.4873683452606201,0.1697810471052408,0.0,251.18359375,maze-64-64-10-1-75-0-256-final.mbin,1020.0,0.79296875,1048.0,35000,0.6833333333333333,64303.0,0.6973159313201904,0.19181696049285613,0.0,306.9765625,maze-64-64-10-2-80-1-256-final.mbin,1305.0,0.73046875,1048.0,35000,0.6366666666666667,78586.0,0.6914141178131104,0.22964014939008914,0.0,375.3203125,maze-64-64-20-1-75-14-256-final.mbin,1668.0,0.6328125,1048.0,35000,0.58,96082.0,0.6155281066894531,0.32805756271333725,0.0,576.99609375,maze-64-64-20-3-80-6-256-final.mbin,3119.0,0.45703125,1048.0,35000,0.4066666666666667,147711.0,0.7146155834197998,0.3762421862795869,0.0,664.341796875,maze-64-64-10-1-75-0-512-final.mbin,7578.0,0.37109375,1048.0,35000,0.66,340143.0,0.7009913921356201,0.4407212709283423,0.0,831.595703125,maze-64-64-20-2-75-4-512-final.mbin,11973.0,0.20703125,1048.0,35000,0.37,425777.0,0.6801667213439941,0.0,619.1521,7414.6667,0.4093,1048.0,0.34927451706283336,0.0,585.390625,933.0,0.4140625,1048.0,0.19333333333333333,74930.0,0.5067923069000244,0.33605657601924194,0.0,534.984375,745.0,0.5,1048.0,0.21333333333333335,68478.0,0.46798014640808105,0.3437949291862234,0.0,689.4375,1099.0,0.3046875,1048.0,0.15,88248.0,0.5480587482452393,0.4311641455326207,0.0,734.8828125,1356.0,0.3046875,1048.0,0.13,94065.0,0.4873683452606201,0.5379315057232451,0.0,969.80078125,31291.0,0.0751953125,1048.0,0.2833333333333333,993076.0,0.6946008205413818,0.1697810471052408,0.0,251.18359375,1020.0,0.79296875,1048.0,0.6833333333333333,64303.0,0.6973159313201904,0.3762421862795869,0.0,664.341796875,7578.0,0.37109375,1048.0,0.66,340143.0,0.7009913921356201,0.5110903417657942,0.0,908.9150390625,26889.0,0.1220703125,1048.0,0.5033333333333333,930729.0,0.7444162368774414,0.19181696049285613,0.0,306.9765625,1305.0,0.73046875,1048.0,0.6366666666666667,78586.0,0.6914141178131104,0.22964014939008914,0.0,375.3203125,1668.0,0.6328125,1048.0,0.58,96082.0,0.6155281066894531,0.4407212709283423,0.0,831.595703125,11973.0,0.20703125,1048.0,0.37,425777.0,0.6801667213439941,0.32805756271333725,0.0,576.99609375,3119.0,0.45703125,1048.0,0.4066666666666667,147711.0,0.7146155834197998,0.4008,283510.6667,0.6291,XS,100000,offline,31039621,35000,100000,XS_flc64_bps0_steps35000_offline,XS_flc64_bps0_steps100000_offline,0.0,35000,0.27636617966581994,0.35126332463553256,0.4248158805004498,0.2777107687706153,
0,2560000,0,64,0.3347,0.2691187958158013,0.0,347.8203125,maze-32-32-10-1-75-0-128-final.mbin,437.0,0.6484375,1048.0,40000,0.29333333333333333,44521.0,0.4673495292663574,0.5385006190963672,0.0,983.8994140625,maze-64-64-10-1-75-0-1024-final.mbin,32461.0,0.0595703125,1048.0,40000,0.22333333333333333,1007513.0,0.6725740432739258,0.5118100715894568,0.0,920.6044921875,maze-64-64-10-2-80-1-1024-final.mbin,28718.0,0.11328125,1048.0,40000,0.4533333333333333,942699.0,0.7071971893310547,0.3095271531735889,0.0,526.953125,maze-32-32-10-2-80-10-128-final.mbin,774.0,0.4921875,1048.0,40000,0.21666666666666667,67450.0,0.5006973743438721,0.2919695742740312,0.0,485.453125,maze-32-32-20-1-75-2-128-final.mbin,530.0,0.453125,1048.0,40000,0.23666666666666666,62138.0,0.5118322372436523,0.3878232290794013,0.0,656.4765625,maze-32-32-20-5-75-7-128-final.mbin,1145.0,0.3671875,1048.0,40000,0.16333333333333333,84029.0,0.5020067691802979,0.16260162078354357,0.0,291.01171875,maze-64-64-10-1-75-0-256-final.mbin,1053.0,0.74609375,1048.0,40000,0.6466666666666666,74499.0,0.6703627109527588,0.18300471862179402,0.0,322.10546875,maze-64-64-10-2-80-1-256-final.mbin,1486.0,0.71484375,1048.0,40000,0.62,82459.0,0.728283166885376,0.20807357115294312,0.0,366.64453125,maze-64-64-20-1-75-14-256-final.mbin,1670.0,0.6484375,1048.0,40000,0.5866666666666667,93861.0,0.7094457149505615,0.27923991667369596,0.0,424.6484375,maze-64-64-20-3-80-6-256-final.mbin,2138.0,0.6171875,1048.0,40000,0.5466666666666666,108710.0,0.6135220527648926,0.4060287256599921,0.0,763.771484375,maze-64-64-10-1-75-0-512-final.mbin,10116.0,0.2734375,1048.0,40000,0.48,391051.0,0.6965916156768799,0.4685016792811956,0.0,857.12109375,maze-64-64-20-2-75-4-512-final.mbin,12719.0,0.185546875,1048.0,40000,0.3233333333333333,438846.0,0.6518063545227051,0.0,578.8758,7770.5833,0.4433,1048.0,0.2691187958158013,0.0,347.8203125,437.0,0.6484375,1048.0,0.29333333333333333,44521.0,0.4673495292663574,0.3095271531735889,0.0,526.953125,774.0,0.4921875,1048.0,0.21666666666666667,67450.0,0.5006973743438721,0.2919695742740312,0.0,485.453125,530.0,0.453125,1048.0,0.23666666666666666,62138.0,0.5118322372436523,0.3878232290794013,0.0,656.4765625,1145.0,0.3671875,1048.0,0.16333333333333333,84029.0,0.5020067691802979,0.5385006190963672,0.0,983.8994140625,32461.0,0.0595703125,1048.0,0.22333333333333333,1007513.0,0.6725740432739258,0.16260162078354357,0.0,291.01171875,1053.0,0.74609375,1048.0,0.6466666666666666,74499.0,0.6703627109527588,0.4060287256599921,0.0,763.771484375,10116.0,0.2734375,1048.0,0.48,391051.0,0.6965916156768799,0.5118100715894568,0.0,920.6044921875,28718.0,0.11328125,1048.0,0.4533333333333333,942699.0,0.7071971893310547,0.18300471862179402,0.0,322.10546875,1486.0,0.71484375,1048.0,0.62,82459.0,0.728283166885376,0.20807357115294312,0.0,366.64453125,1670.0,0.6484375,1048.0,0.5866666666666667,93861.0,0.7094457149505615,0.4685016792811956,0.0,857.12109375,12719.0,0.185546875,1048.0,0.3233333333333333,438846.0,0.6518063545227051,0.27923991667369596,0.0,424.6484375,2138.0,0.6171875,1048.0,0.5466666666666666,108710.0,0.6135220527648926,0.3992,283148.0,0.6193,XS,100000,offline,31039621,40000,100000,XS_flc64_bps0_steps40000_offline,XS_flc64_bps0_steps100000_offline,0.0,40000,0.28005266076047247,0.33133374862155224,0.4107624161196231,0.25190508112348137,
0,2880000,0,64,0.3195,0.2687908421005611,0.0,361.390625,maze-32-32-10-1-75-0-128-final.mbin,452.0,0.6484375,1048.0,45000,0.2866666666666667,46258.0,0.4834616184234619,0.5126780637105495,0.0,977.251953125,maze-64-64-10-1-75-0-1024-final.mbin,31449.0,0.0517578125,1048.0,45000,0.26,1000706.0,0.7011542320251465,0.48984369630881036,0.0,930.34375,maze-64-64-10-2-80-1-1024-final.mbin,28446.0,0.0859375,1048.0,45000,0.43666666666666665,952672.0,0.7057557106018066,0.25191652205454546,0.0,211.875,maze-32-32-10-2-80-10-128-final.mbin,181.0,0.8046875,1048.0,45000,0.35,27120.0,0.5329909324645996,0.3151022548758459,0.0,570.109375,maze-32-32-20-1-75-2-128-final.mbin,893.0,0.4140625,1048.0,45000,0.2,72974.0,0.4898052215576172,0.3817692369583816,0.0,609.2109375,maze-32-32-20-5-75-7-128-final.mbin,1019.0,0.421875,1048.0,45000,0.18333333333333332,77979.0,0.5169448852539062,0.15093392792769333,0.0,197.44921875,maze-64-64-10-1-75-0-256-final.mbin,693.0,0.84375,1048.0,45000,0.73,50547.0,0.6888952255249023,0.20055814154266158,0.0,320.75,maze-64-64-10-2-80-1-256-final.mbin,1483.0,0.703125,1048.0,45000,0.6233333333333333,82112.0,0.654658317565918,0.18494132948298733,0.0,205.84765625,maze-64-64-20-1-75-14-256-final.mbin,684.0,0.83984375,1048.0,45000,0.7266666666666667,52697.0,0.6506161689758301,0.28588710455298305,0.0,534.12109375,maze-64-64-20-3-80-6-256-final.mbin,2702.0,0.51171875,1048.0,45000,0.44666666666666666,136735.0,0.6656539440155029,0.3652805706914354,0.0,679.724609375,maze-64-64-10-1-75-0-512-final.mbin,8154.0,0.357421875,1048.0,45000,0.63,348019.0,0.6443057060241699,0.4259811243125485,0.0,812.802734375,maze-64-64-20-2-75-4-512-final.mbin,11476.0,0.224609375,1048.0,45000,0.4033333333333333,416155.0,0.7623751163482666,0.0,534.2397,7302.6667,0.4923,1048.0,0.2687908421005611,0.0,361.390625,452.0,0.6484375,1048.0,0.2866666666666667,46258.0,0.4834616184234619,0.25191652205454546,0.0,211.875,181.0,0.8046875,1048.0,0.35,27120.0,0.5329909324645996,0.3151022548758459,0.0,570.109375,893.0,0.4140625,1048.0,0.2,72974.0,0.4898052215576172,0.3817692369583816,0.0,609.2109375,1019.0,0.421875,1048.0,0.18333333333333332,77979.0,0.5169448852539062,0.5126780637105495,0.0,977.251953125,31449.0,0.0517578125,1048.0,0.26,1000706.0,0.7011542320251465,0.15093392792769333,0.0,197.44921875,693.0,0.84375,1048.0,0.73,50547.0,0.6888952255249023,0.3652805706914354,0.0,679.724609375,8154.0,0.357421875,1048.0,0.63,348019.0,0.6443057060241699,0.48984369630881036,0.0,930.34375,28446.0,0.0859375,1048.0,0.43666666666666665,952672.0,0.7057557106018066,0.20055814154266158,0.0,320.75,1483.0,0.703125,1048.0,0.6233333333333333,82112.0,0.654658317565918,0.18494132948298733,0.0,205.84765625,684.0,0.83984375,1048.0,0.7266666666666667,52697.0,0.6506161689758301,0.4259811243125485,0.0,812.802734375,11476.0,0.224609375,1048.0,0.4033333333333333,416155.0,0.7623751163482666,0.28588710455298305,0.0,534.12109375,2702.0,0.51171875,1048.0,0.44666666666666666,136735.0,0.6656539440155029,0.4397,271997.8333,0.6247,XS,100000,offline,31039621,45000,100000,XS_flc64_bps0_steps45000_offline,XS_flc64_bps0_steps100000_offline,0.0,45000,0.249143226057375,0.3689034006926859,0.4225676876112462,0.31523911377412567,
0,3200000,0,64,0.3231,0.25468319959398267,0.0,361.2265625,maze-32-32-10-1-75-0-128-final.mbin,408.0,0.6484375,1048.0,50000,0.2866666666666667,46237.0,0.47393155097961426,0.4645600257506253,0.0,1038.9853515625,maze-64-64-10-1-75-0-1024-final.mbin,39750.0,0.0078125,1048.0,50000,0.03333333333333333,1063921.0,0.7345554828643799,0.48999293121553494,0.0,1025.4208984375,maze-64-64-10-2-80-1-1024-final.mbin,37578.0,0.01953125,1048.0,50000,0.08,1050031.0,0.6773815155029297,0.3232878756965587,0.0,450.1171875,maze-32-32-10-2-80-10-128-final.mbin,678.0,0.578125,1048.0,50000,0.25,57615.0,0.4754323959350586,0.26921119377783925,0.0,350.5390625,maze-32-32-20-1-75-2-128-final.mbin,383.0,0.5703125,1048.0,50000,0.29333333333333333,44869.0,0.5634276866912842,0.39465501541364306,0.0,719.171875,maze-32-32-20-5-75-7-128-final.mbin,1282.0,0.296875,1048.0,50000,0.13666666666666666,92054.0,0.47145771980285645,0.15951061111071227,0.0,212.02734375,maze-64-64-10-1-75-0-256-final.mbin,871.0,0.8203125,1048.0,50000,0.7166666666666667,54279.0,0.6341688632965088,0.16557154223650616,0.0,231.703125,maze-64-64-10-2-80-1-256-final.mbin,890.0,0.8203125,1048.0,50000,0.7033333333333334,59316.0,0.6371111869812012,0.2167197162602515,0.0,350.6015625,maze-64-64-20-1-75-14-256-final.mbin,1636.0,0.66796875,1048.0,50000,0.5966666666666667,89754.0,0.7138450145721436,0.2986832930672516,0.0,568.65625,maze-64-64-20-3-80-6-256-final.mbin,3508.0,0.4765625,1048.0,50000,0.41,145576.0,0.6539559364318848,0.39368893877344596,0.0,754.29296875,maze-64-64-10-1-75-0-512-final.mbin,10670.0,0.2890625,1048.0,50000,0.5033333333333333,386198.0,0.7204427719116211,0.4464570349299364,0.0,873.185546875,maze-64-64-20-2-75-4-512-final.mbin,13367.0,0.169921875,1048.0,50000,0.2966666666666667,447071.0,0.6709496974945068,0.0,577.994,9251.75,0.4471,1048.0,0.25468319959398267,0.0,361.2265625,408.0,0.6484375,1048.0,0.2866666666666667,46237.0,0.47393155097961426,0.3232878756965587,0.0,450.1171875,678.0,0.578125,1048.0,0.25,57615.0,0.4754323959350586,0.26921119377783925,0.0,350.5390625,383.0,0.5703125,1048.0,0.29333333333333333,44869.0,0.5634276866912842,0.39465501541364306,0.0,719.171875,1282.0,0.296875,1048.0,0.13666666666666666,92054.0,0.47145771980285645,0.4645600257506253,0.0,1038.9853515625,39750.0,0.0078125,1048.0,0.03333333333333333,1063921.0,0.7345554828643799,0.15951061111071227,0.0,212.02734375,871.0,0.8203125,1048.0,0.7166666666666667,54279.0,0.6341688632965088,0.39368893877344596,0.0,754.29296875,10670.0,0.2890625,1048.0,0.5033333333333333,386198.0,0.7204427719116211,0.48999293121553494,0.0,1025.4208984375,37578.0,0.01953125,1048.0,0.08,1050031.0,0.6773815155029297,0.16557154223650616,0.0,231.703125,890.0,0.8203125,1048.0,0.7033333333333334,59316.0,0.6371111869812012,0.2167197162602515,0.0,350.6015625,1636.0,0.66796875,1048.0,0.5966666666666667,89754.0,0.7138450145721436,0.4464570349299364,0.0,873.185546875,13367.0,0.169921875,1048.0,0.2966666666666667,447071.0,0.6709496974945068,0.2986832930672516,0.0,568.65625,3508.0,0.4765625,1048.0,0.41,145576.0,0.6539559364318848,0.3589,294743.4167,0.6189,XS,100000,offline,31039621,50000,100000,XS_flc64_bps0_steps50000_offline,XS_flc64_bps0_steps100000_offline,0.0,50000,0.25391539123506707,0.372993094670131,0.433382566251621,0.3126036230886409,
0,3520000,0,64,0.346,0.2898420480361108,0.0,464.15625,maze-32-32-10-1-75-0-128-final.mbin,629.0,0.5390625,1048.0,55000,0.24333333333333335,59412.0,0.5037319660186768,0.6066646322343573,0.0,946.46484375,maze-64-64-10-1-75-0-1024-final.mbin,29464.0,0.08203125,1048.0,55000,0.35,969180.0,0.7072451114654541,0.5953756856587239,0.0,955.2568359375,maze-64-64-10-2-80-1-1024-final.mbin,29088.0,0.0771484375,1048.0,55000,0.31666666666666665,978183.0,0.7079901695251465,0.25755219278090596,0.0,259.140625,maze-32-32-10-2-80-10-128-final.mbin,294.0,0.75,1048.0,55000,0.33,33170.0,0.4699993133544922,0.3567648454430805,0.0,609.265625,maze-32-32-20-1-75-2-128-final.mbin,932.0,0.390625,1048.0,55000,0.18333333333333332,77986.0,0.5153818130493164,0.3940776849212954,0.0,647.0625,maze-32-32-20-5-75-7-128-final.mbin,1124.0,0.3828125,1048.0,55000,0.16666666666666666,82824.0,0.5138227939605713,0.15812286957228244,0.0,206.9765625,maze-64-64-10-1-75-0-256-final.mbin,827.0,0.828125,1048.0,55000,0.72,52986.0,0.6388881206512451,0.16805101579386905,0.0,190.70703125,maze-64-64-10-2-80-1-256-final.mbin,600.0,0.83984375,1048.0,55000,0.7366666666666667,48821.0,0.6174066066741943,0.1867139467221274,0.0,233.109375,maze-64-64-20-1-75-14-256-final.mbin,835.0,0.77734375,1048.0,55000,0.7,59676.0,0.6744174957275391,0.3346705084159351,0.0,598.375,maze-64-64-20-3-80-6-256-final.mbin,3894.0,0.44921875,1048.0,55000,0.38666666666666666,153184.0,0.6983482837677002,0.3400103836246007,0.0,492.2890625,maze-64-64-10-1-75-0-512-final.mbin,5134.0,0.53515625,1048.0,55000,0.9633333333333334,252052.0,0.7689216136932373,0.46441172196149133,0.0,816.546875,maze-64-64-20-2-75-4-512-final.mbin,12212.0,0.220703125,1048.0,55000,0.3933333333333333,418072.0,0.7476310729980469,0.0,534.9459,7086.0833,0.4893,1048.0,0.2898420480361108,0.0,464.15625,629.0,0.5390625,1048.0,0.24333333333333335,59412.0,0.5037319660186768,0.25755219278090596,0.0,259.140625,294.0,0.75,1048.0,0.33,33170.0,0.4699993133544922,0.3567648454430805,0.0,609.265625,932.0,0.390625,1048.0,0.18333333333333332,77986.0,0.5153818130493164,0.3940776849212954,0.0,647.0625,1124.0,0.3828125,1048.0,0.16666666666666666,82824.0,0.5138227939605713,0.6066646322343573,0.0,946.46484375,29464.0,0.08203125,1048.0,0.35,969180.0,0.7072451114654541,0.15812286957228244,0.0,206.9765625,827.0,0.828125,1048.0,0.72,52986.0,0.6388881206512451,0.3400103836246007,0.0,492.2890625,5134.0,0.53515625,1048.0,0.9633333333333334,252052.0,0.7689216136932373,0.5953756856587239,0.0,955.2568359375,29088.0,0.0771484375,1048.0,0.31666666666666665,978183.0,0.7079901695251465,0.16805101579386905,0.0,190.70703125,600.0,0.83984375,1048.0,0.7366666666666667,48821.0,0.6174066066741943,0.1867139467221274,0.0,233.109375,835.0,0.77734375,1048.0,0.7,59676.0,0.6744174957275391,0.46441172196149133,0.0,816.546875,12212.0,0.220703125,1048.0,0.3933333333333333,418072.0,0.7476310729980469,0.3346705084159351,0.0,598.375,3894.0,0.44921875,1048.0,0.38666666666666666,153184.0,0.6983482837677002,0.4575,265462.1667,0.6303,XS,100000,offline,31039621,55000,100000,XS_flc64_bps0_steps55000_offline,XS_flc64_bps0_steps100000_offline,0.0,55000,0.2778790426997498,0.30855154812671715,0.388472854289841,0.22863024196359322,
0,3840000,0,64,0.3155,0.2708602112278378,0.0,373.8828125,maze-32-32-10-1-75-0-128-final.mbin,509.0,0.640625,1048.0,60000,0.2833333333333333,47857.0,0.46668219566345215,0.5039260378037818,0.0,1015.4326171875,maze-64-64-10-1-75-0-1024-final.mbin,36059.0,0.0302734375,1048.0,60000,0.11333333333333333,1039803.0,0.636193037033081,0.4827220337542271,0.0,1006.7890625,maze-64-64-10-2-80-1-1024-final.mbin,34833.0,0.0380859375,1048.0,60000,0.14333333333333334,1030952.0,0.6386246681213379,0.2587450356872272,0.0,324.7109375,maze-32-32-10-2-80-10-128-final.mbin,309.0,0.6796875,1048.0,60000,0.30333333333333334,41563.0,0.47275590896606445,0.2946615978663715,0.0,349.5859375,maze-32-32-20-1-75-2-128-final.mbin,344.0,0.5859375,1048.0,60000,0.2966666666666667,44747.0,0.49543237686157227,0.4095149659466453,0.0,743.7578125,maze-32-32-20-5-75-7-128-final.mbin,1271.0,0.296875,1048.0,60000,0.12666666666666668,95201.0,0.47809839248657227,0.1550228198075864,0.0,212.33984375,maze-64-64-10-1-75-0-256-final.mbin,859.0,0.82421875,1048.0,60000,0.7166666666666667,54359.0,0.6499435901641846,0.17914895694157323,0.0,339.75,maze-64-64-10-2-80-1-256-final.mbin,1268.0,0.6796875,1048.0,60000,0.6066666666666667,86976.0,0.6175470352172852,0.21555789027737204,0.0,416.95703125,maze-64-64-20-1-75-14-256-final.mbin,2486.0,0.62890625,1048.0,60000,0.54,106741.0,0.5979452133178711,0.24631448824954078,0.0,420.81640625,maze-64-64-20-3-80-6-256-final.mbin,2275.0,0.6171875,1048.0,60000,0.5433333333333333,107729.0,0.5966300964355469,0.34243150466323424,0.0,566.17578125,maze-64-64-10-1-75-0-512-final.mbin,5400.0,0.48828125,1048.0,60000,0.85,289882.0,0.6088685989379883,0.42721319171443506,0.0,784.80078125,maze-64-64-20-2-75-4-512-final.mbin,11747.0,0.259765625,1048.0,60000,0.4533333333333333,401818.0,0.6057605743408203,0.0,546.2499,8113.3333,0.4808,1048.0,0.2708602112278378,0.0,373.8828125,509.0,0.640625,1048.0,0.2833333333333333,47857.0,0.46668219566345215,0.2587450356872272,0.0,324.7109375,309.0,0.6796875,1048.0,0.30333333333333334,41563.0,0.47275590896606445,0.2946615978663715,0.0,349.5859375,344.0,0.5859375,1048.0,0.2966666666666667,44747.0,0.49543237686157227,0.4095149659466453,0.0,743.7578125,1271.0,0.296875,1048.0,0.12666666666666668,95201.0,0.47809839248657227,0.5039260378037818,0.0,1015.4326171875,36059.0,0.0302734375,1048.0,0.11333333333333333,1039803.0,0.636193037033081,0.1550228198075864,0.0,212.33984375,859.0,0.82421875,1048.0,0.7166666666666667,54359.0,0.6499435901641846,0.34243150466323424,0.0,566.17578125,5400.0,0.48828125,1048.0,0.85,289882.0,0.6088685989379883,0.4827220337542271,0.0,1006.7890625,34833.0,0.0380859375,1048.0,0.14333333333333334,1030952.0,0.6386246681213379,0.17914895694157323,0.0,339.75,1268.0,0.6796875,1048.0,0.6066666666666667,86976.0,0.6175470352172852,0.21555789027737204,0.0,416.95703125,2486.0,0.62890625,1048.0,0.54,106741.0,0.5979452133178711,0.42721319171443506,0.0,784.80078125,11747.0,0.259765625,1048.0,0.4533333333333333,401818.0,0.6057605743408203,0.24631448824954078,0.0,420.81640625,2275.0,0.6171875,1048.0,0.5433333333333333,107729.0,0.5966300964355469,0.4147,278969.0,0.572,XS,100000,offline,31039621,60000,100000,XS_flc64_bps0_steps60000_offline,XS_flc64_bps0_steps100000_offline,0.0,60000,0.28434447832153376,0.32303617888516445,0.4089116554457597,0.23716070232456918,
0,4160000,0,64,0.3411,0.23596564653003677,0.0,267.71875,maze-32-32-10-1-75-0-128-final.mbin,369.0,0.7578125,1048.0,65000,0.32666666666666666,34268.0,0.4469015598297119,0.5442261288314959,0.0,1002.9052734375,maze-64-64-10-1-75-0-1024-final.mbin,33737.0,0.0400390625,1048.0,65000,0.15666666666666668,1026975.0,0.6562559604644775,0.5494686328169207,0.0,955.5966796875,maze-64-64-10-2-80-1-1024-final.mbin,30778.0,0.080078125,1048.0,65000,0.31666666666666665,978531.0,0.6563410758972168,0.29036012424676483,0.0,367.78125,maze-32-32-10-2-80-10-128-final.mbin,527.0,0.6640625,1048.0,65000,0.2833333333333333,47076.0,0.46373724937438965,0.3204181762030272,0.0,577.9375,maze-32-32-20-1-75-2-128-final.mbin,903.0,0.4296875,1048.0,65000,0.19666666666666666,73976.0,0.4642465114593506,0.40222174081995604,0.0,671.1484375,maze-32-32-20-5-75-7-128-final.mbin,1109.0,0.3671875,1048.0,65000,0.15666666666666668,85907.0,0.46689629554748535,0.16635244364731736,0.0,184.48828125,maze-64-64-10-1-75-0-256-final.mbin,692.0,0.86328125,1048.0,65000,0.74,47229.0,0.6051280498504639,0.21711330316795738,0.0,386.3125,maze-64-64-10-2-80-1-256-final.mbin,1970.0,0.640625,1048.0,65000,0.5633333333333334,98896.0,0.6017551422119141,0.21979381275102086,0.0,326.23828125,maze-64-64-20-1-75-14-256-final.mbin,1390.0,0.69921875,1048.0,65000,0.62,83517.0,0.6066217422485352,0.3042767281617706,0.0,525.85546875,maze-64-64-20-3-80-6-256-final.mbin,3241.0,0.515625,1048.0,65000,0.44666666666666666,134619.0,0.6166412830352783,0.3769258911061391,0.0,530.12109375,maze-64-64-10-1-75-0-512-final.mbin,5993.0,0.5078125,1048.0,65000,0.8966666666666666,271422.0,0.6264626979827881,0.46551194980876215,0.0,798.01953125,maze-64-64-20-2-75-4-512-final.mbin,11917.0,0.2421875,1048.0,65000,0.4266666666666667,408586.0,0.6263530254364014,0.0,549.5103,7718.8333,0.484,1048.0,0.23596564653003677,0.0,267.71875,369.0,0.7578125,1048.0,0.32666666666666666,34268.0,0.4469015598297119,0.29036012424676483,0.0,367.78125,527.0,0.6640625,1048.0,0.2833333333333333,47076.0,0.46373724937438965,0.3204181762030272,0.0,577.9375,903.0,0.4296875,1048.0,0.19666666666666666,73976.0,0.4642465114593506,0.40222174081995604,0.0,671.1484375,1109.0,0.3671875,1048.0,0.15666666666666668,85907.0,0.46689629554748535,0.5442261288314959,0.0,1002.9052734375,33737.0,0.0400390625,1048.0,0.15666666666666668,1026975.0,0.6562559604644775,0.16635244364731736,0.0,184.48828125,692.0,0.86328125,1048.0,0.74,47229.0,0.6051280498504639,0.3769258911061391,0.0,530.12109375,5993.0,0.5078125,1048.0,0.8966666666666666,271422.0,0.6264626979827881,0.5494686328169207,0.0,955.5966796875,30778.0,0.080078125,1048.0,0.31666666666666665,978531.0,0.6563410758972168,0.21711330316795738,0.0,386.3125,1970.0,0.640625,1048.0,0.5633333333333334,98896.0,0.6017551422119141,0.21979381275102086,0.0,326.23828125,1390.0,0.69921875,1048.0,0.62,83517.0,0.6066217422485352,0.46551194980876215,0.0,798.01953125,11917.0,0.2421875,1048.0,0.4266666666666667,408586.0,0.6263530254364014,0.3042767281617706,0.0,525.85546875,3241.0,0.515625,1048.0,0.44666666666666666,134619.0,0.6166412830352783,0.4275,274250.1667,0.5698,XS,100000,offline,31039621,65000,100000,XS_flc64_bps0_steps65000_offline,XS_flc64_bps0_steps100000_offline,0.0,65000,0.2555109173021178,0.3291605946611437,0.4019492335854884,0.25637195573679905,
0,4480000,0,64,0.3561,0.3034043992624396,0.0,457.28125,maze-32-32-10-1-75-0-128-final.mbin,599.0,0.546875,1048.0,70000,0.24666666666666667,58532.0,0.4354531764984131,0.57105027607638,0.0,988.3203125,maze-64-64-10-1-75-0-1024-final.mbin,32060.0,0.0537109375,1048.0,70000,0.20333333333333334,1012040.0,0.6566674709320068,0.5599939725969754,0.0,892.013671875,maze-64-64-10-2-80-1-1024-final.mbin,27594.0,0.126953125,1048.0,70000,0.54,913422.0,0.6575765609741211,0.3511251714265256,0.0,521.890625,maze-32-32-10-2-80-10-128-final.mbin,753.0,0.5,1048.0,70000,0.22,66802.0,0.4444403648376465,0.3415780982927714,0.0,569.2421875,maze-32-32-20-1-75-2-128-final.mbin,791.0,0.4140625,1048.0,70000,0.2,72863.0,0.4577507972717285,0.4156194628710125,0.0,663.1640625,maze-32-32-20-5-75-7-128-final.mbin,1160.0,0.359375,1048.0,70000,0.16,84885.0,0.46355628967285156,0.18504281863500252,0.0,283.1328125,maze-64-64-10-1-75-0-256-final.mbin,1446.0,0.74609375,1048.0,70000,0.6533333333333333,72482.0,0.6062939167022705,0.21094527581270645,0.0,353.5390625,maze-64-64-10-2-80-1-256-final.mbin,1639.0,0.640625,1048.0,70000,0.5933333333333334,90506.0,0.6038634777069092,0.19860548765040636,0.0,273.92578125,maze-64-64-20-1-75-14-256-final.mbin,1487.0,0.74609375,1048.0,70000,0.6666666666666666,70125.0,0.6074180603027344,0.3303629925588506,0.0,645.11328125,maze-64-64-20-3-80-6-256-final.mbin,4037.0,0.38671875,1048.0,70000,0.3433333333333333,165149.0,0.607835054397583,0.34416840679859484,0.0,599.90625,maze-64-64-10-1-75-0-512-final.mbin,6822.0,0.4296875,1048.0,70000,0.7666666666666667,307152.0,0.6231200695037842,0.4616092370374343,0.0,795.255859375,maze-64-64-20-2-75-4-512-final.mbin,11178.0,0.24609375,1048.0,70000,0.43,407171.0,0.6266701221466064,0.0,586.8988,7463.8333,0.433,1048.0,0.3034043992624396,0.0,457.28125,599.0,0.546875,1048.0,0.24666666666666667,58532.0,0.4354531764984131,0.3511251714265256,0.0,521.890625,753.0,0.5,1048.0,0.22,66802.0,0.4444403648376465,0.3415780982927714,0.0,569.2421875,791.0,0.4140625,1048.0,0.2,72863.0,0.4577507972717285,0.4156194628710125,0.0,663.1640625,1160.0,0.359375,1048.0,0.16,84885.0,0.46355628967285156,0.57105027607638,0.0,988.3203125,32060.0,0.0537109375,1048.0,0.20333333333333334,1012040.0,0.6566674709320068,0.18504281863500252,0.0,283.1328125,1446.0,0.74609375,1048.0,0.6533333333333333,72482.0,0.6062939167022705,0.34416840679859484,0.0,599.90625,6822.0,0.4296875,1048.0,0.7666666666666667,307152.0,0.6231200695037842,0.5599939725969754,0.0,892.013671875,27594.0,0.126953125,1048.0,0.54,913422.0,0.6575765609741211,0.21094527581270645,0.0,353.5390625,1639.0,0.640625,1048.0,0.5933333333333334,90506.0,0.6038634777069092,0.19860548765040636,0.0,273.92578125,1487.0,0.74609375,1048.0,0.6666666666666666,70125.0,0.6074180603027344,0.4616092370374343,0.0,795.255859375,11178.0,0.24609375,1048.0,0.43,407171.0,0.6266701221466064,0.3303629925588506,0.0,645.11328125,4037.0,0.38671875,1048.0,0.3433333333333333,165149.0,0.607835054397583,0.4186,276760.75,0.5659,XS,100000,offline,31039621,70000,100000,XS_flc64_bps0_steps70000_offline,XS_flc64_bps0_steps100000_offline,0.0,70000,0.26358808151727964,0.2994822231302655,0.38461139845271536,0.21435304780781567,
0,4800000,0,64,0.325,0.29221692925554643,0.0,432.09375,maze-32-32-10-1-75-0-128-final.mbin,689.0,0.546875,1048.0,75000,0.25666666666666665,55308.0,0.445817232131958,0.5842505692699488,0.0,915.3642578125,maze-64-64-10-1-75-0-1024-final.mbin,27488.0,0.1181640625,1048.0,75000,0.45666666666666667,937333.0,0.653339147567749,0.5624271504904509,0.0,896.0732421875,maze-64-64-10-2-80-1-1024-final.mbin,26452.0,0.13671875,1048.0,75000,0.52,917579.0,0.6510927677154541,0.25164217233730457,0.0,297.96875,maze-32-32-10-2-80-10-128-final.mbin,432.0,0.7265625,1048.0,75000,0.31333333333333335,38140.0,0.4636540412902832,0.3210782473051207,0.0,474.8984375,maze-32-32-20-1-75-2-128-final.mbin,641.0,0.4921875,1048.0,75000,0.24,60787.0,0.46364593505859375,0.31586308788942186,0.0,545.25,maze-32-32-20-5-75-7-128-final.mbin,888.0,0.484375,1048.0,75000,0.21,69792.0,0.46343302726745605,0.14307180360309613,0.0,123.9296875,maze-64-64-10-1-75-0-256-final.mbin,351.0,0.92578125,1048.0,75000,0.7933333333333333,31726.0,0.6030738353729248,0.16484497948404558,0.0,240.54296875,maze-64-64-10-2-80-1-256-final.mbin,1065.0,0.7890625,1048.0,75000,0.6933333333333334,61579.0,0.6042394638061523,0.19646291999840285,0.0,293.46484375,maze-64-64-20-1-75-14-256-final.mbin,1301.0,0.7109375,1048.0,75000,0.6466666666666666,75127.0,0.6069540977478027,0.285014298589248,0.0,499.63671875,maze-64-64-20-3-80-6-256-final.mbin,3037.0,0.5390625,1048.0,75000,0.47,127907.0,0.6015739440917969,0.34361791835146743,0.0,543.236328125,maze-64-64-10-1-75-0-512-final.mbin,5783.0,0.48046875,1048.0,75000,0.8666666666666667,278137.0,0.6306486129760742,0.4400917549520712,0.0,748.177734375,maze-64-64-20-2-75-4-512-final.mbin,10355.0,0.287109375,1048.0,75000,0.51,383067.0,0.623774528503418,0.0,500.8864,6540.1667,0.5198,1048.0,0.29221692925554643,0.0,432.09375,689.0,0.546875,1048.0,0.25666666666666665,55308.0,0.445817232131958,0.25164217233730457,0.0,297.96875,432.0,0.7265625,1048.0,0.31333333333333335,38140.0,0.4636540412902832,0.3210782473051207,0.0,474.8984375,641.0,0.4921875,1048.0,0.24,60787.0,0.46364593505859375,0.31586308788942186,0.0,545.25,888.0,0.484375,1048.0,0.21,69792.0,0.46343302726745605,0.5842505692699488,0.0,915.3642578125,27488.0,0.1181640625,1048.0,0.45666666666666667,937333.0,0.653339147567749,0.14307180360309613,0.0,123.9296875,351.0,0.92578125,1048.0,0.7933333333333333,31726.0,0.6030738353729248,0.34361791835146743,0.0,543.236328125,5783.0,0.48046875,1048.0,0.8666666666666667,278137.0,0.6306486129760742,0.5624271504904509,0.0,896.0732421875,26452.0,0.13671875,1048.0,0.52,917579.0,0.6510927677154541,0.16484497948404558,0.0,240.54296875,1065.0,0.7890625,1048.0,0.6933333333333334,61579.0,0.6042394638061523,0.19646291999840285,0.0,293.46484375,1301.0,0.7109375,1048.0,0.6466666666666666,75127.0,0.6069540977478027,0.4400917549520712,0.0,748.177734375,10355.0,0.287109375,1048.0,0.51,383067.0,0.623774528503418,0.285014298589248,0.0,499.63671875,3037.0,0.5390625,1048.0,0.47,127907.0,0.6015739440917969,0.4981,253040.1667,0.5676,XS,100000,offline,31039621,75000,100000,XS_flc64_bps0_steps75000_offline,XS_flc64_bps0_steps100000_offline,0.0,75000,0.24018261506703525,0.29373574993008716,0.3795888031978801,0.20788269666229423,
0,5120000,0,64,0.3463,0.2973119973499593,0.0,441.2109375,maze-32-32-10-1-75-0-128-final.mbin,502.0,0.5390625,1048.0,80000,0.25333333333333335,56475.0,0.44300222396850586,0.6108385789147109,0.0,947.9072265625,maze-64-64-10-1-75-0-1024-final.mbin,28848.0,0.0908203125,1048.0,80000,0.3433333333333333,970657.0,0.6523582935333252,0.6056962449558071,0.0,899.869140625,maze-64-64-10-2-80-1-1024-final.mbin,25749.0,0.134765625,1048.0,80000,0.5066666666666667,921466.0,0.6538705825805664,0.30165610440562945,0.0,460.8046875,maze-32-32-10-2-80-10-128-final.mbin,591.0,0.5546875,1048.0,80000,0.24666666666666667,58983.0,0.4645826816558838,0.37307842594641066,0.0,640.8828125,maze-32-32-20-1-75-2-128-final.mbin,955.0,0.359375,1048.0,80000,0.17,82033.0,0.4653587341308594,0.35220480129200754,0.0,592.7734375,maze-32-32-20-5-75-7-128-final.mbin,1078.0,0.4453125,1048.0,80000,0.19,75875.0,0.4640061855316162,0.14737546967582757,0.0,177.1328125,maze-64-64-10-1-75-0-256-final.mbin,462.0,0.86328125,1048.0,80000,0.7466666666666667,45346.0,0.6041507720947266,0.1811327956007095,0.0,293.60546875,maze-64-64-10-2-80-1-256-final.mbin,1311.0,0.7421875,1048.0,80000,0.6466666666666666,75163.0,0.6047563552856445,0.2035354785050853,0.0,314.2265625,maze-64-64-20-1-75-14-256-final.mbin,1475.0,0.72265625,1048.0,80000,0.63,80442.0,0.6050980091094971,0.2691947122043458,0.0,472.1328125,maze-64-64-20-3-80-6-256-final.mbin,2457.0,0.578125,1048.0,80000,0.5,120866.0,0.6084845066070557,0.33392122409032887,0.0,507.185546875,maze-64-64-10-1-75-0-512-final.mbin,5375.0,0.51171875,1048.0,80000,0.9366666666666666,259679.0,0.6263687610626221,0.47954796853941406,0.0,816.9921875,maze-64-64-20-2-75-4-512-final.mbin,12164.0,0.208984375,1048.0,80000,0.39,418300.0,0.6263246536254883,0.0,547.0603,6747.25,0.4792,1048.0,0.2973119973499593,0.0,441.2109375,502.0,0.5390625,1048.0,0.25333333333333335,56475.0,0.44300222396850586,0.30165610440562945,0.0,460.8046875,591.0,0.5546875,1048.0,0.24666666666666667,58983.0,0.4645826816558838,0.37307842594641066,0.0,640.8828125,955.0,0.359375,1048.0,0.17,82033.0,0.4653587341308594,0.35220480129200754,0.0,592.7734375,1078.0,0.4453125,1048.0,0.19,75875.0,0.4640061855316162,0.6108385789147109,0.0,947.9072265625,28848.0,0.0908203125,1048.0,0.3433333333333333,970657.0,0.6523582935333252,0.14737546967582757,0.0,177.1328125,462.0,0.86328125,1048.0,0.7466666666666667,45346.0,0.6041507720947266,0.33392122409032887,0.0,507.185546875,5375.0,0.51171875,1048.0,0.9366666666666666,259679.0,0.6263687610626221,0.6056962449558071,0.0,899.869140625,25749.0,0.134765625,1048.0,0.5066666666666667,921466.0,0.6538705825805664,0.1811327956007095,0.0,293.60546875,1311.0,0.7421875,1048.0,0.6466666666666666,75163.0,0.6047563552856445,0.2035354785050853,0.0,314.2265625,1475.0,0.72265625,1048.0,0.63,80442.0,0.6050980091094971,0.47954796853941406,0.0,816.9921875,12164.0,0.208984375,1048.0,0.39,418300.0,0.6263246536254883,0.2691947122043458,0.0,472.1328125,2457.0,0.578125,1048.0,0.5,120866.0,0.6084845066070557,0.4633,263773.75,0.5682,XS,100000,offline,31039621,80000,100000,XS_flc64_bps0_steps80000_offline,XS_flc64_bps0_steps100000_offline,0.0,80000,0.24264447764318625,0.2861577229562991,0.3753839365304383,0.1969315093821599,
0,5440000,0,64,0.3331,0.2439393088431006,0.0,281.9375,maze-32-32-10-1-75-0-128-final.mbin,277.0,0.7109375,1048.0,85000,0.3233333333333333,36088.0,0.44440460205078125,0.6106928136310029,0.0,945.6865234375,maze-64-64-10-1-75-0-1024-final.mbin,28471.0,0.091796875,1048.0,85000,0.35,968383.0,0.6568427085876465,0.5925729097182287,0.0,894.908203125,maze-64-64-10-2-80-1-1024-final.mbin,25504.0,0.1337890625,1048.0,85000,0.5233333333333333,916386.0,0.662778377532959,0.28503296026505054,0.0,463.96875,maze-32-32-10-2-80-10-128-final.mbin,583.0,0.5625,1048.0,85000,0.24333333333333335,59388.0,0.46242809295654297,0.32251723860499076,0.0,484.3203125,maze-32-32-20-1-75-2-128-final.mbin,635.0,0.5078125,1048.0,85000,0.23666666666666666,61993.0,0.46326231956481934,0.38068615270010453,0.0,671.1796875,maze-32-32-20-5-75-7-128-final.mbin,1137.0,0.3671875,1048.0,85000,0.15666666666666668,85911.0,0.4663727283477783,0.1671581229023154,0.0,274.22265625,maze-64-64-10-1-75-0-256-final.mbin,1136.0,0.76171875,1048.0,85000,0.66,70201.0,0.6065621376037598,0.1474464181585588,0.0,160.15625,maze-64-64-10-2-80-1-256-final.mbin,321.0,0.87109375,1048.0,85000,0.7633333333333333,41000.0,0.6057343482971191,0.1806515175276213,0.0,232.890625,maze-64-64-20-1-75-14-256-final.mbin,1062.0,0.80078125,1048.0,85000,0.7,59620.0,0.6067569255828857,0.3199300929399373,0.0,577.0546875,maze-64-64-20-3-80-6-256-final.mbin,3373.0,0.46484375,1048.0,85000,0.4066666666666667,147726.0,0.6110255718231201,0.30397003634782865,0.0,379.96875,maze-64-64-10-1-75-0-512-final.mbin,3091.0,0.662109375,1048.0,85000,1.1733333333333333,194544.0,0.6242921352386475,0.4420580815130889,0.0,751.859375,maze-64-64-20-2-75-4-512-final.mbin,11095.0,0.287109375,1048.0,85000,0.5033333333333333,384952.0,0.635828971862793,0.0,509.8461,6390.4167,0.5185,1048.0,0.2439393088431006,0.0,281.9375,277.0,0.7109375,1048.0,0.3233333333333333,36088.0,0.44440460205078125,0.28503296026505054,0.0,463.96875,583.0,0.5625,1048.0,0.24333333333333335,59388.0,0.46242809295654297,0.32251723860499076,0.0,484.3203125,635.0,0.5078125,1048.0,0.23666666666666666,61993.0,0.46326231956481934,0.38068615270010453,0.0,671.1796875,1137.0,0.3671875,1048.0,0.15666666666666668,85911.0,0.4663727283477783,0.6106928136310029,0.0,945.6865234375,28471.0,0.091796875,1048.0,0.35,968383.0,0.6568427085876465,0.1671581229023154,0.0,274.22265625,1136.0,0.76171875,1048.0,0.66,70201.0,0.6065621376037598,0.30397003634782865,0.0,379.96875,3091.0,0.662109375,1048.0,1.1733333333333333,194544.0,0.6242921352386475,0.5925729097182287,0.0,894.908203125,25504.0,0.1337890625,1048.0,0.5233333333333333,916386.0,0.662778377532959,0.1474464181585588,0.0,160.15625,321.0,0.87109375,1048.0,0.7633333333333333,41000.0,0.6057343482971191,0.1806515175276213,0.0,232.890625,1062.0,0.80078125,1048.0,0.7,59620.0,0.6067569255828857,0.4420580815130889,0.0,751.859375,11095.0,0.287109375,1048.0,0.5033333333333333,384952.0,0.635828971862793,0.3199300929399373,0.0,577.0546875,3373.0,0.46484375,1048.0,0.4066666666666667,147726.0,0.6110255718231201,0.5033,252182.6667,0.5705,XS,100000,offline,31039621,85000,100000,XS_flc64_bps0_steps85000_offline,XS_flc64_bps0_steps100000_offline,0.0,85000,0.2406914379706062,0.2913337888816903,0.3812856877114767,0.20138189005190393,
0,5760000,0,64,0.349,0.32286450525106064,0.0,615.4375,maze-32-32-10-1-75-0-128-final.mbin,843.0,0.3984375,1048.0,90000,0.18,78776.0,0.4515383243560791,0.6162733540028741,0.0,948.9716796875,maze-64-64-10-1-75-0-1024-final.mbin,29264.0,0.087890625,1048.0,90000,0.33666666666666667,971747.0,0.664452314376831,0.6095070218716079,0.0,889.501953125,maze-64-64-10-2-80-1-1024-final.mbin,26374.0,0.1435546875,1048.0,90000,0.54,910850.0,0.6688494682312012,0.29367372752318843,0.0,411.21875,maze-32-32-10-2-80-10-128-final.mbin,511.0,0.609375,1048.0,90000,0.26666666666666666,52636.0,0.47043704986572266,0.32411408854210016,0.0,564.140625,maze-32-32-20-1-75-2-128-final.mbin,722.0,0.421875,1048.0,90000,0.20333333333333334,72210.0,0.4686279296875,0.34843773695983515,0.0,563.484375,maze-32-32-20-5-75-7-128-final.mbin,970.0,0.4765625,1048.0,90000,0.20333333333333334,72126.0,0.46941637992858887,0.19523945646970384,0.0,335.03125,maze-64-64-10-1-75-0-256-final.mbin,1702.0,0.69921875,1048.0,90000,0.61,85768.0,0.614307165145874,0.18094959580754869,0.0,294.26953125,maze-64-64-10-2-80-1-256-final.mbin,1347.0,0.7265625,1048.0,90000,0.6466666666666666,75333.0,0.615180253982544,0.18241408545308446,0.0,259.83984375,maze-64-64-20-1-75-14-256-final.mbin,860.0,0.74609375,1048.0,90000,0.6833333333333333,66519.0,0.6121466159820557,0.26485239192840954,0.0,457.921875,maze-64-64-20-3-80-6-256-final.mbin,2542.0,0.58984375,1048.0,90000,0.5133333333333333,117228.0,0.6151809692382812,0.38750777507484924,0.0,602.28515625,maze-64-64-10-1-75-0-512-final.mbin,7147.0,0.421875,1048.0,90000,0.7633333333333333,308370.0,0.6388475894927979,0.46242232073480977,0.0,814.37890625,maze-64-64-20-2-75-4-512-final.mbin,11846.0,0.224609375,1048.0,90000,0.39666666666666667,416962.0,0.6378567218780518,0.0,563.0401,7010.6667,0.4622,1048.0,0.32286450525106064,0.0,615.4375,843.0,0.3984375,1048.0,0.18,78776.0,0.4515383243560791,0.29367372752318843,0.0,411.21875,511.0,0.609375,1048.0,0.26666666666666666,52636.0,0.47043704986572266,0.32411408854210016,0.0,564.140625,722.0,0.421875,1048.0,0.20333333333333334,72210.0,0.4686279296875,0.34843773695983515,0.0,563.484375,970.0,0.4765625,1048.0,0.20333333333333334,72126.0,0.46941637992858887,0.6162733540028741,0.0,948.9716796875,29264.0,0.087890625,1048.0,0.33666666666666667,971747.0,0.664452314376831,0.19523945646970384,0.0,335.03125,1702.0,0.69921875,1048.0,0.61,85768.0,0.614307165145874,0.38750777507484924,0.0,602.28515625,7147.0,0.421875,1048.0,0.7633333333333333,308370.0,0.6388475894927979,0.6095070218716079,0.0,889.501953125,26374.0,0.1435546875,1048.0,0.54,910850.0,0.6688494682312012,0.18094959580754869,0.0,294.26953125,1347.0,0.7265625,1048.0,0.6466666666666666,75333.0,0.615180253982544,0.18241408545308446,0.0,259.83984375,860.0,0.74609375,1048.0,0.6833333333333333,66519.0,0.6121466159820557,0.46242232073480977,0.0,814.37890625,11846.0,0.224609375,1048.0,0.39666666666666667,416962.0,0.6378567218780518,0.26485239192840954,0.0,457.921875,2542.0,0.58984375,1048.0,0.5133333333333333,117228.0,0.6151809692382812,0.4453,269043.75,0.5772,XS,100000,offline,31039621,90000,100000,XS_flc64_bps0_steps90000_offline,XS_flc64_bps0_steps100000_offline,0.0,90000,0.23135076779971775,0.28475315909024873,0.371630325077385,0.19787599310311246,
0,6080000,0,64,0.3206,0.3017612203038015,0.0,449.6484375,maze-32-32-10-1-75-0-128-final.mbin,591.0,0.5546875,1048.0,95000,0.25,57555.0,0.45130038261413574,0.5287849905913756,0.0,974.435546875,maze-64-64-10-1-75-0-1024-final.mbin,31225.0,0.0673828125,1048.0,95000,0.26,997822.0,0.6652812957763672,0.5153841561858487,0.0,956.4765625,maze-64-64-10-2-80-1-1024-final.mbin,30064.0,0.0859375,1048.0,95000,0.3233333333333333,979432.0,0.6606273651123047,0.2499896833731563,0.0,282.0546875,maze-32-32-10-2-80-10-128-final.mbin,425.0,0.7421875,1048.0,95000,0.32,36103.0,0.46868276596069336,0.2922891679164716,0.0,392.734375,maze-32-32-20-1-75-2-128-final.mbin,385.0,0.5703125,1048.0,95000,0.27666666666666667,50270.0,0.47071003913879395,0.34126277754786744,0.0,528.34375,maze-32-32-20-5-75-7-128-final.mbin,916.0,0.484375,1048.0,95000,0.21666666666666667,67628.0,0.46901631355285645,0.14761766272417895,0.0,207.5234375,maze-64-64-10-1-75-0-256-final.mbin,959.0,0.828125,1048.0,95000,0.72,53126.0,0.6114811897277832,0.15542530413513242,0.0,203.50390625,maze-64-64-10-2-80-1-256-final.mbin,826.0,0.83203125,1048.0,95000,0.7233333333333334,52097.0,0.611536979675293,0.20897513683773442,0.0,290.78515625,maze-64-64-20-1-75-14-256-final.mbin,1408.0,0.74609375,1048.0,95000,0.6566666666666666,74441.0,0.6130578517913818,0.3090195486446729,0.0,570.546875,maze-64-64-20-3-80-6-256-final.mbin,3705.0,0.4765625,1048.0,95000,0.41,146060.0,0.6173243522644043,0.3452875964557953,0.0,590.15234375,maze-64-64-10-1-75-0-512-final.mbin,6541.0,0.451171875,1048.0,95000,0.7866666666666666,302158.0,0.6306822299957275,0.4509443094871238,0.0,846.060546875,maze-64-64-20-2-75-4-512-final.mbin,12184.0,0.19140625,1048.0,95000,0.3433333333333333,433183.0,0.6344022750854492,0.0,524.3555,7435.75,0.5025,1048.0,0.3017612203038015,0.0,449.6484375,591.0,0.5546875,1048.0,0.25,57555.0,0.45130038261413574,0.2499896833731563,0.0,282.0546875,425.0,0.7421875,1048.0,0.32,36103.0,0.46868276596069336,0.2922891679164716,0.0,392.734375,385.0,0.5703125,1048.0,0.27666666666666667,50270.0,0.47071003913879395,0.34126277754786744,0.0,528.34375,916.0,0.484375,1048.0,0.21666666666666667,67628.0,0.46901631355285645,0.5287849905913756,0.0,974.435546875,31225.0,0.0673828125,1048.0,0.26,997822.0,0.6652812957763672,0.14761766272417895,0.0,207.5234375,959.0,0.828125,1048.0,0.72,53126.0,0.6114811897277832,0.3452875964557953,0.0,590.15234375,6541.0,0.451171875,1048.0,0.7866666666666666,302158.0,0.6306822299957275,0.5153841561858487,0.0,956.4765625,30064.0,0.0859375,1048.0,0.3233333333333333,979432.0,0.6606273651123047,0.15542530413513242,0.0,203.50390625,826.0,0.83203125,1048.0,0.7233333333333334,52097.0,0.611536979675293,0.20897513683773442,0.0,290.78515625,1408.0,0.74609375,1048.0,0.6566666666666666,74441.0,0.6130578517913818,0.4509443094871238,0.0,846.060546875,12184.0,0.19140625,1048.0,0.3433333333333333,433183.0,0.6344022750854492,0.3090195486446729,0.0,570.546875,3705.0,0.4765625,1048.0,0.41,146060.0,0.6173243522644043,0.4406,270822.9167,0.5753,XS,100000,offline,31039621,95000,100000,XS_flc64_bps0_steps95000_offline,XS_flc64_bps0_steps100000_offline,0.0,95000,0.20936171743081342,0.3562273327325147,0.42284438665701735,0.2896102788080121,
0,6400000,0,64,0.3486,0.28065890133142213,0.0,370.078125,maze-32-32-10-1-75-0-128-final.mbin,461.0,0.6171875,1048.0,100000,0.2833333333333333,47370.0,0.4461965560913086,0.6120130542908008,0.0,940.7177734375,maze-64-64-10-1-75-0-1024-final.mbin,28599.0,0.09765625,1048.0,100000,0.36666666666666664,963295.0,0.6519453525543213,0.5992087467716886,0.0,939.1884765625,maze-64-64-10-2-80-1-1024-final.mbin,28474.0,0.1005859375,1048.0,100000,0.37,961729.0,0.6468913555145264,0.28844387348801553,0.0,353.7421875,maze-32-32-10-2-80-10-128-final.mbin,421.0,0.640625,1048.0,100000,0.29,45279.0,0.46569395065307617,0.3274601445498908,0.0,586.3515625,maze-32-32-20-1-75-2-128-final.mbin,838.0,0.4140625,1048.0,100000,0.19333333333333333,75053.0,0.46601080894470215,0.36904260965518615,0.0,607.9765625,maze-32-32-20-5-75-7-128-final.mbin,1110.0,0.3984375,1048.0,100000,0.18333333333333332,77821.0,0.4673192501068115,0.17590581494708432,0.0,236.33984375,maze-64-64-10-1-75-0-256-final.mbin,1263.0,0.7890625,1048.0,100000,0.6933333333333334,60503.0,0.6087677478790283,0.18659081866284796,0.0,286.66015625,maze-64-64-10-2-80-1-256-final.mbin,1388.0,0.73828125,1048.0,100000,0.65,73385.0,0.6071188449859619,0.2090464663939638,0.0,320.75390625,maze-64-64-20-1-75-14-256-final.mbin,1725.0,0.68359375,1048.0,100000,0.62,82113.0,0.6065583229064941,0.286487219403883,0.0,567.66796875,maze-64-64-20-3-80-6-256-final.mbin,3646.0,0.453125,1048.0,100000,0.41,145323.0,0.6063055992126465,0.37042002866093504,0.0,566.80859375,maze-64-64-10-1-75-0-512-final.mbin,6603.0,0.462890625,1048.0,100000,0.8233333333333334,290206.0,0.6249375343322754,0.4774215181375875,0.0,798.951171875,maze-64-64-20-2-75-4-512-final.mbin,11458.0,0.228515625,1048.0,100000,0.42333333333333334,409063.0,0.622687578201294,0.0,547.9364,7165.5,0.4687,1048.0,0.28065890133142213,0.0,370.078125,461.0,0.6171875,1048.0,0.2833333333333333,47370.0,0.4461965560913086,0.28844387348801553,0.0,353.7421875,421.0,0.640625,1048.0,0.29,45279.0,0.46569395065307617,0.3274601445498908,0.0,586.3515625,838.0,0.4140625,1048.0,0.19333333333333333,75053.0,0.46601080894470215,0.36904260965518615,0.0,607.9765625,1110.0,0.3984375,1048.0,0.18333333333333332,77821.0,0.4673192501068115,0.6120130542908008,0.0,940.7177734375,28599.0,0.09765625,1048.0,0.36666666666666664,963295.0,0.6519453525543213,0.17590581494708432,0.0,236.33984375,1263.0,0.7890625,1048.0,0.6933333333333334,60503.0,0.6087677478790283,0.37042002866093504,0.0,566.80859375,6603.0,0.462890625,1048.0,0.8233333333333334,290206.0,0.6249375343322754,0.5992087467716886,0.0,939.1884765625,28474.0,0.1005859375,1048.0,0.37,961729.0,0.6468913555145264,0.18659081866284796,0.0,286.66015625,1388.0,0.73828125,1048.0,0.65,73385.0,0.6071188449859619,0.2090464663939638,0.0,320.75390625,1725.0,0.68359375,1048.0,0.62,82113.0,0.6065583229064941,0.4774215181375875,0.0,798.951171875,11458.0,0.228515625,1048.0,0.42333333333333334,409063.0,0.622687578201294,0.286487219403883,0.0,567.66796875,3646.0,0.453125,1048.0,0.41,145323.0,0.6063055992126465,0.4422,269261.6667,0.5684,XS,100000,offline,31039621,100000,100000,XS_flc64_bps0_steps100000_offline,XS_flc64_bps0_steps100000_offline,0.0,100000,0.25857429993250247,0.2870684380976743,0.37781008818625866,0.19632678800908995,0.0
1,320000,0,64,0.3314,0.36338500526128553,0.0,927.7890625,maze-32-32-10-1-75-0-128-final.mbin,1600.0,0.109375,1048.0,5000,0.05,118757.0,0.6846814155578613,0.4712927026012042,0.0,1047.986328125,maze-64-64-10-1-75-0-1024-final.mbin,43234.0,0.0,1048.0,5000,0.0033333333333333335,1073138.0,0.8414175510406494,0.522032114624817,0.0,1049.0,maze-64-64-10-2-80-1-1024-final.mbin,42689.0,0.0,1048.0,5000,0.0,1074176.0,0.838829517364502,0.3235625169147626,0.0,809.3046875,maze-32-32-10-2-80-10-128-final.mbin,1243.0,0.234375,1048.0,5000,0.1,103591.0,0.6363906860351562,0.34900165173600206,0.0,943.9453125,maze-32-32-20-1-75-2-128-final.mbin,1932.0,0.1015625,1048.0,5000,0.043333333333333335,120825.0,0.6362526416778564,0.36915396437379644,0.0,944.0078125,maze-32-32-20-5-75-7-128-final.mbin,1807.0,0.1015625,1048.0,5000,0.043333333333333335,120833.0,0.6396174430847168,0.23616519284365328,0.0,1024.83984375,maze-64-64-10-1-75-0-256-final.mbin,9319.0,0.0,1048.0,5000,0.02,262359.0,0.8672940731048584,0.23994528791522876,0.0,1032.81640625,maze-64-64-10-2-80-1-256-final.mbin,9680.0,0.0078125,1048.0,5000,0.013333333333333334,264401.0,0.7918798923492432,0.20760516103785515,0.0,1032.8203125,maze-64-64-20-1-75-14-256-final.mbin,10588.0,0.015625,1048.0,5000,0.013333333333333334,264402.0,0.7935407161712646,0.23504699936460502,0.0,1041.08984375,maze-64-64-20-3-80-6-256-final.mbin,10550.0,0.0078125,1048.0,5000,0.006666666666666667,266519.0,0.793316125869751,0.336347438821624,0.0,1049.0,maze-64-64-10-1-75-0-512-final.mbin,20696.0,0.0,1048.0,5000,0.0,537088.0,0.8121583461761475,0.32373392533344336,0.0,1041.0859375,maze-64-64-20-2-75-4-512-final.mbin,21322.0,0.001953125,1048.0,5000,0.013333333333333334,533036.0,0.8127303123474121,0.0,995.3071,14555.0,0.0483,1048.0,0.36338500526128553,0.0,927.7890625,1600.0,0.109375,1048.0,0.05,118757.0,0.6846814155578613,0.3235625169147626,0.0,809.3046875,1243.0,0.234375,1048.0,0.1,103591.0,0.6363906860351562,0.34900165173600206,0.0,943.9453125,1932.0,0.1015625,1048.0,0.043333333333333335,120825.0,0.6362526416778564,0.36915396437379644,0.0,944.0078125,1807.0,0.1015625,1048.0,0.043333333333333335,120833.0,0.6396174430847168,0.4712927026012042,0.0,1047.986328125,43234.0,0.0,1048.0,0.0033333333333333335,1073138.0,0.8414175510406494,0.23616519284365328,0.0,1024.83984375,9319.0,0.0,1048.0,0.02,262359.0,0.8672940731048584,0.336347438821624,0.0,1049.0,20696.0,0.0,1048.0,0.0,537088.0,0.8121583461761475,0.522032114624817,0.0,1049.0,42689.0,0.0,1048.0,0.0,1074176.0,0.838829517364502,0.23994528791522876,0.0,1032.81640625,9680.0,0.0078125,1048.0,0.013333333333333334,264401.0,0.7918798923492432,0.20760516103785515,0.0,1032.8203125,10588.0,0.015625,1048.0,0.013333333333333334,264402.0,0.7935407161712646,0.32373392533344336,0.0,1041.0859375,21322.0,0.001953125,1048.0,0.013333333333333334,533036.0,0.8127303123474121,0.23504699936460502,0.0,1041.08984375,10550.0,0.0078125,1048.0,0.006666666666666667,266519.0,0.793316125869751,0.0256,394927.0833,0.7623,S,100000,offline,46749573,5000,100000,S_flc64_bps1_steps5000_offline,S_flc64_bps1_steps100000_offline,0.0,5000,0.4829049802453186,0.7416433879383151,0.6049570980986478,0.8783296777779822,
1,640000,0,64,0.3534,0.3002153781060478,0.0,636.6015625,maze-32-32-10-1-75-0-128-final.mbin,907.0,0.3828125,1048.0,10000,0.17333333333333334,81485.0,0.6111264228820801,0.5462623020067082,0.0,1010.44921875,maze-64-64-10-1-75-0-1024-final.mbin,33240.0,0.02734375,1048.0,10000,0.13333333333333333,1034700.0,0.8472263813018799,0.5401426668770746,0.0,995.861328125,maze-64-64-10-2-80-1-1024-final.mbin,31321.0,0.0419921875,1048.0,10000,0.18333333333333332,1019762.0,0.845134973526001,0.31603090060405303,0.0,711.3203125,maze-32-32-10-2-80-10-128-final.mbin,1103.0,0.3203125,1048.0,10000,0.14,91049.0,0.6350131034851074,0.371316688764441,0.0,921.09375,maze-32-32-20-1-75-2-128-final.mbin,1671.0,0.1015625,1048.0,10000,0.05333333333333334,117900.0,0.6360626220703125,0.3853649603294625,0.0,798.8515625,maze-32-32-20-5-75-7-128-final.mbin,1450.0,0.2421875,1048.0,10000,0.10333333333333333,102253.0,0.6379122734069824,0.21536722946049588,0.0,618.359375,maze-64-64-10-1-75-0-256-final.mbin,3440.0,0.421875,1048.0,10000,0.36666666666666664,158300.0,0.7941975593566895,0.24159418211035064,0.0,650.34375,maze-64-64-10-2-80-1-256-final.mbin,4193.0,0.390625,1048.0,10000,0.34,166488.0,0.7937169075012207,0.2685751317680044,0.0,723.703125,maze-64-64-20-1-75-14-256-final.mbin,4706.0,0.3046875,1048.0,10000,0.28,185268.0,0.7942779064178467,0.2876733459462204,0.0,838.703125,maze-64-64-20-3-80-6-256-final.mbin,6256.0,0.1953125,1048.0,10000,0.18,214708.0,0.7953023910522461,0.350542887328037,0.0,740.4140625,maze-64-64-10-1-75-0-512-final.mbin,9950.0,0.294921875,1048.0,10000,0.5333333333333333,379092.0,0.8136718273162842,0.41805758073949234,0.0,902.107421875,maze-64-64-20-2-75-4-512-final.mbin,14195.0,0.125,1048.0,10000,0.25,461879.0,0.8141739368438721,0.0,795.6507,9369.3333,0.2374,1048.0,0.3002153781060478,0.0,636.6015625,907.0,0.3828125,1048.0,0.17333333333333334,81485.0,0.6111264228820801,0.31603090060405303,0.0,711.3203125,1103.0,0.3203125,1048.0,0.14,91049.0,0.6350131034851074,0.371316688764441,0.0,921.09375,1671.0,0.1015625,1048.0,0.05333333333333334,117900.0,0.6360626220703125,0.3853649603294625,0.0,798.8515625,1450.0,0.2421875,1048.0,0.10333333333333333,102253.0,0.6379122734069824,0.5462623020067082,0.0,1010.44921875,33240.0,0.02734375,1048.0,0.13333333333333333,1034700.0,0.8472263813018799,0.21536722946049588,0.0,618.359375,3440.0,0.421875,1048.0,0.36666666666666664,158300.0,0.7941975593566895,0.350542887328037,0.0,740.4140625,9950.0,0.294921875,1048.0,0.5333333333333333,379092.0,0.8136718273162842,0.5401426668770746,0.0,995.861328125,31321.0,0.0419921875,1048.0,0.18333333333333332,1019762.0,0.845134973526001,0.24159418211035064,0.0,650.34375,4193.0,0.390625,1048.0,0.34,166488.0,0.7937169075012207,0.2685751317680044,0.0,723.703125,4706.0,0.3046875,1048.0,0.28,185268.0,0.7942779064178467,0.41805758073949234,0.0,902.107421875,14195.0,0.125,1048.0,0.25,461879.0,0.8141739368438721,0.2876733459462204,0.0,838.703125,6256.0,0.1953125,1048.0,0.18,214708.0,0.7953023910522461,0.2281,334407.0,0.7515,S,100000,offline,46749573,10000,100000,S_flc64_bps1_steps10000_offline,S_flc64_bps1_steps100000_offline,0.0,10000,0.3816815059313398,0.45690168485605775,0.5297749960316519,0.3840283736804636,
1,960000,0,64,0.3852,0.35572062950237004,0.0,561.625,maze-32-32-10-1-75-0-128-final.mbin,774.0,0.453125,1048.0,15000,0.20333333333333334,71888.0,0.6147251129150391,0.5804518486869729,0.0,984.2138671875,maze-64-64-10-1-75-0-1024-final.mbin,30574.0,0.0517578125,1048.0,15000,0.23,1007835.0,0.8449258804321289,0.5390041903601602,0.0,933.7900390625,maze-64-64-10-2-80-1-1024-final.mbin,28593.0,0.08203125,1048.0,15000,0.41333333333333333,956201.0,0.8428997993469238,0.391131072163259,0.0,632.4765625,maze-32-32-10-2-80-10-128-final.mbin,887.0,0.40625,1048.0,15000,0.17333333333333334,80957.0,0.6382429599761963,0.426734118706871,0.0,847.96875,maze-32-32-20-1-75-2-128-final.mbin,1526.0,0.1875,1048.0,15000,0.08333333333333333,108540.0,0.636540412902832,0.3806075274657079,0.0,664.6484375,maze-32-32-20-5-75-7-128-final.mbin,1229.0,0.375,1048.0,15000,0.16,85075.0,0.639488935470581,0.23290620213507707,0.0,553.14453125,maze-64-64-10-1-75-0-256-final.mbin,3372.0,0.484375,1048.0,15000,0.42333333333333334,141605.0,0.7956035137176514,0.25024363203569655,0.0,651.0625,maze-64-64-10-2-80-1-256-final.mbin,3903.0,0.3828125,1048.0,15000,0.33666666666666667,166672.0,0.7926821708679199,0.29615116115447915,0.0,717.66015625,maze-64-64-20-1-75-14-256-final.mbin,4846.0,0.3203125,1048.0,15000,0.2833333333333333,183721.0,0.7947385311126709,0.3285225704144011,0.0,798.01953125,maze-64-64-20-3-80-6-256-final.mbin,6209.0,0.2421875,1048.0,15000,0.21333333333333335,204293.0,0.7939355373382568,0.41780163966695594,0.0,739.66796875,maze-64-64-10-1-75-0-512-final.mbin,9810.0,0.296875,1048.0,15000,0.53,378710.0,0.8144068717956543,0.4230817005629263,0.0,895.49609375,maze-64-64-20-2-75-4-512-final.mbin,14528.0,0.142578125,1048.0,15000,0.26,458494.0,0.8048052787780762,0.0,748.3145,8854.25,0.2854,1048.0,0.35572062950237004,0.0,561.625,774.0,0.453125,1048.0,0.20333333333333334,71888.0,0.6147251129150391,0.391131072163259,0.0,632.4765625,887.0,0.40625,1048.0,0.17333333333333334,80957.0,0.6382429599761963,0.426734118706871,0.0,847.96875,1526.0,0.1875,1048.0,0.08333333333333333,108540.0,0.636540412902832,0.3806075274657079,0.0,664.6484375,1229.0,0.375,1048.0,0.16,85075.0,0.639488935470581,0.5804518486869729,0.0,984.2138671875,30574.0,0.0517578125,1048.0,0.23,1007835.0,0.8449258804321289,0.23290620213507707,0.0,553.14453125,3372.0,0.484375,1048.0,0.42333333333333334,141605.0,0.7956035137176514,0.41780163966695594,0.0,739.66796875,9810.0,0.296875,1048.0,0.53,378710.0,0.8144068717956543,0.5390041903601602,0.0,933.7900390625,28593.0,0.08203125,1048.0,0.41333333333333333,956201.0,0.8428997993469238,0.25024363203569655,0.0,651.0625,3903.0,0.3828125,1048.0,0.33666666666666667,166672.0,0.7926821708679199,0.29615116115447915,0.0,717.66015625,4846.0,0.3203125,1048.0,0.2833333333333333,183721.0,0.7947385311126709,0.4230817005629263,0.0,895.49609375,14528.0,0.142578125,1048.0,0.26,458494.0,0.8048052787780762,0.3285225704144011,0.0,798.01953125,6209.0,0.2421875,1048.0,0.21333333333333335,204293.0,0.7939355373382568,0.2758,320332.5833,0.7511,S,100000,offline,46749573,15000,100000,S_flc64_bps1_steps15000_offline,S_flc64_bps1_steps100000_offline,0.0,15000,0.2847241521455624,0.41869250828039717,0.5014211095369703,0.3359639070238241,
1,1280000,0,64,0.3314,0.29996710483923383,0.0,563.0859375,maze-32-32-10-1-75-0-128-final.mbin,818.0,0.421875,1048.0,20000,0.20333333333333334,72075.0,0.6158123016357422,0.5409339889091963,0.0,993.1767578125,maze-64-64-10-1-75-0-1024-final.mbin,31918.0,0.044921875,1048.0,20000,0.19,1017013.0,0.9254415035247803,0.5439671978889458,0.0,969.23828125,maze-64-64-10-2-80-1-1024-final.mbin,29648.0,0.072265625,1048.0,20000,0.2733333333333333,992500.0,0.9382846355438232,0.3116444237474836,0.0,495.375,maze-32-32-10-2-80-10-128-final.mbin,675.0,0.5,1048.0,20000,0.23,63408.0,0.6380250453948975,0.37301925409676806,0.0,672.921875,maze-32-32-20-1-75-2-128-final.mbin,1151.0,0.34375,1048.0,20000,0.15666666666666668,86134.0,0.6369674205780029,0.3832276614500176,0.0,742.890625,maze-32-32-20-5-75-7-128-final.mbin,1308.0,0.296875,1048.0,20000,0.12666666666666668,95090.0,0.6405632495880127,0.14859557370911175,0.0,223.234375,maze-64-64-10-1-75-0-256-final.mbin,616.0,0.8046875,1048.0,20000,0.7066666666666667,57148.0,0.7891497611999512,0.1538677797210792,0.0,202.86328125,maze-64-64-10-2-80-1-256-final.mbin,594.0,0.8203125,1048.0,20000,0.73,51933.0,0.7914886474609375,0.21251022718554638,0.0,367.734375,maze-64-64-20-1-75-14-256-final.mbin,1722.0,0.6640625,1048.0,20000,0.5866666666666667,94140.0,0.791719913482666,0.22239956390112126,0.0,451.72265625,maze-64-64-20-3-80-6-256-final.mbin,2234.0,0.57421875,1048.0,20000,0.5233333333333333,115641.0,0.7937164306640625,0.339410675164825,0.0,544.623046875,maze-64-64-10-1-75-0-512-final.mbin,5092.0,0.490234375,1048.0,20000,0.8766666666666667,278847.0,0.8064019680023193,0.44774975889367385,0.0,874.625,maze-64-64-20-2-75-4-512-final.mbin,12992.0,0.162109375,1048.0,20000,0.29333333333333333,447808.0,0.823962926864624,0.0,591.7909,7397.3333,0.4329,1048.0,0.29996710483923383,0.0,563.0859375,818.0,0.421875,1048.0,0.20333333333333334,72075.0,0.6158123016357422,0.3116444237474836,0.0,495.375,675.0,0.5,1048.0,0.23,63408.0,0.6380250453948975,0.37301925409676806,0.0,672.921875,1151.0,0.34375,1048.0,0.15666666666666668,86134.0,0.6369674205780029,0.3832276614500176,0.0,742.890625,1308.0,0.296875,1048.0,0.12666666666666668,95090.0,0.6405632495880127,0.5409339889091963,0.0,993.1767578125,31918.0,0.044921875,1048.0,0.19,1017013.0,0.9254415035247803,0.14859557370911175,0.0,223.234375,616.0,0.8046875,1048.0,0.7066666666666667,57148.0,0.7891497611999512,0.339410675164825,0.0,544.623046875,5092.0,0.490234375,1048.0,0.8766666666666667,278847.0,0.8064019680023193,0.5439671978889458,0.0,969.23828125,29648.0,0.072265625,1048.0,0.2733333333333333,992500.0,0.9382846355438232,0.1538677797210792,0.0,202.86328125,594.0,0.8203125,1048.0,0.73,51933.0,0.7914886474609375,0.21251022718554638,0.0,367.734375,1722.0,0.6640625,1048.0,0.5866666666666667,94140.0,0.791719913482666,0.44774975889367385,0.0,874.625,12992.0,0.162109375,1048.0,0.29333333333333333,447808.0,0.823962926864624,0.22239956390112126,0.0,451.72265625,2234.0,0.57421875,1048.0,0.5233333333333333,115641.0,0.7937164306640625,0.4081,280978.0833,0.766,S,100000,offline,46749573,20000,100000,S_flc64_bps1_steps20000_offline,S_flc64_bps1_steps100000_offline,0.0,20000,0.26420313862316974,0.33441657248539325,0.4164219081051537,0.2524112368656327,
1,1600000,0,64,0.3529,0.3680959518097466,0.0,703.828125,maze-32-32-10-1-75-0-128-final.mbin,1173.0,0.3125,1048.0,25000,0.14333333333333334,90090.0,0.6508843898773193,0.5382368634589507,0.0,990.7236328125,maze-64-64-10-1-75-0-1024-final.mbin,33441.0,0.0341796875,1048.0,25000,0.20333333333333334,1014501.0,0.9289014339447021,0.5368205464381001,0.0,983.3173828125,maze-64-64-10-2-80-1-1024-final.mbin,32693.0,0.0283203125,1048.0,25000,0.22666666666666666,1006917.0,0.9537911415100098,0.29272352558344833,0.0,489.40625,maze-32-32-10-2-80-10-128-final.mbin,652.0,0.5390625,1048.0,25000,0.23333333333333334,62644.0,0.6734287738800049,0.3431566309074028,0.0,547.5625,maze-32-32-20-1-75-2-128-final.mbin,740.0,0.4453125,1048.0,25000,0.21,70088.0,0.6834497451782227,0.3961580554475963,0.0,703.3359375,maze-32-32-20-5-75-7-128-final.mbin,1346.0,0.328125,1048.0,25000,0.14333333333333334,90027.0,0.7175183296203613,0.2061303335988418,0.0,350.25390625,maze-64-64-10-1-75-0-256-final.mbin,1865.0,0.69921875,1048.0,25000,0.5966666666666667,89665.0,0.8072588443756104,0.2384873559205326,0.0,457.84375,maze-64-64-10-2-80-1-256-final.mbin,2423.0,0.578125,1048.0,25000,0.5033333333333333,117208.0,0.9058442115783691,0.2305077338586346,0.0,404.46875,maze-64-64-20-1-75-14-256-final.mbin,2264.0,0.6328125,1048.0,25000,0.5566666666666666,103544.0,0.892136812210083,0.2804312958349446,0.0,594.01171875,maze-64-64-20-3-80-6-256-final.mbin,3261.0,0.4296875,1048.0,25000,0.39,152067.0,0.8816981315612793,0.36296694601571083,0.0,667.3828125,maze-64-64-10-1-75-0-512-final.mbin,7937.0,0.369140625,1048.0,25000,0.6533333333333333,341700.0,0.8461670875549316,0.4405643188473467,0.0,851.91015625,maze-64-64-20-2-75-4-512-final.mbin,11976.0,0.19140625,1048.0,25000,0.3333333333333333,436178.0,0.8669321537017822,0.0,645.3371,8314.25,0.3823,1048.0,0.3680959518097466,0.0,703.828125,1173.0,0.3125,1048.0,0.14333333333333334,90090.0,0.6508843898773193,0.29272352558344833,0.0,489.40625,652.0,0.5390625,1048.0,0.23333333333333334,62644.0,0.6734287738800049,0.3431566309074028,0.0,547.5625,740.0,0.4453125,1048.0,0.21,70088.0,0.6834497451782227,0.3961580554475963,0.0,703.3359375,1346.0,0.328125,1048.0,0.14333333333333334,90027.0,0.7175183296203613,0.5382368634589507,0.0,990.7236328125,33441.0,0.0341796875,1048.0,0.20333333333333334,1014501.0,0.9289014339447021,0.2061303335988418,0.0,350.25390625,1865.0,0.69921875,1048.0,0.5966666666666667,89665.0,0.8072588443756104,0.36296694601571083,0.0,667.3828125,7937.0,0.369140625,1048.0,0.6533333333333333,341700.0,0.8461670875549316,0.5368205464381001,0.0,983.3173828125,32693.0,0.0283203125,1048.0,0.22666666666666666,1006917.0,0.9537911415100098,0.2384873559205326,0.0,457.84375,2423.0,0.578125,1048.0,0.5033333333333333,117208.0,0.9058442115783691,0.2305077338586346,0.0,404.46875,2264.0,0.6328125,1048.0,0.5566666666666666,103544.0,0.892136812210083,0.4405643188473467,0.0,851.91015625,11976.0,0.19140625,1048.0,0.3333333333333333,436178.0,0.8669321537017822,0.2804312958349446,0.0,594.01171875,3261.0,0.4296875,1048.0,0.39,152067.0,0.8816981315612793,0.3494,297885.75,0.8173,S,100000,offline,46749573,25000,100000,S_flc64_bps1_steps25000_offline,S_flc64_bps1_steps100000_offline,0.0,25000,0.2638178302677204,0.43580679768094,0.4734489578950355,0.39816463746684444,
1,1920000,0,64,0.3543,0.30782143317512795,0.0,491.75,maze-32-32-10-1-75-0-128-final.mbin,592.0,0.5,1048.0,30000,0.23333333333333334,62944.0,0.6208107471466064,0.6151409490516092,0.0,925.17578125,maze-64-64-10-1-75-0-1024-final.mbin,27936.0,0.1142578125,1048.0,30000,0.42333333333333334,947380.0,0.9591906070709229,0.6190653435905874,0.0,896.2236328125,maze-64-64-10-2-80-1-1024-final.mbin,26243.0,0.138671875,1048.0,30000,0.52,917733.0,0.925673246383667,0.2788823699577443,0.0,320.4296875,maze-32-32-10-2-80-10-128-final.mbin,455.0,0.6953125,1048.0,30000,0.30333333333333334,41015.0,0.645653486251831,0.33848041319766103,0.0,675.015625,maze-32-32-20-1-75-2-128-final.mbin,864.0,0.328125,1048.0,30000,0.15666666666666668,86402.0,0.7492272853851318,0.4070134770111261,0.0,799.8046875,maze-32-32-20-5-75-7-128-final.mbin,1396.0,0.2421875,1048.0,30000,0.10333333333333333,102375.0,0.6604130268096924,0.1835701155916479,0.0,246.453125,maze-64-64-10-1-75-0-256-final.mbin,1101.0,0.76171875,1048.0,30000,0.6866666666666666,63092.0,0.958348274230957,0.18731641776519062,0.0,308.8125,maze-64-64-10-2-80-1-256-final.mbin,1233.0,0.70703125,1048.0,30000,0.6333333333333333,79056.0,0.8687436580657959,0.20674137052859454,0.0,317.6328125,maze-64-64-20-1-75-14-256-final.mbin,1531.0,0.6875,1048.0,30000,0.6266666666666667,81314.0,0.8982696533203125,0.26531639292712705,0.0,392.25,maze-64-64-20-3-80-6-256-final.mbin,1833.0,0.625,1048.0,30000,0.57,100416.0,0.8294377326965332,0.36297287773027015,0.0,573.4921875,maze-64-64-10-1-75-0-512-final.mbin,6407.0,0.455078125,1048.0,30000,0.8133333333333334,293628.0,0.8770029544830322,0.47960290895060015,0.0,813.8671875,maze-64-64-20-2-75-4-512-final.mbin,11711.0,0.220703125,1048.0,30000,0.39666666666666667,416700.0,0.8493599891662598,0.0,563.4089,6775.1667,0.4563,1048.0,0.30782143317512795,0.0,491.75,592.0,0.5,1048.0,0.23333333333333334,62944.0,0.6208107471466064,0.2788823699577443,0.0,320.4296875,455.0,0.6953125,1048.0,0.30333333333333334,41015.0,0.645653486251831,0.33848041319766103,0.0,675.015625,864.0,0.328125,1048.0,0.15666666666666668,86402.0,0.7492272853851318,0.4070134770111261,0.0,799.8046875,1396.0,0.2421875,1048.0,0.10333333333333333,102375.0,0.6604130268096924,0.6151409490516092,0.0,925.17578125,27936.0,0.1142578125,1048.0,0.42333333333333334,947380.0,0.9591906070709229,0.1835701155916479,0.0,246.453125,1101.0,0.76171875,1048.0,0.6866666666666666,63092.0,0.958348274230957,0.36297287773027015,0.0,573.4921875,6407.0,0.455078125,1048.0,0.8133333333333334,293628.0,0.8770029544830322,0.6190653435905874,0.0,896.2236328125,26243.0,0.138671875,1048.0,0.52,917733.0,0.925673246383667,0.18731641776519062,0.0,308.8125,1233.0,0.70703125,1048.0,0.6333333333333333,79056.0,0.8687436580657959,0.20674137052859454,0.0,317.6328125,1531.0,0.6875,1048.0,0.6266666666666667,81314.0,0.8982696533203125,0.47960290895060015,0.0,813.8671875,11711.0,0.220703125,1048.0,0.39666666666666667,416700.0,0.8493599891662598,0.26531639292712705,0.0,392.25,1833.0,0.625,1048.0,0.57,100416.0,0.8294377326965332,0.4556,266004.5833,0.8202,S,100000,offline,46749573,30000,100000,S_flc64_bps1_steps30000_offline,S_flc64_bps1_steps100000_offline,0.0,30000,0.242306904389354,0.30464744839507163,0.39917351080165936,0.21012138598848393,
1,2240000,0,64,0.3392,0.2488741003671674,0.0,286.21875,maze-32-32-10-1-75-0-128-final.mbin,308.0,0.703125,1048.0,35000,0.32,36636.0,0.633673906326294,0.5563242595383728,0.0,941.7724609375,maze-64-64-10-1-75-0-1024-final.mbin,27325.0,0.0947265625,1048.0,35000,0.39,964375.0,0.963524580001831,0.5180472566279296,0.0,870.2294921875,maze-64-64-10-2-80-1-1024-final.mbin,23231.0,0.162109375,1048.0,35000,0.6566666666666666,891115.0,0.9700801372528076,0.2795484817760945,0.0,346.0703125,maze-32-32-10-2-80-10-128-final.mbin,452.0,0.65625,1048.0,35000,0.29333333333333333,44297.0,0.7374899387359619,0.3276982540188411,0.0,474.9921875,maze-32-32-20-1-75-2-128-final.mbin,732.0,0.484375,1048.0,35000,0.24,60799.0,0.6495671272277832,0.3691982413219352,0.0,649.453125,maze-32-32-20-5-75-7-128-final.mbin,1205.0,0.390625,1048.0,35000,0.16666666666666666,83130.0,0.7355306148529053,0.18274858956072873,0.0,298.4375,maze-64-64-10-1-75-0-256-final.mbin,1195.0,0.7421875,1048.0,35000,0.6433333333333333,76400.0,0.866673469543457,0.21794669173336345,0.0,395.01953125,maze-64-64-10-2-80-1-256-final.mbin,2212.0,0.64453125,1048.0,35000,0.56,101125.0,0.8483340740203857,0.2419299920568089,0.0,368.6953125,maze-64-64-20-1-75-14-256-final.mbin,1788.0,0.6484375,1048.0,35000,0.5833333333333334,94386.0,0.9102568626403809,0.3031869071176692,0.0,496.9375,maze-64-64-20-3-80-6-256-final.mbin,2987.0,0.53515625,1048.0,35000,0.4766666666666667,127216.0,0.8827202320098877,0.35989924843136645,0.0,657.0703125,maze-64-64-10-1-75-0-512-final.mbin,7414.0,0.384765625,1048.0,35000,0.67,336420.0,0.9544250965118408,0.46442007037239097,0.0,841.693359375,maze-64-64-20-2-75-4-512-final.mbin,12223.0,0.201171875,1048.0,35000,0.35,430947.0,0.8905844688415527,0.0,552.2158,6756.0,0.4706,1048.0,0.2488741003671674,0.0,286.21875,308.0,0.703125,1048.0,0.32,36636.0,0.633673906326294,0.2795484817760945,0.0,346.0703125,452.0,0.65625,1048.0,0.29333333333333333,44297.0,0.7374899387359619,0.3276982540188411,0.0,474.9921875,732.0,0.484375,1048.0,0.24,60799.0,0.6495671272277832,0.3691982413219352,0.0,649.453125,1205.0,0.390625,1048.0,0.16666666666666666,83130.0,0.7355306148529053,0.5563242595383728,0.0,941.7724609375,27325.0,0.0947265625,1048.0,0.39,964375.0,0.963524580001831,0.18274858956072873,0.0,298.4375,1195.0,0.7421875,1048.0,0.6433333333333333,76400.0,0.866673469543457,0.35989924843136645,0.0,657.0703125,7414.0,0.384765625,1048.0,0.67,336420.0,0.9544250965118408,0.5180472566279296,0.0,870.2294921875,23231.0,0.162109375,1048.0,0.6566666666666666,891115.0,0.9700801372528076,0.21794669173336345,0.0,395.01953125,2212.0,0.64453125,1048.0,0.56,101125.0,0.8483340740203857,0.2419299920568089,0.0,368.6953125,1788.0,0.6484375,1048.0,0.5833333333333334,94386.0,0.9102568626403809,0.46442007037239097,0.0,841.693359375,12223.0,0.201171875,1048.0,0.35,430947.0,0.8905844688415527,0.3031869071176692,0.0,496.9375,2987.0,0.53515625,1048.0,0.4766666666666667,127216.0,0.8827202320098877,0.4458,270570.5,0.8369,S,100000,offline,46749573,35000,100000,S_flc64_bps1_steps35000_offline,S_flc64_bps1_steps100000_offline,0.0,35000,0.271428840307589,0.4402787407475254,0.4401822007218644,0.4403752807731863,
1,2560000,0,64,0.3409,0.2575166712722299,0.0,332.9609375,maze-32-32-10-1-75-0-128-final.mbin,445.0,0.6484375,1048.0,40000,0.3,42619.0,0.6497173309326172,0.5901938367847372,0.0,914.99609375,maze-64-64-10-1-75-0-1024-final.mbin,25789.0,0.130859375,1048.0,40000,0.47333333333333333,936956.0,0.8764886856079102,0.544690011730969,0.0,870.3466796875,maze-64-64-10-2-80-1-1024-final.mbin,23638.0,0.1748046875,1048.0,40000,0.6366666666666667,891235.0,0.8762290477752686,0.3365841414800023,0.0,510.5078125,maze-32-32-10-2-80-10-128-final.mbin,708.0,0.515625,1048.0,40000,0.22333333333333333,65345.0,0.6780991554260254,0.36684662968705084,0.0,570.3984375,maze-32-32-20-1-75-2-128-final.mbin,802.0,0.4375,1048.0,40000,0.2,73011.0,0.7209334373474121,0.36034666877776883,0.0,554.3671875,maze-32-32-20-5-75-7-128-final.mbin,949.0,0.4765625,1048.0,40000,0.20666666666666667,70959.0,0.6617646217346191,0.1478214122094465,0.0,154.4375,maze-64-64-10-1-75-0-256-final.mbin,550.0,0.8828125,1048.0,40000,0.7666666666666667,39536.0,0.8907482624053955,0.16487714702395853,0.0,243.25,maze-64-64-10-2-80-1-256-final.mbin,978.0,0.8046875,1048.0,40000,0.69,62272.0,0.8187551498413086,0.2033895286786177,0.0,326.84375,maze-64-64-20-1-75-14-256-final.mbin,1313.0,0.7109375,1048.0,40000,0.62,83672.0,0.9980549812316895,0.30990070052384705,0.0,522.92578125,maze-64-64-20-3-80-6-256-final.mbin,3025.0,0.515625,1048.0,40000,0.4533333333333333,133869.0,0.8430125713348389,0.3465076260182544,0.0,472.048828125,maze-64-64-10-1-75-0-512-final.mbin,4772.0,0.572265625,1048.0,40000,0.9966666666666667,241689.0,0.963883638381958,0.4620573588796381,0.0,789.30859375,maze-64-64-20-2-75-4-512-final.mbin,10980.0,0.26171875,1048.0,40000,0.44666666666666666,404126.0,0.9023404121398926,0.0,521.866,6162.4167,0.511,1048.0,0.2575166712722299,0.0,332.9609375,445.0,0.6484375,1048.0,0.3,42619.0,0.6497173309326172,0.3365841414800023,0.0,510.5078125,708.0,0.515625,1048.0,0.22333333333333333,65345.0,0.6780991554260254,0.36684662968705084,0.0,570.3984375,802.0,0.4375,1048.0,0.2,73011.0,0.7209334373474121,0.36034666877776883,0.0,554.3671875,949.0,0.4765625,1048.0,0.20666666666666667,70959.0,0.6617646217346191,0.5901938367847372,0.0,914.99609375,25789.0,0.130859375,1048.0,0.47333333333333333,936956.0,0.8764886856079102,0.1478214122094465,0.0,154.4375,550.0,0.8828125,1048.0,0.7666666666666667,39536.0,0.8907482624053955,0.3465076260182544,0.0,472.048828125,4772.0,0.572265625,1048.0,0.9966666666666667,241689.0,0.963883638381958,0.544690011730969,0.0,870.3466796875,23638.0,0.1748046875,1048.0,0.6366666666666667,891235.0,0.8762290477752686,0.16487714702395853,0.0,243.25,978.0,0.8046875,1048.0,0.69,62272.0,0.8187551498413086,0.2033895286786177,0.0,326.84375,1313.0,0.7109375,1048.0,0.62,83672.0,0.9980549812316895,0.4620573588796381,0.0,789.30859375,10980.0,0.26171875,1048.0,0.44666666666666666,404126.0,0.9023404121398926,0.30990070052384705,0.0,522.92578125,3025.0,0.515625,1048.0,0.4533333333333333,133869.0,0.8430125713348389,0.5011,253774.0833,0.8233,S,100000,offline,46749573,40000,100000,S_flc64_bps1_steps40000_offline,S_flc64_bps1_steps100000_offline,0.0,40000,0.27496472258919746,0.3359825107919755,0.4127977044716038,0.25916731711234725,
1,2880000,0,64,0.3377,0.3328146412368084,0.0,577.875,maze-32-32-10-1-75-0-128-final.mbin,808.0,0.4453125,1048.0,45000,0.19666666666666666,73968.0,0.6523838043212891,0.5657734092385602,0.0,984.6416015625,maze-64-64-10-1-75-0-1024-final.mbin,32783.0,0.05078125,1048.0,45000,0.22333333333333333,1008273.0,0.9706814289093018,0.5336019403701743,0.0,969.08984375,maze-64-64-10-2-80-1-1024-final.mbin,31654.0,0.064453125,1048.0,45000,0.2833333333333333,992348.0,0.8829658031463623,0.35096761688097183,0.0,496.8125,maze-32-32-10-2-80-10-128-final.mbin,731.0,0.515625,1048.0,45000,0.23,63592.0,0.7583301067352295,0.3022792783891954,0.0,495.4921875,maze-32-32-20-1-75-2-128-final.mbin,474.0,0.484375,1048.0,45000,0.23333333333333334,63423.0,0.6473813056945801,0.39820099513650303,0.0,615.703125,maze-32-32-20-5-75-7-128-final.mbin,1093.0,0.40625,1048.0,45000,0.18,78810.0,0.7134866714477539,0.1504434669547636,0.0,174.57421875,maze-64-64-10-1-75-0-256-final.mbin,654.0,0.8671875,1048.0,45000,0.75,44691.0,0.8472690582275391,0.19702198310464222,0.0,287.51171875,maze-64-64-10-2-80-1-256-final.mbin,1443.0,0.7421875,1048.0,45000,0.65,73603.0,0.8353450298309326,0.1888748211469459,0.0,246.22265625,maze-64-64-20-1-75-14-256-final.mbin,826.0,0.796875,1048.0,45000,0.6966666666666667,63033.0,0.9427001476287842,0.23115717185698878,0.0,316.8203125,maze-64-64-20-3-80-6-256-final.mbin,1361.0,0.69921875,1048.0,45000,0.6333333333333333,81106.0,0.8699626922607422,0.3576772216184315,0.0,607.98828125,maze-64-64-10-1-75-0-512-final.mbin,6534.0,0.435546875,1048.0,45000,0.77,311290.0,0.9380643367767334,0.44364980513775426,0.0,849.693359375,maze-64-64-20-2-75-4-512-final.mbin,12278.0,0.19140625,1048.0,45000,0.33666666666666667,435043.0,0.9471485614776611,0.0,551.8687,7553.25,0.4749,1048.0,0.3328146412368084,0.0,577.875,808.0,0.4453125,1048.0,0.19666666666666666,73968.0,0.6523838043212891,0.35096761688097183,0.0,496.8125,731.0,0.515625,1048.0,0.23,63592.0,0.7583301067352295,0.3022792783891954,0.0,495.4921875,474.0,0.484375,1048.0,0.23333333333333334,63423.0,0.6473813056945801,0.39820099513650303,0.0,615.703125,1093.0,0.40625,1048.0,0.18,78810.0,0.7134866714477539,0.5657734092385602,0.0,984.6416015625,32783.0,0.05078125,1048.0,0.22333333333333333,1008273.0,0.9706814289093018,0.1504434669547636,0.0,174.57421875,654.0,0.8671875,1048.0,0.75,44691.0,0.8472690582275391,0.3576772216184315,0.0,607.98828125,6534.0,0.435546875,1048.0,0.77,311290.0,0.9380643367767334,0.5336019403701743,0.0,969.08984375,31654.0,0.064453125,1048.0,0.2833333333333333,992348.0,0.8829658031463623,0.19702198310464222,0.0,287.51171875,1443.0,0.7421875,1048.0,0.65,73603.0,0.8353450298309326,0.1888748211469459,0.0,246.22265625,826.0,0.796875,1048.0,0.6966666666666667,63033.0,0.9427001476287842,0.44364980513775426,0.0,849.693359375,12278.0,0.19140625,1048.0,0.33666666666666667,435043.0,0.9471485614776611,0.23115717185698878,0.0,316.8203125,1361.0,0.69921875,1048.0,0.6333333333333333,81106.0,0.8699626922607422,0.4319,274098.3333,0.8338,S,100000,offline,46749573,45000,100000,S_flc64_bps1_steps45000_offline,S_flc64_bps1_steps100000_offline,0.0,45000,0.24459918426339988,0.4054887738803412,0.4453775419631133,0.3656000057975691,
1,3200000,0,64,0.3308,0.2483181097936053,0.0,300.3515625,maze-32-32-10-1-75-0-128-final.mbin,308.0,0.7109375,1048.0,50000,0.31333333333333335,38445.0,0.6938135623931885,0.5723271240363457,0.0,983.2509765625,maze-64-64-10-1-75-0-1024-final.mbin,31761.0,0.0625,1048.0,50000,0.23333333333333334,1006849.0,0.96421217918396,0.5306216698230863,0.0,923.1123046875,maze-64-64-10-2-80-1-1024-final.mbin,28761.0,0.119140625,1048.0,50000,0.45,945267.0,1.0587079524993896,0.2599116995278926,0.0,242.8125,maze-32-32-10-2-80-10-128-final.mbin,372.0,0.765625,1048.0,50000,0.33666666666666667,31080.0,0.7025656700134277,0.3358931884508664,0.0,517.8515625,maze-32-32-20-1-75-2-128-final.mbin,740.0,0.4765625,1048.0,50000,0.22333333333333333,66285.0,0.7112720012664795,0.34427336294407257,0.0,544.9296875,maze-32-32-20-5-75-7-128-final.mbin,915.0,0.46875,1048.0,50000,0.21,69751.0,0.7349183559417725,0.1771723546486188,0.0,238.921875,maze-64-64-10-1-75-0-256-final.mbin,1259.0,0.80078125,1048.0,50000,0.6933333333333334,61164.0,0.939279317855835,0.19985152898777703,0.0,338.2734375,maze-64-64-10-2-80-1-256-final.mbin,1555.0,0.69921875,1048.0,50000,0.6066666666666667,86598.0,0.8639838695526123,0.18421772151418161,0.0,236.73046875,maze-64-64-20-1-75-14-256-final.mbin,775.0,0.78515625,1048.0,50000,0.7,60603.0,0.9527370929718018,0.27700018210822736,0.0,499.13671875,maze-64-64-20-3-80-6-256-final.mbin,2974.0,0.55078125,1048.0,50000,0.4766666666666667,127779.0,0.8963367938995361,0.3949778022296583,0.0,685.484375,maze-64-64-10-1-75-0-512-final.mbin,9144.0,0.353515625,1048.0,50000,0.62,350968.0,0.8729710578918457,0.44557973804069245,0.0,831.67578125,maze-64-64-20-2-75-4-512-final.mbin,12403.0,0.216796875,1048.0,50000,0.37333333333333335,425818.0,0.9170875549316406,0.0,528.5443,7580.5833,0.5008,1048.0,0.2483181097936053,0.0,300.3515625,308.0,0.7109375,1048.0,0.31333333333333335,38445.0,0.6938135623931885,0.2599116995278926,0.0,242.8125,372.0,0.765625,1048.0,0.33666666666666667,31080.0,0.7025656700134277,0.3358931884508664,0.0,517.8515625,740.0,0.4765625,1048.0,0.22333333333333333,66285.0,0.7112720012664795,0.34427336294407257,0.0,544.9296875,915.0,0.46875,1048.0,0.21,69751.0,0.7349183559417725,0.5723271240363457,0.0,983.2509765625,31761.0,0.0625,1048.0,0.23333333333333334,1006849.0,0.96421217918396,0.1771723546486188,0.0,238.921875,1259.0,0.80078125,1048.0,0.6933333333333334,61164.0,0.939279317855835,0.3949778022296583,0.0,685.484375,9144.0,0.353515625,1048.0,0.62,350968.0,0.8729710578918457,0.5306216698230863,0.0,923.1123046875,28761.0,0.119140625,1048.0,0.45,945267.0,1.0587079524993896,0.19985152898777703,0.0,338.2734375,1555.0,0.69921875,1048.0,0.6066666666666667,86598.0,0.8639838695526123,0.18421772151418161,0.0,236.73046875,775.0,0.78515625,1048.0,0.7,60603.0,0.9527370929718018,0.44557973804069245,0.0,831.67578125,12403.0,0.216796875,1048.0,0.37333333333333335,425818.0,0.9170875549316406,0.27700018210822736,0.0,499.13671875,2974.0,0.55078125,1048.0,0.4766666666666667,127779.0,0.8963367938995361,0.4364,272550.5833,0.859,S,100000,offline,46749573,50000,100000,S_flc64_bps1_steps50000_offline,S_flc64_bps1_steps100000_offline,0.0,50000,0.2491575193366941,0.374737889320816,0.443180281080792,0.30629549756083996,
1,3520000,0,64,0.3385,0.24327853769087687,0.0,281.0,maze-32-32-10-1-75-0-128-final.mbin,279.0,0.7265625,1048.0,55000,0.3233333333333333,35968.0,0.6642019748687744,0.5952334286381337,0.0,972.9619140625,maze-64-64-10-1-75-0-1024-final.mbin,30330.0,0.0673828125,1048.0,55000,0.26,996313.0,0.9092533588409424,0.6027126972987348,0.0,945.748046875,maze-64-64-10-2-80-1-1024-final.mbin,29336.0,0.08984375,1048.0,55000,0.35333333333333333,968446.0,1.020634651184082,0.30289232694403345,0.0,471.1796875,maze-32-32-10-2-80-10-128-final.mbin,612.0,0.53125,1048.0,55000,0.24,60311.0,0.6740856170654297,0.321475414258954,0.0,553.921875,maze-32-32-20-1-75-2-128-final.mbin,697.0,0.421875,1048.0,55000,0.20666666666666667,70902.0,0.7305562496185303,0.3059760908925645,0.0,664.0625,maze-32-32-20-5-75-7-128-final.mbin,1120.0,0.3671875,1048.0,55000,0.16,85000.0,0.693972110748291,0.13610136837671527,0.0,98.5234375,maze-64-64-10-1-75-0-256-final.mbin,322.0,0.9375,1048.0,55000,0.8166666666666667,25222.0,0.8315768241882324,0.1570994387320577,0.0,193.41796875,maze-64-64-10-2-80-1-256-final.mbin,616.0,0.828125,1048.0,55000,0.7333333333333333,49515.0,0.8828620910644531,0.1989851599423316,0.0,287.6953125,maze-64-64-20-1-75-14-256-final.mbin,1193.0,0.71875,1048.0,55000,0.65,73650.0,0.8413424491882324,0.29423410962844926,0.0,479.58203125,maze-64-64-20-3-80-6-256-final.mbin,2741.0,0.5390625,1048.0,55000,0.4866666666666667,122773.0,0.973607063293457,0.4050891098740329,0.0,575.43359375,maze-64-64-10-1-75-0-512-final.mbin,7006.0,0.4609375,1048.0,55000,0.81,294622.0,0.8660848140716553,0.4984712071756553,0.0,773.318359375,maze-64-64-20-2-75-4-512-final.mbin,11399.0,0.259765625,1048.0,55000,0.4666666666666667,395939.0,0.8488576412200928,0.0,524.7371,7137.5833,0.4957,1048.0,0.24327853769087687,0.0,281.0,279.0,0.7265625,1048.0,0.3233333333333333,35968.0,0.6642019748687744,0.30289232694403345,0.0,471.1796875,612.0,0.53125,1048.0,0.24,60311.0,0.6740856170654297,0.321475414258954,0.0,553.921875,697.0,0.421875,1048.0,0.20666666666666667,70902.0,0.7305562496185303,0.3059760908925645,0.0,664.0625,1120.0,0.3671875,1048.0,0.16,85000.0,0.693972110748291,0.5952334286381337,0.0,972.9619140625,30330.0,0.0673828125,1048.0,0.26,996313.0,0.9092533588409424,0.13610136837671527,0.0,98.5234375,322.0,0.9375,1048.0,0.8166666666666667,25222.0,0.8315768241882324,0.4050891098740329,0.0,575.43359375,7006.0,0.4609375,1048.0,0.81,294622.0,0.8660848140716553,0.6027126972987348,0.0,945.748046875,29336.0,0.08984375,1048.0,0.35333333333333333,968446.0,1.020634651184082,0.1570994387320577,0.0,193.41796875,616.0,0.828125,1048.0,0.7333333333333333,49515.0,0.8828620910644531,0.1989851599423316,0.0,287.6953125,1193.0,0.71875,1048.0,0.65,73650.0,0.8413424491882324,0.4984712071756553,0.0,773.318359375,11399.0,0.259765625,1048.0,0.4666666666666667,395939.0,0.8488576412200928,0.29423410962844926,0.0,479.58203125,2741.0,0.5390625,1048.0,0.4866666666666667,122773.0,0.973607063293457,0.4589,264888.4167,0.8281,S,100000,offline,46749573,55000,100000,S_flc64_bps1_steps55000_offline,S_flc64_bps1_steps100000_offline,0.0,55000,0.2729349485010082,0.303590937705861,0.38544573117705727,0.2217361442346647,
1,3840000,0,64,0.3258,0.3182862631980774,0.0,495.4375,maze-32-32-10-1-75-0-128-final.mbin,801.0,0.5234375,1048.0,60000,0.23,63416.0,0.6585030555725098,0.5809430811182953,0.0,950.51953125,maze-64-64-10-1-75-0-1024-final.mbin,29296.0,0.0859375,1048.0,60000,0.34,973332.0,0.9066812992095947,0.5582516051982589,0.0,906.876953125,maze-64-64-10-2-80-1-1024-final.mbin,26804.0,0.1279296875,1048.0,60000,0.5033333333333333,928642.0,0.9293599128723145,0.250100247329344,0.0,237.4296875,maze-32-32-10-2-80-10-128-final.mbin,227.0,0.7734375,1048.0,60000,0.34,30391.0,0.6716902256011963,0.2879992570390989,0.0,390.8359375,maze-32-32-20-1-75-2-128-final.mbin,396.0,0.5625,1048.0,60000,0.27666666666666667,50027.0,0.700272798538208,0.3639248628898461,0.0,594.3828125,maze-32-32-20-5-75-7-128-final.mbin,998.0,0.4453125,1048.0,60000,0.19,76081.0,0.7006962299346924,0.1488533573681589,0.0,170.0390625,maze-64-64-10-1-75-0-256-final.mbin,550.0,0.85546875,1048.0,60000,0.7533333333333333,43530.0,0.8027606010437012,0.1690695314466159,0.0,193.01171875,maze-64-64-10-2-80-1-256-final.mbin,520.0,0.8359375,1048.0,60000,0.7333333333333333,49411.0,0.8918380737304688,0.1676725538078985,0.0,147.44921875,maze-64-64-20-1-75-14-256-final.mbin,286.0,0.86328125,1048.0,60000,0.7766666666666666,37747.0,0.8704116344451904,0.21609736212590155,0.0,263.73828125,maze-64-64-20-3-80-6-256-final.mbin,997.0,0.77734375,1048.0,60000,0.6833333333333333,67517.0,0.8377273082733154,0.37346299109320974,0.0,616.380859375,maze-64-64-10-1-75-0-512-final.mbin,7286.0,0.41796875,1048.0,60000,0.74,315587.0,0.9115767478942871,0.47539362385545747,0.0,789.388671875,maze-64-64-20-2-75-4-512-final.mbin,10699.0,0.244140625,1048.0,60000,0.44333333333333336,404167.0,0.8993532657623291,0.0,479.6242,6571.6667,0.5427,1048.0,0.3182862631980774,0.0,495.4375,801.0,0.5234375,1048.0,0.23,63416.0,0.6585030555725098,0.250100247329344,0.0,237.4296875,227.0,0.7734375,1048.0,0.34,30391.0,0.6716902256011963,0.2879992570390989,0.0,390.8359375,396.0,0.5625,1048.0,0.27666666666666667,50027.0,0.700272798538208,0.3639248628898461,0.0,594.3828125,998.0,0.4453125,1048.0,0.19,76081.0,0.7006962299346924,0.5809430811182953,0.0,950.51953125,29296.0,0.0859375,1048.0,0.34,973332.0,0.9066812992095947,0.1488533573681589,0.0,170.0390625,550.0,0.85546875,1048.0,0.7533333333333333,43530.0,0.8027606010437012,0.37346299109320974,0.0,616.380859375,7286.0,0.41796875,1048.0,0.74,315587.0,0.9115767478942871,0.5582516051982589,0.0,906.876953125,26804.0,0.1279296875,1048.0,0.5033333333333333,928642.0,0.9293599128723145,0.1690695314466159,0.0,193.01171875,520.0,0.8359375,1048.0,0.7333333333333333,49411.0,0.8918380737304688,0.1676725538078985,0.0,147.44921875,286.0,0.86328125,1048.0,0.7766666666666666,37747.0,0.8704116344451904,0.47539362385545747,0.0,789.388671875,10699.0,0.244140625,1048.0,0.44333333333333336,404167.0,0.8993532657623291,0.21609736212590155,0.0,263.73828125,997.0,0.77734375,1048.0,0.6833333333333333,67517.0,0.8377273082733154,0.5008,253320.6667,0.8151,S,100000,offline,46749573,60000,100000,S_flc64_bps1_steps60000_offline,S_flc64_bps1_steps100000_offline,0.0,60000,0.2803696565388978,0.3174232474767756,0.3954003599037019,0.23944613504984924,
1,4160000,0,64,0.3372,0.2367730580744545,0.0,345.953125,maze-32-32-10-1-75-0-128-final.mbin,459.0,0.6640625,1048.0,65000,0.29333333333333333,44282.0,0.621363639831543,0.55016812702472,0.0,863.8603515625,maze-64-64-10-1-75-0-1024-final.mbin,23859.0,0.1796875,1048.0,65000,0.6733333333333333,884593.0,0.9601242542266846,0.5398154537074291,0.0,859.0498046875,maze-64-64-10-2-80-1-1024-final.mbin,23123.0,0.171875,1048.0,65000,0.6666666666666666,879667.0,0.906958818435669,0.3596959656561742,0.0,582.6484375,maze-32-32-10-2-80-10-128-final.mbin,915.0,0.4375,1048.0,65000,0.19333333333333333,74579.0,0.6786730289459229,0.3332571211837779,0.0,592.9375,maze-32-32-20-1-75-2-128-final.mbin,832.0,0.359375,1048.0,65000,0.19,75896.0,0.6906130313873291,0.37102358274118397,0.0,577.7890625,maze-32-32-20-5-75-7-128-final.mbin,1035.0,0.4375,1048.0,65000,0.19666666666666666,73957.0,0.7005398273468018,0.16155983051105294,0.0,218.96875,maze-64-64-10-1-75-0-256-final.mbin,849.0,0.8125,1048.0,65000,0.71,56056.0,0.9095406532287598,0.17157996970204825,0.0,286.61328125,maze-64-64-10-2-80-1-256-final.mbin,1270.0,0.7421875,1048.0,65000,0.65,73373.0,0.9513766765594482,0.195875092416038,0.0,255.65234375,maze-64-64-20-1-75-14-256-final.mbin,1051.0,0.7734375,1048.0,65000,0.68,65447.0,0.8109009265899658,0.3190102424625381,0.0,557.24609375,maze-64-64-20-3-80-6-256-final.mbin,3260.0,0.48046875,1048.0,65000,0.42,142655.0,0.9959239959716797,0.3509950401246187,0.0,526.19140625,maze-64-64-10-1-75-0-512-final.mbin,5570.0,0.513671875,1048.0,65000,0.9033333333333333,269410.0,0.8659763336181641,0.4561884195237146,0.0,742.859375,maze-64-64-20-2-75-4-512-final.mbin,10923.0,0.279296875,1048.0,65000,0.5233333333333333,380344.0,0.892951250076294,0.0,534.1475,6095.5,0.4876,1048.0,0.2367730580744545,0.0,345.953125,459.0,0.6640625,1048.0,0.29333333333333333,44282.0,0.621363639831543,0.3596959656561742,0.0,582.6484375,915.0,0.4375,1048.0,0.19333333333333333,74579.0,0.6786730289459229,0.3332571211837779,0.0,592.9375,832.0,0.359375,1048.0,0.19,75896.0,0.6906130313873291,0.37102358274118397,0.0,577.7890625,1035.0,0.4375,1048.0,0.19666666666666666,73957.0,0.7005398273468018,0.55016812702472,0.0,863.8603515625,23859.0,0.1796875,1048.0,0.6733333333333333,884593.0,0.9601242542266846,0.16155983051105294,0.0,218.96875,849.0,0.8125,1048.0,0.71,56056.0,0.9095406532287598,0.3509950401246187,0.0,526.19140625,5570.0,0.513671875,1048.0,0.9033333333333333,269410.0,0.8659763336181641,0.5398154537074291,0.0,859.0498046875,23123.0,0.171875,1048.0,0.6666666666666666,879667.0,0.906958818435669,0.17157996970204825,0.0,286.61328125,1270.0,0.7421875,1048.0,0.65,73373.0,0.9513766765594482,0.195875092416038,0.0,255.65234375,1051.0,0.7734375,1048.0,0.68,65447.0,0.8109009265899658,0.4561884195237146,0.0,742.859375,10923.0,0.279296875,1048.0,0.5233333333333333,380344.0,0.892951250076294,0.3190102424625381,0.0,557.24609375,3260.0,0.48046875,1048.0,0.42,142655.0,0.9959239959716797,0.5083,251688.25,0.8321,S,100000,offline,46749573,65000,100000,S_flc64_bps1_steps65000_offline,S_flc64_bps1_steps100000_offline,0.0,65000,0.2505636360050085,0.3212880837097335,0.39991860045994543,0.2426575669595215,
1,4480000,0,64,0.3395,0.27954589620867476,0.0,394.609375,maze-32-32-10-1-75-0-128-final.mbin,444.0,0.5859375,1048.0,70000,0.2733333333333333,50510.0,0.6468753814697266,0.5931910026613232,0.0,882.67578125,maze-64-64-10-1-75-0-1024-final.mbin,25196.0,0.150390625,1048.0,70000,0.5866666666666667,903860.0,1.0024375915527344,0.564350241646358,0.0,823.8642578125,maze-64-64-10-2-80-1-1024-final.mbin,22829.0,0.189453125,1048.0,70000,0.7933333333333333,843637.0,0.991804838180542,0.3160337593008011,0.0,478.703125,maze-32-32-10-2-80-10-128-final.mbin,723.0,0.53125,1048.0,70000,0.23666666666666666,61274.0,0.691380500793457,0.33804968844216976,0.0,538.125,maze-32-32-20-1-75-2-128-final.mbin,796.0,0.4453125,1048.0,70000,0.21333333333333335,68880.0,0.7173588275909424,0.37324548460207807,0.0,615.703125,maze-32-32-20-5-75-7-128-final.mbin,1138.0,0.4140625,1048.0,70000,0.18,78810.0,0.6884198188781738,0.16610212698948026,0.0,205.40234375,maze-64-64-10-1-75-0-256-final.mbin,1008.0,0.84375,1048.0,70000,0.7233333333333334,52583.0,0.8800015449523926,0.16343908234874163,0.0,191.73828125,maze-64-64-10-2-80-1-256-final.mbin,745.0,0.84765625,1048.0,70000,0.7366666666666667,49085.0,0.9014947414398193,0.21545855813215511,0.0,323.48046875,maze-64-64-20-1-75-14-256-final.mbin,1508.0,0.69921875,1048.0,70000,0.62,82811.0,0.8551735877990723,0.27535871182212757,0.0,552.40625,maze-64-64-20-3-80-6-256-final.mbin,3127.0,0.4921875,1048.0,70000,0.42333333333333334,141416.0,0.8559761047363281,0.31264561365519644,0.0,444.54296875,maze-64-64-10-1-75-0-512-final.mbin,3995.0,0.587890625,1048.0,70000,1.04,227606.0,0.8384425640106201,0.4770719013056435,0.0,791.443359375,maze-64-64-20-2-75-4-512-final.mbin,11218.0,0.24609375,1048.0,70000,0.43666666666666665,405219.0,0.893336296081543,0.0,520.2245,6060.5833,0.5028,1048.0,0.27954589620867476,0.0,394.609375,444.0,0.5859375,1048.0,0.2733333333333333,50510.0,0.6468753814697266,0.3160337593008011,0.0,478.703125,723.0,0.53125,1048.0,0.23666666666666666,61274.0,0.691380500793457,0.33804968844216976,0.0,538.125,796.0,0.4453125,1048.0,0.21333333333333335,68880.0,0.7173588275909424,0.37324548460207807,0.0,615.703125,1138.0,0.4140625,1048.0,0.18,78810.0,0.6884198188781738,0.5931910026613232,0.0,882.67578125,25196.0,0.150390625,1048.0,0.5866666666666667,903860.0,1.0024375915527344,0.16610212698948026,0.0,205.40234375,1008.0,0.84375,1048.0,0.7233333333333334,52583.0,0.8800015449523926,0.31264561365519644,0.0,444.54296875,3995.0,0.587890625,1048.0,1.04,227606.0,0.8384425640106201,0.564350241646358,0.0,823.8642578125,22829.0,0.189453125,1048.0,0.7933333333333333,843637.0,0.991804838180542,0.16343908234874163,0.0,191.73828125,745.0,0.84765625,1048.0,0.7366666666666667,49085.0,0.9014947414398193,0.21545855813215511,0.0,323.48046875,1508.0,0.69921875,1048.0,0.62,82811.0,0.8551735877990723,0.4770719013056435,0.0,791.443359375,11218.0,0.24609375,1048.0,0.43666666666666665,405219.0,0.893336296081543,0.27535871182212757,0.0,552.40625,3127.0,0.4921875,1048.0,0.42333333333333334,141416.0,0.8559761047363281,0.5219,247140.9167,0.8302,S,100000,offline,46749573,70000,100000,S_flc64_bps1_steps70000_offline,S_flc64_bps1_steps100000_offline,0.0,70000,0.2586868566551454,0.2922234025393575,0.3793885559976155,0.20505824908109951,
1,4800000,0,64,0.3175,0.26591897923826335,0.0,246.609375,maze-32-32-10-1-75-0-128-final.mbin,238.0,0.78125,1048.0,75000,0.33666666666666667,31566.0,0.6518738269805908,0.5603764382908818,0.0,759.7412109375,maze-64-64-10-1-75-0-1024-final.mbin,19117.0,0.2685546875,1048.0,75000,1.0433333333333332,777975.0,0.9320399761199951,0.540282861709768,0.0,736.5400390625,maze-64-64-10-2-80-1-1024-final.mbin,18161.0,0.2841796875,1048.0,75000,1.11,754217.0,0.9952530860900879,0.2822234380202274,0.0,392.7265625,maze-32-32-10-2-80-10-128-final.mbin,467.0,0.609375,1048.0,75000,0.2733333333333333,50269.0,0.6965901851654053,0.2954563698649175,0.0,406.3984375,maze-32-32-20-1-75-2-128-final.mbin,497.0,0.578125,1048.0,75000,0.27,52019.0,0.7146782875061035,0.3356966799943564,0.0,599.96875,maze-32-32-20-5-75-7-128-final.mbin,974.0,0.4140625,1048.0,75000,0.18666666666666668,76796.0,0.8288931846618652,0.1701341947648438,0.0,235.80078125,maze-64-64-10-1-75-0-256-final.mbin,1265.0,0.80859375,1048.0,75000,0.6933333333333334,60365.0,0.8398501873016357,0.18945321862150163,0.0,279.859375,maze-64-64-10-2-80-1-256-final.mbin,1260.0,0.7421875,1048.0,75000,0.6566666666666666,71644.0,0.9088709354400635,0.16717786394536163,0.0,146.671875,maze-64-64-20-1-75-14-256-final.mbin,421.0,0.8671875,1048.0,75000,0.7766666666666666,37548.0,0.871701717376709,0.26928623709723426,0.0,367.921875,maze-64-64-20-3-80-6-256-final.mbin,1984.0,0.66015625,1048.0,75000,0.5933333333333334,94188.0,0.8706998825073242,0.2722931180779283,0.0,311.0546875,maze-64-64-10-1-75-0-512-final.mbin,2382.0,0.708984375,1048.0,75000,1.2766666666666666,159260.0,0.8736839294433594,0.46196107951050264,0.0,726.07421875,maze-64-64-20-2-75-4-512-final.mbin,10404.0,0.30859375,1048.0,75000,0.5466666666666666,371750.0,0.9572024345397949,0.0,434.1139,4764.1667,0.5859,1048.0,0.26591897923826335,0.0,246.609375,238.0,0.78125,1048.0,0.33666666666666667,31566.0,0.6518738269805908,0.2822234380202274,0.0,392.7265625,467.0,0.609375,1048.0,0.2733333333333333,50269.0,0.6965901851654053,0.2954563698649175,0.0,406.3984375,497.0,0.578125,1048.0,0.27,52019.0,0.7146782875061035,0.3356966799943564,0.0,599.96875,974.0,0.4140625,1048.0,0.18666666666666668,76796.0,0.8288931846618652,0.5603764382908818,0.0,759.7412109375,19117.0,0.2685546875,1048.0,1.0433333333333332,777975.0,0.9320399761199951,0.1701341947648438,0.0,235.80078125,1265.0,0.80859375,1048.0,0.6933333333333334,60365.0,0.8398501873016357,0.2722931180779283,0.0,311.0546875,2382.0,0.708984375,1048.0,1.2766666666666666,159260.0,0.8736839294433594,0.540282861709768,0.0,736.5400390625,18161.0,0.2841796875,1048.0,1.11,754217.0,0.9952530860900879,0.18945321862150163,0.0,279.859375,1260.0,0.7421875,1048.0,0.6566666666666666,71644.0,0.9088709354400635,0.16717786394536163,0.0,146.671875,421.0,0.8671875,1048.0,0.7766666666666666,37548.0,0.871701717376709,0.46196107951050264,0.0,726.07421875,10404.0,0.30859375,1048.0,0.5466666666666666,371750.0,0.9572024345397949,0.26928623709723426,0.0,367.921875,1984.0,0.66015625,1048.0,0.5933333333333334,94188.0,0.8706998825073242,0.6469,211466.4167,0.8451,S,100000,offline,46749573,75000,100000,S_flc64_bps1_steps75000_offline,S_flc64_bps1_steps100000_offline,0.0,75000,0.23574436759946008,0.29190944286549914,0.37245400819641405,0.21136487753458424,
1,5120000,0,64,0.3369,0.2549734788287474,0.0,300.203125,maze-32-32-10-1-75-0-128-final.mbin,334.0,0.6640625,1048.0,80000,0.31333333333333335,38426.0,0.6352050304412842,0.609655503577055,0.0,883.33203125,maze-64-64-10-1-75-0-1024-final.mbin,25592.0,0.14453125,1048.0,80000,0.5666666666666667,904532.0,0.932410478591919,0.5970689443164141,0.0,888.5693359375,maze-64-64-10-2-80-1-1024-final.mbin,25322.0,0.1435546875,1048.0,80000,0.5466666666666666,909895.0,0.8805701732635498,0.3160736356677275,0.0,470.4453125,maze-32-32-10-2-80-10-128-final.mbin,637.0,0.546875,1048.0,80000,0.24,60217.0,0.6837348937988281,0.29453428977778695,0.0,485.5390625,maze-32-32-20-1-75-2-128-final.mbin,628.0,0.515625,1048.0,80000,0.23666666666666666,62149.0,0.7092921733856201,0.3907207953456201,0.0,639.171875,maze-32-32-20-5-75-7-128-final.mbin,1017.0,0.390625,1048.0,80000,0.17,81814.0,0.7665266990661621,0.14208780595977025,0.0,135.98828125,maze-64-64-10-1-75-0-256-final.mbin,374.0,0.90625,1048.0,80000,0.7833333333333333,34813.0,1.0065622329711914,0.19101209474855127,0.0,270.54296875,maze-64-64-10-2-80-1-256-final.mbin,1243.0,0.76953125,1048.0,80000,0.6666666666666666,69259.0,0.9424703121185303,0.17245806057121624,0.0,182.18359375,maze-64-64-20-1-75-14-256-final.mbin,570.0,0.84765625,1048.0,80000,0.7466666666666667,46639.0,0.9095039367675781,0.2724251524969002,0.0,494.609375,maze-64-64-20-3-80-6-256-final.mbin,2642.0,0.5234375,1048.0,80000,0.4766666666666667,126620.0,0.8454301357269287,0.32494649056418634,0.0,435.796875,maze-64-64-10-1-75-0-512-final.mbin,4309.0,0.5703125,1048.0,80000,1.0566666666666666,223128.0,0.8659026622772217,0.47701940582855346,0.0,782.427734375,maze-64-64-20-2-75-4-512-final.mbin,11054.0,0.251953125,1048.0,80000,0.45,400603.0,0.9218366146087646,0.0,497.4008,6143.5,0.5229,1048.0,0.2549734788287474,0.0,300.203125,334.0,0.6640625,1048.0,0.31333333333333335,38426.0,0.6352050304412842,0.3160736356677275,0.0,470.4453125,637.0,0.546875,1048.0,0.24,60217.0,0.6837348937988281,0.29453428977778695,0.0,485.5390625,628.0,0.515625,1048.0,0.23666666666666666,62149.0,0.7092921733856201,0.3907207953456201,0.0,639.171875,1017.0,0.390625,1048.0,0.17,81814.0,0.7665266990661621,0.609655503577055,0.0,883.33203125,25592.0,0.14453125,1048.0,0.5666666666666667,904532.0,0.932410478591919,0.14208780595977025,0.0,135.98828125,374.0,0.90625,1048.0,0.7833333333333333,34813.0,1.0065622329711914,0.32494649056418634,0.0,435.796875,4309.0,0.5703125,1048.0,1.0566666666666666,223128.0,0.8659026622772217,0.5970689443164141,0.0,888.5693359375,25322.0,0.1435546875,1048.0,0.5466666666666666,909895.0,0.8805701732635498,0.19101209474855127,0.0,270.54296875,1243.0,0.76953125,1048.0,0.6666666666666666,69259.0,0.9424703121185303,0.17245806057121624,0.0,182.18359375,570.0,0.84765625,1048.0,0.7466666666666667,46639.0,0.9095039367675781,0.47701940582855346,0.0,782.427734375,11054.0,0.251953125,1048.0,0.45,400603.0,0.9218366146087646,0.2724251524969002,0.0,494.609375,2642.0,0.5234375,1048.0,0.4766666666666667,126620.0,0.8454301357269287,0.5211,246507.9167,0.8416,S,100000,offline,46749573,80000,100000,S_flc64_bps1_steps80000_offline,S_flc64_bps1_steps100000_offline,0.0,80000,0.23779104096352185,0.29704466308849675,0.36849325404189687,0.22559607213509664,
1,5440000,0,64,0.3442,0.24875390431568006,0.0,339.4609375,maze-32-32-10-1-75-0-128-final.mbin,441.0,0.6796875,1048.0,85000,0.2966666666666667,43451.0,0.668041467666626,0.6231445995977422,0.0,904.6015625,maze-64-64-10-1-75-0-1024-final.mbin,26891.0,0.1201171875,1048.0,85000,0.49333333333333335,926312.0,0.9736530780792236,0.6004147663588291,0.0,900.859375,maze-64-64-10-2-80-1-1024-final.mbin,25641.0,0.119140625,1048.0,85000,0.5033333333333333,922480.0,0.9430413246154785,0.28362430477868034,0.0,351.8203125,maze-32-32-10-2-80-10-128-final.mbin,428.0,0.65625,1048.0,85000,0.29,45033.0,0.7004761695861816,0.2671642454756998,0.0,248.9453125,maze-32-32-20-1-75-2-128-final.mbin,227.0,0.6796875,1048.0,85000,0.33666666666666667,31865.0,0.6502931118011475,0.3542672666095759,0.0,567.53125,maze-32-32-20-5-75-7-128-final.mbin,1044.0,0.4453125,1048.0,85000,0.2,72644.0,0.6511099338531494,0.16169528798965202,0.0,164.96484375,maze-64-64-10-1-75-0-256-final.mbin,711.0,0.8828125,1048.0,85000,0.7566666666666667,42231.0,0.8284528255462646,0.19705972428580962,0.0,271.9296875,maze-64-64-10-2-80-1-256-final.mbin,1132.0,0.7578125,1048.0,85000,0.6633333333333333,69614.0,0.8306925296783447,0.21707564927336573,0.0,296.01953125,maze-64-64-20-1-75-14-256-final.mbin,1386.0,0.71875,1048.0,85000,0.6433333333333333,75781.0,0.9191038608551025,0.34353896810845913,0.0,573.44140625,maze-64-64-20-3-80-6-256-final.mbin,3592.0,0.45703125,1048.0,85000,0.4066666666666667,146801.0,0.853447675704956,0.34006310339986445,0.0,411.150390625,maze-64-64-10-1-75-0-512-final.mbin,4563.0,0.615234375,1048.0,85000,1.0966666666666667,210509.0,0.8918418884277344,0.4930631198923997,0.0,749.828125,maze-64-64-20-2-75-4-512-final.mbin,10647.0,0.287109375,1048.0,85000,0.5066666666666667,383912.0,0.846947431564331,0.0,481.7127,6391.9167,0.5349,1048.0,0.24875390431568006,0.0,339.4609375,441.0,0.6796875,1048.0,0.2966666666666667,43451.0,0.668041467666626,0.28362430477868034,0.0,351.8203125,428.0,0.65625,1048.0,0.29,45033.0,0.7004761695861816,0.2671642454756998,0.0,248.9453125,227.0,0.6796875,1048.0,0.33666666666666667,31865.0,0.6502931118011475,0.3542672666095759,0.0,567.53125,1044.0,0.4453125,1048.0,0.2,72644.0,0.6511099338531494,0.6231445995977422,0.0,904.6015625,26891.0,0.1201171875,1048.0,0.49333333333333335,926312.0,0.9736530780792236,0.16169528798965202,0.0,164.96484375,711.0,0.8828125,1048.0,0.7566666666666667,42231.0,0.8284528255462646,0.34006310339986445,0.0,411.150390625,4563.0,0.615234375,1048.0,1.0966666666666667,210509.0,0.8918418884277344,0.6004147663588291,0.0,900.859375,25641.0,0.119140625,1048.0,0.5033333333333333,922480.0,0.9430413246154785,0.19705972428580962,0.0,271.9296875,1132.0,0.7578125,1048.0,0.6633333333333333,69614.0,0.8306925296783447,0.21707564927336573,0.0,296.01953125,1386.0,0.71875,1048.0,0.6433333333333333,75781.0,0.9191038608551025,0.4930631198923997,0.0,749.828125,10647.0,0.287109375,1048.0,0.5066666666666667,383912.0,0.846947431564331,0.34353896810845913,0.0,573.44140625,3592.0,0.45703125,1048.0,0.4066666666666667,146801.0,0.853447675704956,0.5161,247552.75,0.8131,S,100000,offline,46749573,85000,100000,S_flc64_bps1_steps85000_offline,S_flc64_bps1_steps100000_offline,0.0,85000,0.23621112995816035,0.30246303591026097,0.3683122221565728,0.23661384966394916,
1,5760000,0,64,0.3397,0.25891100986743637,0.0,382.984375,maze-32-32-10-1-75-0-128-final.mbin,395.0,0.6171875,1048.0,90000,0.28,49022.0,0.6372840404510498,0.6375517433638,0.0,891.3759765625,maze-64-64-10-1-75-0-1024-final.mbin,26915.0,0.14453125,1048.0,90000,0.54,912769.0,0.9228088855743408,0.611072311381222,0.0,842.99609375,maze-64-64-10-2-80-1-1024-final.mbin,24555.0,0.189453125,1048.0,90000,0.7066666666666667,863228.0,0.9921996593475342,0.27403027626772686,0.0,343.90625,maze-32-32-10-2-80-10-128-final.mbin,475.0,0.65625,1048.0,90000,0.29333333333333333,44020.0,0.7307672500610352,0.2935418727079087,0.0,408.2734375,maze-32-32-20-1-75-2-128-final.mbin,436.0,0.5703125,1048.0,90000,0.27,52259.0,0.6787090301513672,0.37362322188505986,0.0,663.0625,maze-32-32-20-5-75-7-128-final.mbin,1084.0,0.3671875,1048.0,90000,0.16,84872.0,0.7070620059967041,0.16621646116538527,0.0,273.5,maze-64-64-10-1-75-0-256-final.mbin,1112.0,0.7734375,1048.0,90000,0.6633333333333333,70016.0,0.914036750793457,0.1995413955220113,0.0,298.609375,maze-64-64-10-2-80-1-256-final.mbin,1452.0,0.7265625,1048.0,90000,0.6466666666666666,76444.0,0.9491245746612549,0.19347111696448951,0.0,225.87890625,maze-64-64-20-1-75-14-256-final.mbin,709.0,0.79296875,1048.0,90000,0.7066666666666667,57825.0,0.8804385662078857,0.2337438828725665,0.0,295.02734375,maze-64-64-20-3-80-6-256-final.mbin,1146.0,0.75,1048.0,90000,0.6666666666666666,75527.0,0.8414437770843506,0.3656801432922289,0.0,495.51953125,maze-64-64-10-1-75-0-512-final.mbin,5215.0,0.52734375,1048.0,90000,0.95,253706.0,0.8722736835479736,0.46870006752541504,0.0,712.169921875,maze-64-64-20-2-75-4-512-final.mbin,9995.0,0.3203125,1048.0,90000,0.5733333333333334,364631.0,0.9069154262542725,0.0,486.1086,6124.0833,0.5363,1048.0,0.25891100986743637,0.0,382.984375,395.0,0.6171875,1048.0,0.28,49022.0,0.6372840404510498,0.27403027626772686,0.0,343.90625,475.0,0.65625,1048.0,0.29333333333333333,44020.0,0.7307672500610352,0.2935418727079087,0.0,408.2734375,436.0,0.5703125,1048.0,0.27,52259.0,0.6787090301513672,0.37362322188505986,0.0,663.0625,1084.0,0.3671875,1048.0,0.16,84872.0,0.7070620059967041,0.6375517433638,0.0,891.3759765625,26915.0,0.14453125,1048.0,0.54,912769.0,0.9228088855743408,0.16621646116538527,0.0,273.5,1112.0,0.7734375,1048.0,0.6633333333333333,70016.0,0.914036750793457,0.3656801432922289,0.0,495.51953125,5215.0,0.52734375,1048.0,0.95,253706.0,0.8722736835479736,0.611072311381222,0.0,842.99609375,24555.0,0.189453125,1048.0,0.7066666666666667,863228.0,0.9921996593475342,0.1995413955220113,0.0,298.609375,1452.0,0.7265625,1048.0,0.6466666666666666,76444.0,0.9491245746612549,0.19347111696448951,0.0,225.87890625,709.0,0.79296875,1048.0,0.7066666666666667,57825.0,0.8804385662078857,0.46870006752541504,0.0,712.169921875,9995.0,0.3203125,1048.0,0.5733333333333334,364631.0,0.9069154262542725,0.2337438828725665,0.0,295.02734375,1146.0,0.75,1048.0,0.6666666666666666,75527.0,0.8414437770843506,0.5381,242026.5833,0.8361,S,100000,offline,46749573,90000,100000,S_flc64_bps1_steps90000_offline,S_flc64_bps1_steps100000_offline,0.0,90000,0.22641340081645012,0.3361862842571374,0.3660845167077359,0.30628805180653895,
1,6080000,0,64,0.3194,0.24431949048803106,0.0,339.5,maze-32-32-10-1-75-0-128-final.mbin,436.0,0.6796875,1048.0,95000,0.2966666666666667,43456.0,0.6207418441772461,0.511194851716625,0.0,928.89453125,maze-64-64-10-1-75-0-1024-final.mbin,28760.0,0.0986328125,1048.0,95000,0.44,951188.0,1.0198593139648438,0.49820048271530654,0.0,897.517578125,maze-64-64-10-2-80-1-1024-final.mbin,25014.0,0.115234375,1048.0,95000,0.56,919058.0,0.9359707832336426,0.3043621501570388,0.0,414.875,maze-32-32-10-2-80-10-128-final.mbin,686.0,0.6015625,1048.0,95000,0.2633333333333333,53104.0,0.6662321090698242,0.2858850074109065,0.0,381.921875,maze-32-32-20-1-75-2-128-final.mbin,474.0,0.6171875,1048.0,95000,0.28,48886.0,0.6922101974487305,0.4098726569227373,0.0,631.84375,maze-32-32-20-5-75-7-128-final.mbin,1121.0,0.390625,1048.0,95000,0.17333333333333334,80876.0,0.7377707958221436,0.13557510831202502,0.0,108.9296875,maze-64-64-10-1-75-0-256-final.mbin,292.0,0.94140625,1048.0,95000,0.8066666666666666,27886.0,0.9176723957061768,0.18404006916843568,0.0,261.1875,maze-64-64-10-2-80-1-256-final.mbin,1138.0,0.78125,1048.0,95000,0.6733333333333333,66864.0,0.8509578704833984,0.16015214022997376,0.0,151.2734375,maze-64-64-20-1-75-14-256-final.mbin,342.0,0.88671875,1048.0,95000,0.7733333333333333,38726.0,0.8024461269378662,0.2941167198881601,0.0,463.09765625,maze-64-64-20-3-80-6-256-final.mbin,2595.0,0.58203125,1048.0,95000,0.51,118553.0,0.8106341361999512,0.34662766048786997,0.0,547.033203125,maze-64-64-10-1-75-0-512-final.mbin,6254.0,0.4921875,1048.0,95000,0.8666666666666667,280081.0,0.8331146240234375,0.457879168130493,0.0,844.662109375,maze-64-64-20-2-75-4-512-final.mbin,12336.0,0.1953125,1048.0,95000,0.3466666666666667,432467.0,0.9972543716430664,0.0,497.5614,6620.6667,0.5318,1048.0,0.24431949048803106,0.0,339.5,436.0,0.6796875,1048.0,0.2966666666666667,43456.0,0.6207418441772461,0.3043621501570388,0.0,414.875,686.0,0.6015625,1048.0,0.2633333333333333,53104.0,0.6662321090698242,0.2858850074109065,0.0,381.921875,474.0,0.6171875,1048.0,0.28,48886.0,0.6922101974487305,0.4098726569227373,0.0,631.84375,1121.0,0.390625,1048.0,0.17333333333333334,80876.0,0.7377707958221436,0.511194851716625,0.0,928.89453125,28760.0,0.0986328125,1048.0,0.44,951188.0,1.0198593139648438,0.13557510831202502,0.0,108.9296875,292.0,0.94140625,1048.0,0.8066666666666666,27886.0,0.9176723957061768,0.34662766048786997,0.0,547.033203125,6254.0,0.4921875,1048.0,0.8666666666666667,280081.0,0.8331146240234375,0.49820048271530654,0.0,897.517578125,25014.0,0.115234375,1048.0,0.56,919058.0,0.9359707832336426,0.18404006916843568,0.0,261.1875,1138.0,0.78125,1048.0,0.6733333333333333,66864.0,0.8509578704833984,0.16015214022997376,0.0,151.2734375,342.0,0.88671875,1048.0,0.7733333333333333,38726.0,0.8024461269378662,0.457879168130493,0.0,844.662109375,12336.0,0.1953125,1048.0,0.3466666666666667,432467.0,0.9972543716430664,0.2941167198881601,0.0,463.09765625,2595.0,0.58203125,1048.0,0.51,118553.0,0.8106341361999512,0.4992,255095.4167,0.8237,S,100000,offline,46749573,95000,100000,S_flc64_bps1_steps95000_offline,S_flc64_bps1_steps100000_offline,0.0,95000,0.20468457057850523,0.36436079561366025,0.4346120430111356,0.2941095482161849,
1,6400000,0,64,0.3569,0.33122447890393625,0.0,551.75,maze-32-32-10-1-75-0-128-final.mbin,859.0,0.4453125,1048.0,100000,0.20666666666666667,70624.0,0.7166073322296143,0.6127142820219806,0.0,946.6396484375,maze-64-64-10-1-75-0-1024-final.mbin,29564.0,0.0927734375,1048.0,100000,0.3466666666666667,969359.0,0.9103512763977051,0.611869707039971,0.0,881.9990234375,maze-64-64-10-2-80-1-1024-final.mbin,25708.0,0.1513671875,1048.0,100000,0.5666666666666667,903167.0,0.9301211833953857,0.23829799077395733,0.0,219.875,maze-32-32-10-2-80-10-128-final.mbin,244.0,0.78125,1048.0,100000,0.3466666666666667,28144.0,0.6605491638183594,0.3408548591482701,0.0,696.390625,maze-32-32-20-1-75-2-128-final.mbin,1082.0,0.3203125,1048.0,100000,0.14666666666666667,89138.0,0.6602926254272461,0.36947859713953723,0.0,671.0546875,maze-32-32-20-5-75-7-128-final.mbin,1175.0,0.3515625,1048.0,100000,0.15666666666666668,85895.0,0.7108292579650879,0.14562747229327827,0.0,121.32421875,maze-64-64-10-1-75-0-256-final.mbin,335.0,0.91015625,1048.0,100000,0.7966666666666666,31059.0,0.8622846603393555,0.18917041276829843,0.0,254.765625,maze-64-64-10-2-80-1-256-final.mbin,1067.0,0.7734375,1048.0,100000,0.6766666666666666,65220.0,0.803725004196167,0.22937008722698968,0.0,342.63671875,maze-64-64-20-1-75-14-256-final.mbin,1405.0,0.66796875,1048.0,100000,0.6033333333333334,87715.0,0.8020052909851074,0.33096646993532663,0.0,581.515625,maze-64-64-20-3-80-6-256-final.mbin,3566.0,0.44140625,1048.0,100000,0.4,148868.0,0.8051564693450928,0.3825581037084227,0.0,526.625,maze-64-64-10-1-75-0-512-final.mbin,6407.0,0.501953125,1048.0,100000,0.89,269632.0,0.9456379413604736,0.5001154889048532,0.0,802.95703125,maze-64-64-20-2-75-4-512-final.mbin,11701.0,0.232421875,1048.0,100000,0.41333333333333333,411114.0,0.9077246189117432,0.0,549.7944,6926.0833,0.4725,1048.0,0.33122447890393625,0.0,551.75,859.0,0.4453125,1048.0,0.20666666666666667,70624.0,0.7166073322296143,0.23829799077395733,0.0,219.875,244.0,0.78125,1048.0,0.3466666666666667,28144.0,0.6605491638183594,0.3408548591482701,0.0,696.390625,1082.0,0.3203125,1048.0,0.14666666666666667,89138.0,0.6602926254272461,0.36947859713953723,0.0,671.0546875,1175.0,0.3515625,1048.0,0.15666666666666668,85895.0,0.7108292579650879,0.6127142820219806,0.0,946.6396484375,29564.0,0.0927734375,1048.0,0.3466666666666667,969359.0,0.9103512763977051,0.14562747229327827,0.0,121.32421875,335.0,0.91015625,1048.0,0.7966666666666666,31059.0,0.8622846603393555,0.3825581037084227,0.0,526.625,6407.0,0.501953125,1048.0,0.89,269632.0,0.9456379413604736,0.611869707039971,0.0,881.9990234375,25708.0,0.1513671875,1048.0,0.5666666666666667,903167.0,0.9301211833953857,0.18917041276829843,0.0,254.765625,1067.0,0.7734375,1048.0,0.6766666666666666,65220.0,0.803725004196167,0.22937008722698968,0.0,342.63671875,1405.0,0.66796875,1048.0,0.6033333333333334,87715.0,0.8020052909851074,0.5001154889048532,0.0,802.95703125,11701.0,0.232421875,1048.0,0.41333333333333333,411114.0,0.9077246189117432,0.33096646993532663,0.0,581.515625,3566.0,0.44140625,1048.0,0.4,148868.0,0.8051564693450928,0.4625,263327.9167,0.8096,S,100000,offline,46749573,100000,100000,S_flc64_bps1_steps100000_offline,S_flc64_bps1_steps100000_offline,0.0,100000,0.2518937019762597,0.28726365802409637,0.3732398074998375,0.20128750854835523,0.0
2,320000,0,64,0.3272,0.3102032520757005,0.0,871.875,maze-32-32-10-1-75-0-128-final.mbin,1511.0,0.171875,1048.0,5000,0.07333333333333333,111600.0,1.1071698665618896,0.4540479453170623,0.0,1049.0,maze-64-64-10-1-75-0-1024-final.mbin,43404.0,0.0,1048.0,5000,0.0,1074176.0,1.3267583847045898,0.4875230526086652,0.0,1049.0,maze-64-64-10-2-80-1-1024-final.mbin,42908.0,0.0,1048.0,5000,0.0,1074176.0,1.2822494506835938,0.3063254610308327,0.0,682.90625,maze-32-32-10-2-80-10-128-final.mbin,1030.0,0.3359375,1048.0,5000,0.15333333333333332,87412.0,1.1160974502563477,0.3969255224582794,0.0,912.2734375,maze-32-32-20-1-75-2-128-final.mbin,1774.0,0.1328125,1048.0,5000,0.056666666666666664,116771.0,1.0012831687927246,0.36334615003226434,0.0,903.6015625,maze-32-32-20-5-75-7-128-final.mbin,1766.0,0.140625,1048.0,5000,0.06,115661.0,1.0549213886260986,0.25972060318435874,0.0,978.69921875,maze-64-64-10-1-75-0-256-final.mbin,8423.0,0.05859375,1048.0,5000,0.06,250547.0,1.3732898235321045,0.2848085611393896,0.0,910.125,maze-64-64-10-2-80-1-256-final.mbin,6946.0,0.12890625,1048.0,5000,0.12,232992.0,1.2242813110351562,0.24232343969825654,0.0,1009.7109375,maze-64-64-20-1-75-14-256-final.mbin,9193.0,0.03125,1048.0,5000,0.03333333333333333,258486.0,1.2991514205932617,0.21510164603448123,0.0,1049.0,maze-64-64-20-3-80-6-256-final.mbin,11002.0,0.0,1048.0,5000,0.0,268544.0,1.2566556930541992,0.32099497942959365,0.0,1049.0,maze-64-64-10-1-75-0-512-final.mbin,20886.0,0.0,1048.0,5000,0.0,537088.0,1.3145368099212646,0.2849452993346777,0.0,1044.93359375,maze-64-64-20-2-75-4-512-final.mbin,21495.0,0.001953125,1048.0,5000,0.006666666666666667,535006.0,1.2051961421966553,0.0,959.1771,14194.8333,0.0835,1048.0,0.3102032520757005,0.0,871.875,1511.0,0.171875,1048.0,0.07333333333333333,111600.0,1.1071698665618896,0.3063254610308327,0.0,682.90625,1030.0,0.3359375,1048.0,0.15333333333333332,87412.0,1.1160974502563477,0.3969255224582794,0.0,912.2734375,1774.0,0.1328125,1048.0,0.056666666666666664,116771.0,1.0012831687927246,0.36334615003226434,0.0,903.6015625,1766.0,0.140625,1048.0,0.06,115661.0,1.0549213886260986,0.4540479453170623,0.0,1049.0,43404.0,0.0,1048.0,0.0,1074176.0,1.3267583847045898,0.25972060318435874,0.0,978.69921875,8423.0,0.05859375,1048.0,0.06,250547.0,1.3732898235321045,0.32099497942959365,0.0,1049.0,20886.0,0.0,1048.0,0.0,537088.0,1.3145368099212646,0.4875230526086652,0.0,1049.0,42908.0,0.0,1048.0,0.0,1074176.0,1.2822494506835938,0.2848085611393896,0.0,910.125,6946.0,0.12890625,1048.0,0.12,232992.0,1.2242813110351562,0.24232343969825654,0.0,1009.7109375,9193.0,0.03125,1048.0,0.03333333333333333,258486.0,1.2991514205932617,0.2849452993346777,0.0,1044.93359375,21495.0,0.001953125,1048.0,0.006666666666666667,535006.0,1.2051961421966553,0.21510164603448123,0.0,1049.0,11002.0,0.0,1048.0,0.0,268544.0,1.2566556930541992,0.0469,388538.25,1.2135,M,100000,offline,78169477,5000,100000,M_flc64_bps2_steps5000_offline,M_flc64_bps2_steps100000_offline,0.0,5000,0.4916604229483935,0.6070571452910193,0.5858802281298731,0.6282340624521655,
2,640000,0,64,0.3557,0.35981200917705336,0.0,594.03125,maze-32-32-10-1-75-0-128-final.mbin,885.0,0.4375,1048.0,10000,0.19,76036.0,0.9981708526611328,0.5166947063729164,0.0,1020.234375,maze-64-64-10-1-75-0-1024-final.mbin,34841.0,0.0205078125,1048.0,10000,0.09666666666666666,1044720.0,1.3437554836273193,0.506791480563475,0.0,1013.9169921875,maze-64-64-10-2-80-1-1024-final.mbin,33438.0,0.025390625,1048.0,10000,0.12,1038251.0,1.238159418106079,0.2800746510697334,0.0,426.8671875,maze-32-32-10-2-80-10-128-final.mbin,527.0,0.5859375,1048.0,10000,0.26,54639.0,1.0960865020751953,0.40326072725693224,0.0,831.78125,maze-32-32-20-1-75-2-128-final.mbin,1418.0,0.1875,1048.0,10000,0.09,106468.0,0.9962277412414551,0.41391061471925256,0.0,838.765625,maze-32-32-20-5-75-7-128-final.mbin,1531.0,0.1953125,1048.0,10000,0.08666666666666667,107362.0,0.9951615333557129,0.2128302221366141,0.0,518.3984375,maze-64-64-10-1-75-0-256-final.mbin,3120.0,0.51171875,1048.0,10000,0.45,132710.0,1.2611849308013916,0.24062911863418493,0.0,561.83203125,maze-64-64-10-2-80-1-256-final.mbin,3188.0,0.4765625,1048.0,10000,0.4166666666666667,143829.0,1.3198742866516113,0.22912736609399573,0.0,520.9609375,maze-64-64-20-1-75-14-256-final.mbin,2579.0,0.49609375,1048.0,10000,0.45666666666666667,133366.0,1.173513412475586,0.31468933419207845,0.0,748.26171875,maze-64-64-20-3-80-6-256-final.mbin,5099.0,0.296875,1048.0,10000,0.25666666666666665,191555.0,1.217801809310913,0.3649465046219289,0.0,699.44140625,maze-64-64-10-1-75-0-512-final.mbin,8781.0,0.326171875,1048.0,10000,0.6,358114.0,1.3429937362670898,0.4256999421392455,0.0,888.0546875,maze-64-64-20-2-75-4-512-final.mbin,13675.0,0.1484375,1048.0,10000,0.2733333333333333,454684.0,1.2510278224945068,0.0,721.8788,9090.1667,0.309,1048.0,0.35981200917705336,0.0,594.03125,885.0,0.4375,1048.0,0.19,76036.0,0.9981708526611328,0.2800746510697334,0.0,426.8671875,527.0,0.5859375,1048.0,0.26,54639.0,1.0960865020751953,0.40326072725693224,0.0,831.78125,1418.0,0.1875,1048.0,0.09,106468.0,0.9962277412414551,0.41391061471925256,0.0,838.765625,1531.0,0.1953125,1048.0,0.08666666666666667,107362.0,0.9951615333557129,0.5166947063729164,0.0,1020.234375,34841.0,0.0205078125,1048.0,0.09666666666666666,1044720.0,1.3437554836273193,0.2128302221366141,0.0,518.3984375,3120.0,0.51171875,1048.0,0.45,132710.0,1.2611849308013916,0.3649465046219289,0.0,699.44140625,8781.0,0.326171875,1048.0,0.6,358114.0,1.3429937362670898,0.506791480563475,0.0,1013.9169921875,33438.0,0.025390625,1048.0,0.12,1038251.0,1.238159418106079,0.24062911863418493,0.0,561.83203125,3188.0,0.4765625,1048.0,0.4166666666666667,143829.0,1.3198742866516113,0.22912736609399573,0.0,520.9609375,2579.0,0.49609375,1048.0,0.45666666666666667,133366.0,1.173513412475586,0.4256999421392455,0.0,888.0546875,13675.0,0.1484375,1048.0,0.2733333333333333,454684.0,1.2510278224945068,0.31468933419207845,0.0,748.26171875,5099.0,0.296875,1048.0,0.25666666666666665,191555.0,1.217801809310913,0.2747,320144.5,1.1862,M,100000,offline,78169477,10000,100000,M_flc64_bps2_steps10000_offline,M_flc64_bps2_steps100000_offline,0.0,10000,0.3770963967418182,0.4277602642226387,0.48531669674390426,0.37020383170137316,
2,960000,0,64,0.3801,0.34405358218092996,0.0,584.625,maze-32-32-10-1-75-0-128-final.mbin,1034.0,0.4375,1048.0,15000,0.19333333333333333,74832.0,0.957705020904541,0.5540243185132894,0.0,989.634765625,maze-64-64-10-1-75-0-1024-final.mbin,32463.0,0.052734375,1048.0,15000,0.21666666666666667,1013386.0,1.325953483581543,0.545446572967607,0.0,938.1201171875,maze-64-64-10-2-80-1-1024-final.mbin,28979.0,0.087890625,1048.0,15000,0.41,960635.0,1.325594186782837,0.3231910072543093,0.0,464.9296875,maze-32-32-10-2-80-10-128-final.mbin,578.0,0.546875,1048.0,15000,0.24333333333333335,59511.0,1.003591537475586,0.42597773617782825,0.0,785.671875,maze-32-32-20-1-75-2-128-final.mbin,1435.0,0.2421875,1048.0,15000,0.11,100566.0,1.0111498832702637,0.42362517692355706,0.0,798.71875,maze-32-32-20-5-75-7-128-final.mbin,1409.0,0.2421875,1048.0,15000,0.10333333333333333,102236.0,1.016754150390625,0.21856246620285086,0.0,406.1328125,maze-64-64-10-1-75-0-256-final.mbin,2340.0,0.6328125,1048.0,15000,0.55,103970.0,1.18715500831604,0.24640320501650212,0.0,492.2578125,maze-64-64-10-2-80-1-256-final.mbin,2575.0,0.5390625,1048.0,15000,0.47333333333333333,126018.0,1.188647747039795,0.2992703211291045,0.0,660.078125,maze-64-64-20-1-75-14-256-final.mbin,4057.0,0.375,1048.0,15000,0.33,168980.0,1.1931052207946777,0.29285186367153304,0.0,665.58203125,maze-64-64-20-3-80-6-256-final.mbin,4358.0,0.37890625,1048.0,15000,0.33,170389.0,1.2437834739685059,0.41061425146120706,0.0,683.89453125,maze-64-64-10-1-75-0-512-final.mbin,8675.0,0.359375,1048.0,15000,0.6233333333333333,350154.0,1.2854359149932861,0.47740799169927184,0.0,878.99609375,maze-64-64-20-2-75-4-512-final.mbin,12963.0,0.16015625,1048.0,15000,0.2866666666666667,450046.0,1.2413489818572998,0.0,695.7201,8405.5,0.3379,1048.0,0.34405358218092996,0.0,584.625,1034.0,0.4375,1048.0,0.19333333333333333,74832.0,0.957705020904541,0.3231910072543093,0.0,464.9296875,578.0,0.546875,1048.0,0.24333333333333335,59511.0,1.003591537475586,0.42597773617782825,0.0,785.671875,1435.0,0.2421875,1048.0,0.11,100566.0,1.0111498832702637,0.42362517692355706,0.0,798.71875,1409.0,0.2421875,1048.0,0.10333333333333333,102236.0,1.016754150390625,0.5540243185132894,0.0,989.634765625,32463.0,0.052734375,1048.0,0.21666666666666667,1013386.0,1.325953483581543,0.21856246620285086,0.0,406.1328125,2340.0,0.6328125,1048.0,0.55,103970.0,1.18715500831604,0.41061425146120706,0.0,683.89453125,8675.0,0.359375,1048.0,0.6233333333333333,350154.0,1.2854359149932861,0.545446572967607,0.0,938.1201171875,28979.0,0.087890625,1048.0,0.41,960635.0,1.325594186782837,0.24640320501650212,0.0,492.2578125,2575.0,0.5390625,1048.0,0.47333333333333333,126018.0,1.188647747039795,0.2992703211291045,0.0,660.078125,4057.0,0.375,1048.0,0.33,168980.0,1.1931052207946777,0.47740799169927184,0.0,878.99609375,12963.0,0.16015625,1048.0,0.2866666666666667,450046.0,1.2413489818572998,0.29285186367153304,0.0,665.58203125,4358.0,0.37890625,1048.0,0.33,170389.0,1.2437834739685059,0.3225,306726.9167,1.165,M,100000,offline,78169477,15000,100000,M_flc64_bps2_steps15000_offline,M_flc64_bps2_steps100000_offline,0.0,15000,0.27973757409616146,0.461111778915995,0.4836623987340726,0.43856115909791743,
2,1280000,0,64,0.3255,0.2667636247905559,0.0,513.5703125,maze-32-32-10-1-75-0-128-final.mbin,646.0,0.4921875,1048.0,20000,0.22333333333333333,65737.0,1.0071580410003662,0.5434599944426858,0.0,1012.9501953125,maze-64-64-10-1-75-0-1024-final.mbin,32121.0,0.033203125,1048.0,20000,0.12333333333333334,1037261.0,1.2953319549560547,0.5201328104242354,0.0,995.9921875,maze-64-64-10-2-80-1-1024-final.mbin,31789.0,0.0439453125,1048.0,20000,0.18,1019896.0,1.4291486740112305,0.27924363689575976,0.0,386.875,maze-32-32-10-2-80-10-128-final.mbin,594.0,0.625,1048.0,20000,0.27666666666666667,49520.0,1.0367279052734375,0.327010644139934,0.0,665.6015625,maze-32-32-20-1-75-2-128-final.mbin,985.0,0.3203125,1048.0,20000,0.16,85197.0,1.0239903926849365,0.35693344323963794,0.0,617.125,maze-32-32-20-5-75-7-128-final.mbin,1119.0,0.3984375,1048.0,20000,0.18,78992.0,0.9834249019622803,0.14067524508177043,0.0,167.57421875,maze-64-64-10-1-75-0-256-final.mbin,463.0,0.875,1048.0,20000,0.7566666666666667,42899.0,1.1582212448120117,0.18528595429021638,0.0,336.26953125,maze-64-64-10-2-80-1-256-final.mbin,1804.0,0.671875,1048.0,20000,0.6066666666666667,86085.0,1.355564832687378,0.23360156183547365,0.0,358.15625,maze-64-64-20-1-75-14-256-final.mbin,1608.0,0.63671875,1048.0,20000,0.5933333333333334,91688.0,1.1897220611572266,0.22692824948371793,0.0,442.37109375,maze-64-64-20-3-80-6-256-final.mbin,2316.0,0.55859375,1048.0,20000,0.52,113247.0,1.2792079448699951,0.3684729330732138,0.0,590.162109375,maze-64-64-10-1-75-0-512-final.mbin,7051.0,0.43359375,1048.0,20000,0.7866666666666666,302163.0,1.2006638050079346,0.45777866384902427,0.0,791.705078125,maze-64-64-20-2-75-4-512-final.mbin,11284.0,0.236328125,1048.0,20000,0.43666666666666665,405353.0,1.1952884197235107,0.0,573.196,7648.3333,0.4438,1048.0,0.2667636247905559,0.0,513.5703125,646.0,0.4921875,1048.0,0.22333333333333333,65737.0,1.0071580410003662,0.27924363689575976,0.0,386.875,594.0,0.625,1048.0,0.27666666666666667,49520.0,1.0367279052734375,0.327010644139934,0.0,665.6015625,985.0,0.3203125,1048.0,0.16,85197.0,1.0239903926849365,0.35693344323963794,0.0,617.125,1119.0,0.3984375,1048.0,0.18,78992.0,0.9834249019622803,0.5434599944426858,0.0,1012.9501953125,32121.0,0.033203125,1048.0,0.12333333333333334,1037261.0,1.2953319549560547,0.14067524508177043,0.0,167.57421875,463.0,0.875,1048.0,0.7566666666666667,42899.0,1.1582212448120117,0.3684729330732138,0.0,590.162109375,7051.0,0.43359375,1048.0,0.7866666666666666,302163.0,1.2006638050079346,0.5201328104242354,0.0,995.9921875,31789.0,0.0439453125,1048.0,0.18,1019896.0,1.4291486740112305,0.18528595429021638,0.0,336.26953125,1804.0,0.671875,1048.0,0.6066666666666667,86085.0,1.355564832687378,0.23360156183547365,0.0,358.15625,1608.0,0.63671875,1048.0,0.5933333333333334,91688.0,1.1897220611572266,0.45777866384902427,0.0,791.705078125,11284.0,0.236328125,1048.0,0.43666666666666665,405353.0,1.1952884197235107,0.22692824948371793,0.0,442.37109375,2316.0,0.55859375,1048.0,0.52,113247.0,1.2792079448699951,0.4036,281503.1667,1.1795,M,100000,offline,78169477,20000,100000,M_flc64_bps2_steps20000_offline,M_flc64_bps2_steps100000_offline,0.0,20000,0.26084997719452296,0.3421923865057277,0.42803171443731963,0.25635305857413576,
2,1600000,0,64,0.3094,0.30453171493341186,0.0,452.4140625,maze-32-32-10-1-75-0-128-final.mbin,517.0,0.5546875,1048.0,25000,0.25,57909.0,1.043135404586792,0.410036550438825,0.0,1049.0,maze-64-64-10-1-75-0-1024-final.mbin,43168.0,0.0,1048.0,25000,0.0,1074176.0,1.3645319938659668,0.4228129668614711,0.0,1049.0,maze-64-64-10-2-80-1-1024-final.mbin,42879.0,0.0,1048.0,25000,0.0,1074176.0,1.326179027557373,0.2960377088790904,0.0,432.484375,maze-32-32-10-2-80-10-128-final.mbin,619.0,0.59375,1048.0,25000,0.25666666666666665,55358.0,1.058358907699585,0.33724177322132154,0.0,627.0078125,maze-32-32-20-1-75-2-128-final.mbin,1058.0,0.3671875,1048.0,25000,0.17666666666666667,80257.0,0.9828789234161377,0.4138809380861078,0.0,671.7578125,maze-32-32-20-5-75-7-128-final.mbin,1190.0,0.3671875,1048.0,25000,0.15666666666666668,85985.0,1.0481152534484863,0.15664930486388265,0.0,208.55859375,maze-64-64-10-1-75-0-256-final.mbin,868.0,0.84375,1048.0,25000,0.7233333333333334,53391.0,1.196850061416626,0.2112256620292418,0.0,380.796875,maze-64-64-10-2-80-1-256-final.mbin,1866.0,0.65234375,1048.0,25000,0.57,97484.0,1.222884178161621,0.204410637402576,0.0,359.23046875,maze-64-64-20-1-75-14-256-final.mbin,1485.0,0.671875,1048.0,25000,0.5933333333333334,91963.0,1.3004653453826904,0.3034374788590521,0.0,602.68359375,maze-64-64-20-3-80-6-256-final.mbin,4037.0,0.42578125,1048.0,25000,0.38,154287.0,1.3008923530578613,0.3668152058714224,0.0,588.029296875,maze-64-64-10-1-75-0-512-final.mbin,6393.0,0.48046875,1048.0,25000,0.8433333333333334,301071.0,1.392094373703003,0.2858601269339982,0.0,1042.9765625,maze-64-64-20-2-75-4-512-final.mbin,20787.0,0.001953125,1048.0,25000,0.01,534004.0,1.3596622943878174,0.0,621.995,10405.5833,0.4132,1048.0,0.30453171493341186,0.0,452.4140625,517.0,0.5546875,1048.0,0.25,57909.0,1.043135404586792,0.2960377088790904,0.0,432.484375,619.0,0.59375,1048.0,0.25666666666666665,55358.0,1.058358907699585,0.33724177322132154,0.0,627.0078125,1058.0,0.3671875,1048.0,0.17666666666666667,80257.0,0.9828789234161377,0.4138809380861078,0.0,671.7578125,1190.0,0.3671875,1048.0,0.15666666666666668,85985.0,1.0481152534484863,0.410036550438825,0.0,1049.0,43168.0,0.0,1048.0,0.0,1074176.0,1.3645319938659668,0.15664930486388265,0.0,208.55859375,868.0,0.84375,1048.0,0.7233333333333334,53391.0,1.196850061416626,0.3668152058714224,0.0,588.029296875,6393.0,0.48046875,1048.0,0.8433333333333334,301071.0,1.392094373703003,0.4228129668614711,0.0,1049.0,42879.0,0.0,1048.0,0.0,1074176.0,1.326179027557373,0.2112256620292418,0.0,380.796875,1866.0,0.65234375,1048.0,0.57,97484.0,1.222884178161621,0.204410637402576,0.0,359.23046875,1485.0,0.671875,1048.0,0.5933333333333334,91963.0,1.3004653453826904,0.2858601269339982,0.0,1042.9765625,20787.0,0.001953125,1048.0,0.01,534004.0,1.3596622943878174,0.3034374788590521,0.0,602.68359375,4037.0,0.42578125,1048.0,0.38,154287.0,1.3008923530578613,0.33,305005.0833,1.2163,M,100000,offline,78169477,25000,100000,M_flc64_bps2_steps25000_offline,M_flc64_bps2_steps100000_offline,0.0,25000,0.26072134050682116,0.41300048984842797,0.427409671770879,0.39859130792597686,
2,1920000,0,64,0.3471,0.26032987215031556,0.0,366.1953125,maze-32-32-10-1-75-0-128-final.mbin,446.0,0.609375,1048.0,30000,0.2866666666666667,46873.0,0.9847357273101807,0.6449039518632282,0.0,899.4990234375,maze-64-64-10-1-75-0-1024-final.mbin,26818.0,0.1376953125,1048.0,30000,0.51,921087.0,1.4434287548065186,0.6131351131345455,0.0,910.7646484375,maze-64-64-10-2-80-1-1024-final.mbin,26724.0,0.125,1048.0,30000,0.4666666666666667,932623.0,1.312488079071045,0.28539881506881903,0.0,471.640625,maze-32-32-10-2-80-10-128-final.mbin,728.0,0.5546875,1048.0,30000,0.24,60370.0,1.0843467712402344,0.307949052710548,0.0,600.7578125,maze-32-32-20-1-75-2-128-final.mbin,805.0,0.3515625,1048.0,30000,0.18666666666666668,76897.0,1.0346169471740723,0.4048051196991288,0.0,750.9453125,maze-32-32-20-5-75-7-128-final.mbin,1417.0,0.2890625,1048.0,30000,0.12333333333333334,96121.0,1.0007750988006592,0.13942524228759423,0.0,166.2578125,maze-64-64-10-1-75-0-256-final.mbin,519.0,0.84765625,1048.0,30000,0.7566666666666667,42562.0,1.2929556369781494,0.16552414914209626,0.0,222.21875,maze-64-64-10-2-80-1-256-final.mbin,774.0,0.81640625,1048.0,30000,0.71,56888.0,1.1989941596984863,0.20405831977195055,0.0,306.36328125,maze-64-64-20-1-75-14-256-final.mbin,1090.0,0.69921875,1048.0,30000,0.6366666666666667,78429.0,1.1855297088623047,0.2938118188438073,0.0,530.6953125,maze-64-64-20-3-80-6-256-final.mbin,3347.0,0.5078125,1048.0,30000,0.44333333333333336,135858.0,1.1711761951446533,0.391175528939896,0.0,625.6015625,maze-64-64-10-1-75-0-512-final.mbin,6830.0,0.39453125,1048.0,30000,0.72,320308.0,1.3253283500671387,0.4542396765184172,0.0,802.49609375,maze-64-64-20-2-75-4-512-final.mbin,11118.0,0.234375,1048.0,30000,0.4166666666666667,410878.0,1.2453045845031738,0.0,554.453,6718.0,0.4639,1048.0,0.26032987215031556,0.0,366.1953125,446.0,0.609375,1048.0,0.2866666666666667,46873.0,0.9847357273101807,0.28539881506881903,0.0,471.640625,728.0,0.5546875,1048.0,0.24,60370.0,1.0843467712402344,0.307949052710548,0.0,600.7578125,805.0,0.3515625,1048.0,0.18666666666666668,76897.0,1.0346169471740723,0.4048051196991288,0.0,750.9453125,1417.0,0.2890625,1048.0,0.12333333333333334,96121.0,1.0007750988006592,0.6449039518632282,0.0,899.4990234375,26818.0,0.1376953125,1048.0,0.51,921087.0,1.4434287548065186,0.13942524228759423,0.0,166.2578125,519.0,0.84765625,1048.0,0.7566666666666667,42562.0,1.2929556369781494,0.391175528939896,0.0,625.6015625,6830.0,0.39453125,1048.0,0.72,320308.0,1.3253283500671387,0.6131351131345455,0.0,910.7646484375,26724.0,0.125,1048.0,0.4666666666666667,932623.0,1.312488079071045,0.16552414914209626,0.0,222.21875,774.0,0.81640625,1048.0,0.71,56888.0,1.1989941596984863,0.20405831977195055,0.0,306.36328125,1090.0,0.69921875,1048.0,0.6366666666666667,78429.0,1.1855297088623047,0.4542396765184172,0.0,802.49609375,11118.0,0.234375,1048.0,0.4166666666666667,410878.0,1.2453045845031738,0.2938118188438073,0.0,530.6953125,3347.0,0.5078125,1048.0,0.44333333333333336,135858.0,1.1711761951446533,0.4581,264907.8333,1.19,M,100000,offline,78169477,30000,100000,M_flc64_bps2_steps30000_offline,M_flc64_bps2_steps100000_offline,0.0,30000,0.2395834492036772,0.3018575018934207,0.396068371285753,0.20764663250108842,
2,2240000,0,64,0.3328,0.23168464193302285,0.0,220.8515625,maze-32-32-10-1-75-0-128-final.mbin,281.0,0.7890625,1048.0,35000,0.3466666666666667,28269.0,0.9877471923828125,0.5715139551196354,0.0,957.4111328125,maze-64-64-10-1-75-0-1024-final.mbin,27800.0,0.0771484375,1048.0,35000,0.33666666666666667,980389.0,1.26021146774292,0.5482551617088536,0.0,894.013671875,maze-64-64-10-2-80-1-1024-final.mbin,24641.0,0.115234375,1048.0,35000,0.57,915470.0,1.2773377895355225,0.27954494554866655,0.0,393.09375,maze-32-32-10-2-80-10-128-final.mbin,466.0,0.6171875,1048.0,35000,0.2733333333333333,50316.0,1.0305681228637695,0.3738770127587137,0.0,656.53125,maze-32-32-20-1-75-2-128-final.mbin,904.0,0.3359375,1048.0,35000,0.16333333333333333,84036.0,1.0707075595855713,0.4146694735027323,0.0,743.03125,maze-32-32-20-5-75-7-128-final.mbin,1321.0,0.2890625,1048.0,35000,0.12666666666666668,95108.0,1.0330688953399658,0.1528037867089474,0.0,175.15234375,maze-64-64-10-1-75-0-256-final.mbin,715.0,0.8671875,1048.0,35000,0.75,44839.0,1.2444684505462646,0.1720114325583342,0.0,214.2109375,maze-64-64-10-2-80-1-256-final.mbin,797.0,0.828125,1048.0,35000,0.7166666666666667,54838.0,1.243246078491211,0.20382769426284789,0.0,272.5,maze-64-64-20-1-75-14-256-final.mbin,1079.0,0.75390625,1048.0,35000,0.67,69760.0,1.2225146293640137,0.23204538882454065,0.0,349.31640625,maze-64-64-20-3-80-6-256-final.mbin,1533.0,0.671875,1048.0,35000,0.61,89425.0,1.2473759651184082,0.35924311853882734,0.0,478.638671875,maze-64-64-10-1-75-0-512-final.mbin,4907.0,0.546875,1048.0,35000,0.9866666666666667,245063.0,1.2362112998962402,0.4540738131685036,0.0,767.146484375,maze-64-64-20-2-75-4-512-final.mbin,10828.0,0.2734375,1048.0,35000,0.48,392779.0,1.2824385166168213,0.0,510.1581,6272.6667,0.5138,1048.0,0.23168464193302285,0.0,220.8515625,281.0,0.7890625,1048.0,0.3466666666666667,28269.0,0.9877471923828125,0.27954494554866655,0.0,393.09375,466.0,0.6171875,1048.0,0.2733333333333333,50316.0,1.0305681228637695,0.3738770127587137,0.0,656.53125,904.0,0.3359375,1048.0,0.16333333333333333,84036.0,1.0707075595855713,0.4146694735027323,0.0,743.03125,1321.0,0.2890625,1048.0,0.12666666666666668,95108.0,1.0330688953399658,0.5715139551196354,0.0,957.4111328125,27800.0,0.0771484375,1048.0,0.33666666666666667,980389.0,1.26021146774292,0.1528037867089474,0.0,175.15234375,715.0,0.8671875,1048.0,0.75,44839.0,1.2444684505462646,0.35924311853882734,0.0,478.638671875,4907.0,0.546875,1048.0,0.9866666666666667,245063.0,1.2362112998962402,0.5482551617088536,0.0,894.013671875,24641.0,0.115234375,1048.0,0.57,915470.0,1.2773377895355225,0.1720114325583342,0.0,214.2109375,797.0,0.828125,1048.0,0.7166666666666667,54838.0,1.243246078491211,0.20382769426284789,0.0,272.5,1079.0,0.75390625,1048.0,0.67,69760.0,1.2225146293640137,0.4540738131685036,0.0,767.146484375,10828.0,0.2734375,1048.0,0.48,392779.0,1.2824385166168213,0.23204538882454065,0.0,349.31640625,1533.0,0.671875,1048.0,0.61,89425.0,1.2473759651184082,0.5025,254191.0,1.178,M,100000,offline,78169477,35000,100000,M_flc64_bps2_steps35000_offline,M_flc64_bps2_steps100000_offline,0.0,35000,0.26759589193730776,0.3358290615396361,0.40362163391519557,0.26803648916407663,
2,2560000,0,64,0.2927,0.2654081685859237,0.0,326.3515625,maze-32-32-10-1-75-0-128-final.mbin,439.0,0.6875,1048.0,40000,0.30333333333333334,41773.0,1.0467488765716553,0.45569984857427526,0.0,1044.9814453125,maze-64-64-10-1-75-0-1024-final.mbin,42941.0,0.001953125,1048.0,40000,0.013333333333333334,1070061.0,1.3133430480957031,0.45934276085772685,0.0,1049.0,maze-64-64-10-2-80-1-1024-final.mbin,42196.0,0.0,1048.0,40000,0.0,1074176.0,1.3558697700500488,0.29188844900764316,0.0,378.5546875,maze-32-32-10-2-80-10-128-final.mbin,476.0,0.65625,1048.0,40000,0.28,48455.0,1.0303668975830078,0.2750318321177642,0.0,311.875,maze-32-32-20-1-75-2-128-final.mbin,324.0,0.6171875,1048.0,40000,0.31,39920.0,1.0550367832183838,0.40573624860407476,0.0,679.2421875,maze-32-32-20-5-75-7-128-final.mbin,1255.0,0.359375,1048.0,40000,0.15333333333333332,86943.0,1.0500812530517578,0.1565257260207215,0.0,200.18359375,maze-64-64-10-1-75-0-256-final.mbin,761.0,0.828125,1048.0,40000,0.7333333333333333,51247.0,1.2084252834320068,0.1565687835044453,0.0,165.3828125,maze-64-64-10-2-80-1-256-final.mbin,462.0,0.88671875,1048.0,40000,0.77,42338.0,1.3269548416137695,0.1767607999371091,0.0,249.70703125,maze-64-64-20-1-75-14-256-final.mbin,732.0,0.78515625,1048.0,40000,0.69,63925.0,1.2261927127838135,0.2565623856613519,0.0,432.83984375,maze-64-64-20-3-80-6-256-final.mbin,2007.0,0.6015625,1048.0,40000,0.5366666666666666,110807.0,1.2444548606872559,0.3098056290124038,0.0,1036.841796875,maze-64-64-10-1-75-0-512-final.mbin,19415.0,0.001953125,1048.0,40000,0.02,530863.0,1.2975378036499023,0.3034809740441729,0.0,1040.953125,maze-64-64-20-2-75-4-512-final.mbin,20574.0,0.00390625,1048.0,40000,0.013333333333333334,532968.0,1.280599594116211,0.0,576.3261,10965.1667,0.4525,1048.0,0.2654081685859237,0.0,326.3515625,439.0,0.6875,1048.0,0.30333333333333334,41773.0,1.0467488765716553,0.29188844900764316,0.0,378.5546875,476.0,0.65625,1048.0,0.28,48455.0,1.0303668975830078,0.2750318321177642,0.0,311.875,324.0,0.6171875,1048.0,0.31,39920.0,1.0550367832183838,0.40573624860407476,0.0,679.2421875,1255.0,0.359375,1048.0,0.15333333333333332,86943.0,1.0500812530517578,0.45569984857427526,0.0,1044.9814453125,42941.0,0.001953125,1048.0,0.013333333333333334,1070061.0,1.3133430480957031,0.1565257260207215,0.0,200.18359375,761.0,0.828125,1048.0,0.7333333333333333,51247.0,1.2084252834320068,0.3098056290124038,0.0,1036.841796875,19415.0,0.001953125,1048.0,0.02,530863.0,1.2975378036499023,0.45934276085772685,0.0,1049.0,42196.0,0.0,1048.0,0.0,1074176.0,1.3558697700500488,0.1565687835044453,0.0,165.3828125,462.0,0.88671875,1048.0,0.77,42338.0,1.3269548416137695,0.1767607999371091,0.0,249.70703125,732.0,0.78515625,1048.0,0.69,63925.0,1.2261927127838135,0.3034809740441729,0.0,1040.953125,20574.0,0.00390625,1048.0,0.013333333333333334,532968.0,1.280599594116211,0.2565623856613519,0.0,432.83984375,2007.0,0.6015625,1048.0,0.5366666666666666,110807.0,1.2444548606872559,0.3186,307789.6667,1.203,M,100000,offline,78169477,40000,100000,M_flc64_bps2_steps40000_offline,M_flc64_bps2_steps100000_offline,0.0,40000,0.27090955465167627,0.35971427734999495,0.38711056573950886,0.33231798896048104,
2,2880000,0,64,0.283,0.2675321836548984,0.0,249.7890625,maze-32-32-10-1-75-0-128-final.mbin,268.0,0.765625,1048.0,45000,0.33666666666666667,31973.0,1.0192792415618896,0.4049566212269304,0.0,1049.0,maze-64-64-10-1-75-0-1024-final.mbin,43056.0,0.0,1048.0,45000,0.0,1074176.0,1.2830462455749512,0.3941047048675962,0.0,1049.0,maze-64-64-10-2-80-1-1024-final.mbin,42369.0,0.0,1048.0,45000,0.0,1074176.0,1.310445785522461,0.23696012512059808,0.0,209.671875,maze-32-32-10-2-80-10-128-final.mbin,262.0,0.8203125,1048.0,45000,0.35,26838.0,1.0217151641845703,0.2949954103133615,0.0,374.671875,maze-32-32-20-1-75-2-128-final.mbin,430.0,0.609375,1048.0,45000,0.2833333333333333,47958.0,1.0170948505401611,0.38423245669914885,0.0,695.71875,maze-32-32-20-5-75-7-128-final.mbin,1208.0,0.34375,1048.0,45000,0.14666666666666667,89052.0,1.0333049297332764,0.14927152615830389,0.0,159.46484375,maze-64-64-10-1-75-0-256-final.mbin,463.0,0.890625,1048.0,45000,0.77,40823.0,1.302198886871338,0.15081054715092043,0.0,126.41796875,maze-64-64-10-2-80-1-256-final.mbin,252.0,0.921875,1048.0,45000,0.7966666666666666,32363.0,1.224196195602417,0.18532952971450023,0.0,190.74609375,maze-64-64-20-1-75-14-256-final.mbin,589.0,0.85546875,1048.0,45000,0.7466666666666667,48831.0,1.2292468547821045,0.3329426320738935,0.0,497.48046875,maze-64-64-20-3-80-6-256-final.mbin,2917.0,0.5390625,1048.0,45000,0.4766666666666667,127355.0,1.3077712059020996,0.3006953913428307,0.0,1046.974609375,maze-64-64-10-1-75-0-512-final.mbin,19781.0,0.001953125,1048.0,45000,0.0033333333333333335,536051.0,1.344531536102295,0.2936562275007021,0.0,1042.939453125,maze-64-64-20-2-75-4-512-final.mbin,20736.0,0.001953125,1048.0,45000,0.01,533985.0,1.3458762168884277,0.0,557.6562,11027.5833,0.4792,1048.0,0.2675321836548984,0.0,249.7890625,268.0,0.765625,1048.0,0.33666666666666667,31973.0,1.0192792415618896,0.23696012512059808,0.0,209.671875,262.0,0.8203125,1048.0,0.35,26838.0,1.0217151641845703,0.2949954103133615,0.0,374.671875,430.0,0.609375,1048.0,0.2833333333333333,47958.0,1.0170948505401611,0.38423245669914885,0.0,695.71875,1208.0,0.34375,1048.0,0.14666666666666667,89052.0,1.0333049297332764,0.4049566212269304,0.0,1049.0,43056.0,0.0,1048.0,0.0,1074176.0,1.2830462455749512,0.14927152615830389,0.0,159.46484375,463.0,0.890625,1048.0,0.77,40823.0,1.302198886871338,0.3006953913428307,0.0,1046.974609375,19781.0,0.001953125,1048.0,0.0033333333333333335,536051.0,1.344531536102295,0.3941047048675962,0.0,1049.0,42369.0,0.0,1048.0,0.0,1074176.0,1.310445785522461,0.15081054715092043,0.0,126.41796875,252.0,0.921875,1048.0,0.7966666666666666,32363.0,1.224196195602417,0.18532952971450023,0.0,190.74609375,589.0,0.85546875,1048.0,0.7466666666666667,48831.0,1.2292468547821045,0.2936562275007021,0.0,1042.939453125,20736.0,0.001953125,1048.0,0.01,533985.0,1.3458762168884277,0.3329426320738935,0.0,497.48046875,2917.0,0.5390625,1048.0,0.4766666666666667,127355.0,1.3077712059020996,0.3267,305298.4167,1.2032,M,100000,offline,78169477,45000,100000,M_flc64_bps2_steps45000_offline,M_flc64_bps2_steps100000_offline,0.0,45000,0.23721471298062308,0.4801729737807837,0.39306338560461346,0.5672825619569539,
2,3200000,0,64,0.2808,0.24694394505023942,0.0,270.109375,maze-32-32-10-1-75-0-128-final.mbin,305.0,0.734375,1048.0,50000,0.32666666666666666,34574.0,0.9830870628356934,0.42656716582414,0.0,1049.0,maze-64-64-10-1-75-0-1024-final.mbin,43186.0,0.0,1048.0,50000,0.0,1074176.0,1.2809011936187744,0.4336045703032798,0.0,1049.0,maze-64-64-10-2-80-1-1024-final.mbin,42259.0,0.0,1048.0,50000,0.0,1074176.0,1.4053261280059814,0.23199910674015173,0.0,182.0,maze-32-32-10-2-80-10-128-final.mbin,183.0,0.8515625,1048.0,50000,0.36333333333333334,23296.0,1.0882203578948975,0.30911460835677607,0.0,332.6328125,maze-32-32-20-1-75-2-128-final.mbin,430.0,0.640625,1048.0,50000,0.3,42577.0,1.0543651580810547,0.35934718322719383,0.0,514.078125,maze-32-32-20-5-75-7-128-final.mbin,761.0,0.515625,1048.0,50000,0.22333333333333333,65802.0,1.0304887294769287,0.14371451397945678,0.0,116.2109375,maze-64-64-10-1-75-0-256-final.mbin,177.0,0.95703125,1048.0,50000,0.82,29750.0,1.298966407775879,0.14876079848235707,0.0,136.6953125,maze-64-64-10-2-80-1-256-final.mbin,276.0,0.92578125,1048.0,50000,0.7966666666666666,34994.0,1.4814989566802979,0.17091995883380887,0.0,163.109375,maze-64-64-20-1-75-14-256-final.mbin,352.0,0.86328125,1048.0,50000,0.7733333333333333,41756.0,1.2756247520446777,0.27175430616901364,0.0,465.7265625,maze-64-64-20-3-80-6-256-final.mbin,2887.0,0.58203125,1048.0,50000,0.5066666666666667,119226.0,1.2402558326721191,0.30779824981682863,0.0,1042.927734375,maze-64-64-10-1-75-0-512-final.mbin,19853.0,0.0,1048.0,50000,0.01,533979.0,1.2047288417816162,0.31879108701461645,0.0,1042.91796875,maze-64-64-20-2-75-4-512-final.mbin,20724.0,0.001953125,1048.0,50000,0.01,533974.0,1.3167541027069092,0.0,530.3674,10949.4167,0.506,1048.0,0.24694394505023942,0.0,270.109375,305.0,0.734375,1048.0,0.32666666666666666,34574.0,0.9830870628356934,0.23199910674015173,0.0,182.0,183.0,0.8515625,1048.0,0.36333333333333334,23296.0,1.0882203578948975,0.30911460835677607,0.0,332.6328125,430.0,0.640625,1048.0,0.3,42577.0,1.0543651580810547,0.35934718322719383,0.0,514.078125,761.0,0.515625,1048.0,0.22333333333333333,65802.0,1.0304887294769287,0.42656716582414,0.0,1049.0,43186.0,0.0,1048.0,0.0,1074176.0,1.2809011936187744,0.14371451397945678,0.0,116.2109375,177.0,0.95703125,1048.0,0.82,29750.0,1.298966407775879,0.30779824981682863,0.0,1042.927734375,19853.0,0.0,1048.0,0.01,533979.0,1.2047288417816162,0.4336045703032798,0.0,1049.0,42259.0,0.0,1048.0,0.0,1074176.0,1.4053261280059814,0.14876079848235707,0.0,136.6953125,276.0,0.92578125,1048.0,0.7966666666666666,34994.0,1.4814989566802979,0.17091995883380887,0.0,163.109375,352.0,0.86328125,1048.0,0.7733333333333333,41756.0,1.2756247520446777,0.31879108701461645,0.0,1042.91796875,20724.0,0.001953125,1048.0,0.01,533974.0,1.3167541027069092,0.27175430616901364,0.0,465.7265625,2887.0,0.58203125,1048.0,0.5066666666666667,119226.0,1.2402558326721191,0.3442,300690.0,1.2217,M,100000,offline,78169477,50000,100000,M_flc64_bps2_steps50000_offline,M_flc64_bps2_steps100000_offline,0.0,50000,0.24298246061714682,0.4330508926277983,0.3982864634403898,0.4678153218152067,
2,3520000,0,64,0.279,0.30636686975387883,0.0,436.828125,maze-32-32-10-1-75-0-128-final.mbin,562.0,0.5703125,1048.0,55000,0.25666666666666665,55914.0,0.9449672698974609,0.388805392606364,0.0,1049.0,maze-64-64-10-1-75-0-1024-final.mbin,43711.0,0.0,1048.0,55000,0.0,1074176.0,1.2277131080627441,0.3669893278687018,0.0,1049.0,maze-64-64-10-2-80-1-1024-final.mbin,42719.0,0.0,1048.0,55000,0.0,1074176.0,1.2169380187988281,0.2885355226469936,0.0,331.5390625,maze-32-32-10-2-80-10-128-final.mbin,405.0,0.6640625,1048.0,55000,0.3,42437.0,0.9729032516479492,0.3293984853448429,0.0,482.984375,maze-32-32-20-1-75-2-128-final.mbin,584.0,0.5078125,1048.0,55000,0.23666666666666666,61822.0,0.9746975898742676,0.38140496112134303,0.0,639.8046875,maze-32-32-20-5-75-7-128-final.mbin,1076.0,0.390625,1048.0,55000,0.17,81895.0,0.979454755783081,0.140951856275781,0.0,125.4609375,maze-64-64-10-1-75-0-256-final.mbin,157.0,0.91015625,1048.0,55000,0.8033333333333333,32118.0,1.1575071811676025,0.14186500597514615,0.0,114.4296875,maze-64-64-10-2-80-1-256-final.mbin,178.0,0.921875,1048.0,55000,0.8066666666666666,29294.0,1.1606848239898682,0.208766124725011,0.0,240.32421875,maze-64-64-20-1-75-14-256-final.mbin,785.0,0.81640625,1048.0,55000,0.7033333333333334,61523.0,1.1651430130004883,0.30931279775909215,0.0,494.40234375,maze-64-64-20-3-80-6-256-final.mbin,3042.0,0.55078125,1048.0,55000,0.48,126567.0,1.1649675369262695,0.2312143421219836,0.0,1049.0,maze-64-64-10-1-75-0-512-final.mbin,20962.0,0.0,1048.0,55000,0.0,537088.0,1.1834051609039307,0.2543353102029181,0.0,1049.0,maze-64-64-20-2-75-4-512-final.mbin,21462.0,0.0,1048.0,55000,0.0,537088.0,1.1892449855804443,0.0,588.4811,11303.5833,0.4443,1048.0,0.30636686975387883,0.0,436.828125,562.0,0.5703125,1048.0,0.25666666666666665,55914.0,0.9449672698974609,0.2885355226469936,0.0,331.5390625,405.0,0.6640625,1048.0,0.3,42437.0,0.9729032516479492,0.3293984853448429,0.0,482.984375,584.0,0.5078125,1048.0,0.23666666666666666,61822.0,0.9746975898742676,0.38140496112134303,0.0,639.8046875,1076.0,0.390625,1048.0,0.17,81895.0,0.979454755783081,0.388805392606364,0.0,1049.0,43711.0,0.0,1048.0,0.0,1074176.0,1.2277131080627441,0.140951856275781,0.0,125.4609375,157.0,0.91015625,1048.0,0.8033333333333333,32118.0,1.1575071811676025,0.2312143421219836,0.0,1049.0,20962.0,0.0,1048.0,0.0,537088.0,1.1834051609039307,0.3669893278687018,0.0,1049.0,42719.0,0.0,1048.0,0.0,1074176.0,1.2169380187988281,0.14186500597514615,0.0,114.4296875,178.0,0.921875,1048.0,0.8066666666666666,29294.0,1.1606848239898682,0.208766124725011,0.0,240.32421875,785.0,0.81640625,1048.0,0.7033333333333334,61523.0,1.1651430130004883,0.2543353102029181,0.0,1049.0,21462.0,0.0,1048.0,0.0,537088.0,1.1892449855804443,0.30931279775909215,0.0,494.40234375,3042.0,0.55078125,1048.0,0.48,126567.0,1.1649675369262695,0.3131,309508.1667,1.1115,M,100000,offline,78169477,55000,100000,M_flc64_bps2_steps55000_offline,M_flc64_bps2_steps100000_offline,0.0,55000,0.2669766820368213,0.5233710014488223,0.37776826420103904,0.6689737386966056,
2,3840000,0,64,0.254,0.23398593802081108,0.0,212.984375,maze-32-32-10-1-75-0-128-final.mbin,246.0,0.8125,1048.0,60000,0.35,27262.0,0.9316926002502441,0.37207515815059355,0.0,1049.0,maze-64-64-10-1-75-0-1024-final.mbin,43552.0,0.0,1048.0,60000,0.0,1074176.0,1.214674711227417,0.3666255290152074,0.0,1049.0,maze-64-64-10-2-80-1-1024-final.mbin,42668.0,0.0,1048.0,60000,0.0,1074176.0,1.2062714099884033,0.23125766670072817,0.0,119.0390625,maze-32-32-10-2-80-10-128-final.mbin,56.0,0.90625,1048.0,60000,0.39,15237.0,0.9573109149932861,0.28555525186214664,0.0,387.1484375,maze-32-32-20-1-75-2-128-final.mbin,495.0,0.578125,1048.0,60000,0.27666666666666667,49555.0,0.9649271965026855,0.3800685360850323,0.0,599.125,maze-32-32-20-5-75-7-128-final.mbin,1064.0,0.4375,1048.0,60000,0.18666666666666668,76688.0,0.965827465057373,0.13747264854494798,0.0,115.90234375,maze-64-64-10-1-75-0-256-final.mbin,317.0,0.92578125,1048.0,60000,0.8,29671.0,1.155409574508667,0.14861257227971605,0.0,152.296875,maze-64-64-10-2-80-1-256-final.mbin,292.0,0.88671875,1048.0,60000,0.77,38988.0,1.1547882556915283,0.17496122214497026,0.0,161.93359375,maze-64-64-20-1-75-14-256-final.mbin,417.0,0.86328125,1048.0,60000,0.7666666666666667,41455.0,1.1500020027160645,0.2319134365214813,0.0,308.13671875,maze-64-64-20-3-80-6-256-final.mbin,1126.0,0.73828125,1048.0,60000,0.6533333333333333,78883.0,1.1595685482025146,0.2367361963243369,0.0,1049.0,maze-64-64-10-1-75-0-512-final.mbin,20508.0,0.0,1048.0,60000,0.0,537088.0,1.1871626377105713,0.24919537396135563,0.0,1046.953125,maze-64-64-20-2-75-4-512-final.mbin,21185.0,0.001953125,1048.0,60000,0.0033333333333333335,536040.0,1.1838583946228027,0.0,520.8766,10993.8333,0.5125,1048.0,0.23398593802081108,0.0,212.984375,246.0,0.8125,1048.0,0.35,27262.0,0.9316926002502441,0.23125766670072817,0.0,119.0390625,56.0,0.90625,1048.0,0.39,15237.0,0.9573109149932861,0.28555525186214664,0.0,387.1484375,495.0,0.578125,1048.0,0.27666666666666667,49555.0,0.9649271965026855,0.3800685360850323,0.0,599.125,1064.0,0.4375,1048.0,0.18666666666666668,76688.0,0.965827465057373,0.37207515815059355,0.0,1049.0,43552.0,0.0,1048.0,0.0,1074176.0,1.214674711227417,0.13747264854494798,0.0,115.90234375,317.0,0.92578125,1048.0,0.8,29671.0,1.155409574508667,0.2367361963243369,0.0,1049.0,20508.0,0.0,1048.0,0.0,537088.0,1.1871626377105713,0.3666255290152074,0.0,1049.0,42668.0,0.0,1048.0,0.0,1074176.0,1.2062714099884033,0.14861257227971605,0.0,152.296875,292.0,0.88671875,1048.0,0.77,38988.0,1.1547882556915283,0.17496122214497026,0.0,161.93359375,417.0,0.86328125,1048.0,0.7666666666666667,41455.0,1.1500020027160645,0.24919537396135563,0.0,1046.953125,21185.0,0.001953125,1048.0,0.0033333333333333335,536040.0,1.1838583946228027,0.2319134365214813,0.0,308.13671875,1126.0,0.73828125,1048.0,0.6533333333333333,78883.0,1.1595685482025146,0.3497,298268.25,1.1026,M,100000,offline,78169477,60000,100000,M_flc64_bps2_steps60000_offline,M_flc64_bps2_steps100000_offline,0.0,60000,0.27513334004226625,0.5816716504497041,0.3963844972720375,0.7669588036273708,
2,4160000,0,64,0.3166,0.24780323607058002,0.0,181.515625,maze-32-32-10-1-75-0-128-final.mbin,215.0,0.8359375,1048.0,65000,0.36333333333333334,23234.0,0.9410140514373779,0.6031152894228369,0.0,816.3359375,maze-64-64-10-1-75-0-1024-final.mbin,23184.0,0.205078125,1048.0,65000,0.8466666666666667,835928.0,1.2215075492858887,0.5743645310941639,0.0,767.0908203125,maze-64-64-10-2-80-1-1024-final.mbin,19662.0,0.25,1048.0,65000,1.0233333333333334,785501.0,1.2179679870605469,0.23814505550702017,0.0,228.3046875,maze-32-32-10-2-80-10-128-final.mbin,247.0,0.7578125,1048.0,65000,0.3433333333333333,29223.0,0.9715991020202637,0.31960310572125605,0.0,568.34375,maze-32-32-20-1-75-2-128-final.mbin,913.0,0.4296875,1048.0,65000,0.2,72748.0,0.9764020442962646,0.3500640644583411,0.0,568.4765625,maze-32-32-20-5-75-7-128-final.mbin,995.0,0.4609375,1048.0,65000,0.2,72765.0,0.97869873046875,0.1378710038685468,0.0,105.1796875,maze-64-64-10-1-75-0-256-final.mbin,254.0,0.94140625,1048.0,65000,0.81,26926.0,1.152327060699463,0.14370922378537426,0.0,126.88671875,maze-64-64-10-2-80-1-256-final.mbin,321.0,0.921875,1048.0,65000,0.7933333333333333,32483.0,1.1589970588684082,0.16526537935688054,0.0,109.80859375,maze-64-64-20-1-75-14-256-final.mbin,148.0,0.94140625,1048.0,65000,0.8133333333333334,28111.0,1.156062364578247,0.21286913541252606,0.0,298.68359375,maze-64-64-20-3-80-6-256-final.mbin,963.0,0.7421875,1048.0,65000,0.6533333333333333,76463.0,1.1609432697296143,0.34013851334156003,0.0,448.90625,maze-64-64-10-1-75-0-512-final.mbin,4391.0,0.564453125,1048.0,65000,1.03,229840.0,1.182865858078003,0.46591737705106767,0.0,745.630859375,maze-64-64-20-2-75-4-512-final.mbin,10298.0,0.27734375,1048.0,65000,0.5133333333333333,381763.0,1.1854920387268066,0.0,413.7636,5132.5833,0.6107,1048.0,0.24780323607058002,0.0,181.515625,215.0,0.8359375,1048.0,0.36333333333333334,23234.0,0.9410140514373779,0.23814505550702017,0.0,228.3046875,247.0,0.7578125,1048.0,0.3433333333333333,29223.0,0.9715991020202637,0.31960310572125605,0.0,568.34375,913.0,0.4296875,1048.0,0.2,72748.0,0.9764020442962646,0.3500640644583411,0.0,568.4765625,995.0,0.4609375,1048.0,0.2,72765.0,0.97869873046875,0.6031152894228369,0.0,816.3359375,23184.0,0.205078125,1048.0,0.8466666666666667,835928.0,1.2215075492858887,0.1378710038685468,0.0,105.1796875,254.0,0.94140625,1048.0,0.81,26926.0,1.152327060699463,0.34013851334156003,0.0,448.90625,4391.0,0.564453125,1048.0,1.03,229840.0,1.182865858078003,0.5743645310941639,0.0,767.0908203125,19662.0,0.25,1048.0,1.0233333333333334,785501.0,1.2179679870605469,0.14370922378537426,0.0,126.88671875,321.0,0.921875,1048.0,0.7933333333333333,32483.0,1.1589970588684082,0.16526537935688054,0.0,109.80859375,148.0,0.94140625,1048.0,0.8133333333333334,28111.0,1.156062364578247,0.46591737705106767,0.0,745.630859375,10298.0,0.27734375,1048.0,0.5133333333333333,381763.0,1.1854920387268066,0.21286913541252606,0.0,298.68359375,963.0,0.7421875,1048.0,0.6533333333333333,76463.0,1.1609432697296143,0.6325,216248.75,1.1087,M,100000,offline,78169477,65000,100000,M_flc64_bps2_steps65000_offline,M_flc64_bps2_steps100000_offline,0.0,65000,0.2454810120521402,0.3107635271507387,0.3874719218477015,0.23405513245377585,
2,4480000,0,64,0.3237,0.2373008472865206,0.0,215.3359375,maze-32-32-10-1-75-0-128-final.mbin,272.0,0.7890625,1048.0,70000,0.35,27563.0,0.938840389251709,0.5896967402897398,0.0,833.888671875,maze-64-64-10-1-75-0-1024-final.mbin,23537.0,0.1767578125,1048.0,70000,0.7766666666666666,853902.0,1.2190372943878174,0.5539180026781946,0.0,684.6708984375,maze-64-64-10-2-80-1-1024-final.mbin,17901.0,0.34765625,1048.0,70000,1.35,701103.0,1.2169585227966309,0.31106366349683473,0.0,463.25,maze-32-32-10-2-80-10-128-final.mbin,683.0,0.5546875,1048.0,70000,0.24333333333333335,59296.0,0.9679114818572998,0.3090165556775351,0.0,500.8359375,maze-32-32-20-1-75-2-128-final.mbin,518.0,0.4609375,1048.0,70000,0.23,64107.0,0.9658384323120117,0.3250312177702432,0.0,465.90625,maze-32-32-20-5-75-7-128-final.mbin,827.0,0.5703125,1048.0,70000,0.24333333333333335,59636.0,0.9684183597564697,0.13634797791087186,0.0,132.4140625,maze-64-64-10-1-75-0-256-final.mbin,378.0,0.8984375,1048.0,70000,0.7833333333333333,33898.0,1.1508204936981201,0.19736064980559095,0.0,233.81640625,maze-64-64-10-2-80-1-256-final.mbin,1191.0,0.796875,1048.0,70000,0.6966666666666667,59857.0,1.156144380569458,0.16346101458334505,0.0,115.1328125,maze-64-64-20-1-75-14-256-final.mbin,144.0,0.90234375,1048.0,70000,0.8033333333333333,29474.0,1.1543731689453125,0.26408699316958417,0.0,371.84765625,maze-64-64-20-3-80-6-256-final.mbin,1539.0,0.65625,1048.0,70000,0.5866666666666667,95193.0,1.153651237487793,0.3074171081521435,0.0,365.423828125,maze-64-64-10-1-75-0-512-final.mbin,3206.0,0.642578125,1048.0,70000,1.18,187097.0,1.178908348083496,0.48933616992768786,0.0,735.162109375,maze-64-64-20-2-75-4-512-final.mbin,10220.0,0.294921875,1048.0,70000,0.5333333333333333,376403.0,1.184403419494629,0.0,426.4737,5034.6667,0.5909,1048.0,0.2373008472865206,0.0,215.3359375,272.0,0.7890625,1048.0,0.35,27563.0,0.938840389251709,0.31106366349683473,0.0,463.25,683.0,0.5546875,1048.0,0.24333333333333335,59296.0,0.9679114818572998,0.3090165556775351,0.0,500.8359375,518.0,0.4609375,1048.0,0.23,64107.0,0.9658384323120117,0.3250312177702432,0.0,465.90625,827.0,0.5703125,1048.0,0.24333333333333335,59636.0,0.9684183597564697,0.5896967402897398,0.0,833.888671875,23537.0,0.1767578125,1048.0,0.7766666666666666,853902.0,1.2190372943878174,0.13634797791087186,0.0,132.4140625,378.0,0.8984375,1048.0,0.7833333333333333,33898.0,1.1508204936981201,0.3074171081521435,0.0,365.423828125,3206.0,0.642578125,1048.0,1.18,187097.0,1.178908348083496,0.5539180026781946,0.0,684.6708984375,17901.0,0.34765625,1048.0,1.35,701103.0,1.2169585227966309,0.19736064980559095,0.0,233.81640625,1191.0,0.796875,1048.0,0.6966666666666667,59857.0,1.156144380569458,0.16346101458334505,0.0,115.1328125,144.0,0.90234375,1048.0,0.8033333333333333,29474.0,1.1543731689453125,0.48933616992768786,0.0,735.162109375,10220.0,0.294921875,1048.0,0.5333333333333333,376403.0,1.184403419494629,0.26408699316958417,0.0,371.84765625,1539.0,0.65625,1048.0,0.5866666666666667,95193.0,1.153651237487793,0.6481,212294.0833,1.1046,M,100000,offline,78169477,70000,100000,M_flc64_bps2_steps70000_offline,M_flc64_bps2_steps100000_offline,0.0,70000,0.25498214435105687,0.2922507788651321,0.3764622009562697,0.20803935677399452,
2,4800000,0,64,0.2805,0.2581100084315425,0.0,284.484375,maze-32-32-10-1-75-0-128-final.mbin,284.0,0.7421875,1048.0,75000,0.32,36414.0,0.9420487880706787,0.40624229924521954,0.0,1048.0,maze-64-64-10-1-75-0-1024-final.mbin,42348.0,0.0009765625,1048.0,75000,0.0033333333333333335,1073152.0,1.2258386611938477,0.41201397131730466,0.0,1047.9814453125,maze-64-64-10-2-80-1-1024-final.mbin,41073.0,0.0009765625,1048.0,75000,0.0033333333333333335,1073133.0,1.2367212772369385,0.29662672155173647,0.0,378.71875,maze-32-32-10-2-80-10-128-final.mbin,463.0,0.640625,1048.0,75000,0.28,48476.0,0.9697611331939697,0.28050050686929323,0.0,231.8203125,maze-32-32-20-1-75-2-128-final.mbin,179.0,0.71875,1048.0,75000,0.3466666666666667,29673.0,0.9666769504547119,0.32299929188165216,0.0,545.828125,maze-32-32-20-5-75-7-128-final.mbin,913.0,0.46875,1048.0,75000,0.21,69866.0,0.973517894744873,0.13409417701861165,0.0,125.6484375,maze-64-64-10-1-75-0-256-final.mbin,342.0,0.9140625,1048.0,75000,0.79,32166.0,1.1629319190979004,0.15785884374356696,0.0,212.3984375,maze-64-64-10-2-80-1-256-final.mbin,829.0,0.82421875,1048.0,75000,0.7133333333333334,54374.0,1.1656455993652344,0.17666283891906043,0.0,229.17578125,maze-64-64-20-1-75-14-256-final.mbin,804.0,0.78125,1048.0,75000,0.7033333333333334,58669.0,1.1672914028167725,0.21326774651736533,0.0,247.33984375,maze-64-64-20-3-80-6-256-final.mbin,783.0,0.78515625,1048.0,75000,0.7,63319.0,1.165329933166504,0.3001474213065529,0.0,389.2578125,maze-64-64-10-1-75-0-512-final.mbin,3315.0,0.650390625,1048.0,75000,1.17,199300.0,1.1842656135559082,0.4072904815802088,0.0,893.640625,maze-64-64-20-2-75-4-512-final.mbin,13747.0,0.140625,1048.0,75000,0.26666666666666666,457544.0,1.1959812641143799,0.0,469.5245,8756.6667,0.5557,1048.0,0.2581100084315425,0.0,284.484375,284.0,0.7421875,1048.0,0.32,36414.0,0.9420487880706787,0.29662672155173647,0.0,378.71875,463.0,0.640625,1048.0,0.28,48476.0,0.9697611331939697,0.28050050686929323,0.0,231.8203125,179.0,0.71875,1048.0,0.3466666666666667,29673.0,0.9666769504547119,0.32299929188165216,0.0,545.828125,913.0,0.46875,1048.0,0.21,69866.0,0.973517894744873,0.40624229924521954,0.0,1048.0,42348.0,0.0009765625,1048.0,0.0033333333333333335,1073152.0,1.2258386611938477,0.13409417701861165,0.0,125.6484375,342.0,0.9140625,1048.0,0.79,32166.0,1.1629319190979004,0.3001474213065529,0.0,389.2578125,3315.0,0.650390625,1048.0,1.17,199300.0,1.1842656135559082,0.41201397131730466,0.0,1047.9814453125,41073.0,0.0009765625,1048.0,0.0033333333333333335,1073133.0,1.2367212772369385,0.15785884374356696,0.0,212.3984375,829.0,0.82421875,1048.0,0.7133333333333334,54374.0,1.1656455993652344,0.17666283891906043,0.0,229.17578125,804.0,0.78125,1048.0,0.7033333333333334,58669.0,1.1672914028167725,0.4072904815802088,0.0,893.640625,13747.0,0.140625,1048.0,0.26666666666666666,457544.0,1.1959812641143799,0.21326774651736533,0.0,247.33984375,783.0,0.78515625,1048.0,0.7,63319.0,1.165329933166504,0.4589,266340.5,1.113,M,100000,offline,78169477,75000,100000,M_flc64_bps2_steps75000_offline,M_flc64_bps2_steps100000_offline,0.0,75000,0.23215732637664732,0.3218788644617652,0.37514391067039166,0.2686138182531388,
2,5120000,0,64,0.3034,0.3091341733780305,0.0,401.8671875,maze-32-32-10-1-75-0-128-final.mbin,555.0,0.6015625,1048.0,80000,0.27,51439.0,0.9349195957183838,0.4117987694696904,0.0,1049.0,maze-64-64-10-1-75-0-1024-final.mbin,41716.0,0.0,1048.0,80000,0.0,1074176.0,1.2229859828948975,0.4255361555294036,0.0,1040.9921875,maze-64-64-10-2-80-1-1024-final.mbin,39865.0,0.0009765625,1048.0,80000,0.02666666666666667,1065976.0,1.2274322509765625,0.2712736548117998,0.0,296.875,maze-32-32-10-2-80-10-128-final.mbin,387.0,0.6875,1048.0,80000,0.31333333333333335,38000.0,0.9715638160705566,0.31844108612496,0.0,492.296875,maze-32-32-20-1-75-2-128-final.mbin,681.0,0.5078125,1048.0,80000,0.23333333333333334,63014.0,0.9757797718048096,0.34765528859446493,0.0,599.328125,maze-32-32-20-5-75-7-128-final.mbin,1175.0,0.4296875,1048.0,80000,0.18666666666666668,76714.0,0.9752950668334961,0.14876743144690227,0.0,184.56640625,maze-64-64-10-1-75-0-256-final.mbin,533.0,0.859375,1048.0,80000,0.74,47249.0,1.1594231128692627,0.14055539393385474,0.0,174.1171875,maze-64-64-10-2-80-1-256-final.mbin,449.0,0.86328125,1048.0,80000,0.75,44574.0,1.1594781875610352,0.1669789142894207,0.0,190.9140625,maze-64-64-20-1-75-14-256-final.mbin,554.0,0.85546875,1048.0,80000,0.7366666666666667,48874.0,1.1582920551300049,0.23152889020330367,0.0,428.01171875,maze-64-64-20-3-80-6-256-final.mbin,1948.0,0.59375,1048.0,80000,0.5333333333333333,109571.0,1.1599576473236084,0.38324112518639375,0.0,512.9140625,maze-64-64-10-1-75-0-512-final.mbin,5979.0,0.50390625,1048.0,80000,0.9166666666666666,262612.0,1.1892991065979004,0.48557942806955434,0.0,703.91796875,maze-64-64-20-2-75-4-512-final.mbin,9699.0,0.3203125,1048.0,80000,0.59,360406.0,1.1846768856048584,0.0,506.2334,8628.4167,0.5186,1048.0,0.3091341733780305,0.0,401.8671875,555.0,0.6015625,1048.0,0.27,51439.0,0.9349195957183838,0.2712736548117998,0.0,296.875,387.0,0.6875,1048.0,0.31333333333333335,38000.0,0.9715638160705566,0.31844108612496,0.0,492.296875,681.0,0.5078125,1048.0,0.23333333333333334,63014.0,0.9757797718048096,0.34765528859446493,0.0,599.328125,1175.0,0.4296875,1048.0,0.18666666666666668,76714.0,0.9752950668334961,0.4117987694696904,0.0,1049.0,41716.0,0.0,1048.0,0.0,1074176.0,1.2229859828948975,0.14876743144690227,0.0,184.56640625,533.0,0.859375,1048.0,0.74,47249.0,1.1594231128692627,0.38324112518639375,0.0,512.9140625,5979.0,0.50390625,1048.0,0.9166666666666666,262612.0,1.1892991065979004,0.4255361555294036,0.0,1040.9921875,39865.0,0.0009765625,1048.0,0.02666666666666667,1065976.0,1.2274322509765625,0.14055539393385474,0.0,174.1171875,449.0,0.86328125,1048.0,0.75,44574.0,1.1594781875610352,0.1669789142894207,0.0,190.9140625,554.0,0.85546875,1048.0,0.7366666666666667,48874.0,1.1582920551300049,0.48557942806955434,0.0,703.91796875,9699.0,0.3203125,1048.0,0.59,360406.0,1.1846768856048584,0.23152889020330367,0.0,428.01171875,1948.0,0.59375,1048.0,0.5333333333333333,109571.0,1.1599576473236084,0.4414,270217.0833,1.1099,M,100000,offline,78169477,80000,100000,M_flc64_bps2_steps80000_offline,M_flc64_bps2_steps100000_offline,0.0,80000,0.23460261786877126,0.2998158505782872,0.37347575760780244,0.22615594354877194,
2,5440000,0,64,0.2763,0.25318234462834505,0.0,353.078125,maze-32-32-10-1-75-0-128-final.mbin,502.0,0.6796875,1048.0,85000,0.29,45194.0,0.9359331130981445,0.3689324604851231,0.0,1049.0,maze-64-64-10-1-75-0-1024-final.mbin,43633.0,0.0,1048.0,85000,0.0,1074176.0,1.2063658237457275,0.3618320798581027,0.0,1049.0,maze-64-64-10-2-80-1-1024-final.mbin,42683.0,0.0,1048.0,85000,0.0,1074176.0,1.2027556896209717,0.2599012921911691,0.0,308.9375,maze-32-32-10-2-80-10-128-final.mbin,431.0,0.7265625,1048.0,85000,0.31,39544.0,0.9684245586395264,0.25289489843046115,0.0,226.0,maze-32-32-20-1-75-2-128-final.mbin,188.0,0.7109375,1048.0,85000,0.3466666666666667,28928.0,0.966766357421875,0.3411877739339629,0.0,606.734375,maze-32-32-20-5-75-7-128-final.mbin,1063.0,0.421875,1048.0,85000,0.18333333333333332,77662.0,0.9647011756896973,0.14177637853601938,0.0,148.6328125,maze-64-64-10-1-75-0-256-final.mbin,683.0,0.890625,1048.0,85000,0.77,38050.0,1.1463847160339355,0.15134303409703834,0.0,140.49609375,maze-64-64-10-2-80-1-256-final.mbin,366.0,0.90625,1048.0,85000,0.7833333333333333,35967.0,1.146461009979248,0.2033527406956644,0.0,236.42578125,maze-64-64-20-1-75-14-256-final.mbin,1099.0,0.79296875,1048.0,85000,0.6966666666666667,60525.0,1.1519627571105957,0.25831966937762996,0.0,342.171875,maze-64-64-20-3-80-6-256-final.mbin,1677.0,0.703125,1048.0,85000,0.61,87596.0,1.1539602279663086,0.30147281430618555,0.0,256.650390625,maze-64-64-10-1-75-0-512-final.mbin,1486.0,0.8046875,1048.0,85000,1.44,131405.0,1.1710772514343262,0.4217779830188883,0.0,895.41796875,maze-64-64-20-2-75-4-512-final.mbin,13498.0,0.134765625,1048.0,85000,0.25666666666666665,458454.0,1.1786279678344727,0.0,467.7121,8942.4167,0.5643,1048.0,0.25318234462834505,0.0,353.078125,502.0,0.6796875,1048.0,0.29,45194.0,0.9359331130981445,0.2599012921911691,0.0,308.9375,431.0,0.7265625,1048.0,0.31,39544.0,0.9684245586395264,0.25289489843046115,0.0,226.0,188.0,0.7109375,1048.0,0.3466666666666667,28928.0,0.966766357421875,0.3411877739339629,0.0,606.734375,1063.0,0.421875,1048.0,0.18333333333333332,77662.0,0.9647011756896973,0.3689324604851231,0.0,1049.0,43633.0,0.0,1048.0,0.0,1074176.0,1.2063658237457275,0.14177637853601938,0.0,148.6328125,683.0,0.890625,1048.0,0.77,38050.0,1.1463847160339355,0.30147281430618555,0.0,256.650390625,1486.0,0.8046875,1048.0,1.44,131405.0,1.1710772514343262,0.3618320798581027,0.0,1049.0,42683.0,0.0,1048.0,0.0,1074176.0,1.2027556896209717,0.15134303409703834,0.0,140.49609375,366.0,0.90625,1048.0,0.7833333333333333,35967.0,1.146461009979248,0.2033527406956644,0.0,236.42578125,1099.0,0.79296875,1048.0,0.6966666666666667,60525.0,1.1519627571105957,0.4217779830188883,0.0,895.41796875,13498.0,0.134765625,1048.0,0.25666666666666665,458454.0,1.1786279678344727,0.25831966937762996,0.0,342.171875,1677.0,0.703125,1048.0,0.61,87596.0,1.1539602279663086,0.4739,262639.75,1.0995,M,100000,offline,78169477,85000,100000,M_flc64_bps2_steps85000_offline,M_flc64_bps2_steps100000_offline,0.0,85000,0.2315537501400547,0.34287568929049417,0.36946795364998947,0.3162834249309989,
2,5760000,0,64,0.2981,0.2811675023751584,0.0,415.9296875,maze-32-32-10-1-75-0-128-final.mbin,540.0,0.5859375,1048.0,90000,0.2633333333333333,53239.0,0.9363651275634766,0.3691743339291452,0.0,1049.0,maze-64-64-10-1-75-0-1024-final.mbin,43370.0,0.0,1048.0,90000,0.0,1074176.0,1.2156648635864258,0.365528925076541,0.0,1049.0,maze-64-64-10-2-80-1-1024-final.mbin,42417.0,0.0,1048.0,90000,0.0,1074176.0,1.2177274227142334,0.3051710687422186,0.0,385.40625,maze-32-32-10-2-80-10-128-final.mbin,521.0,0.625,1048.0,90000,0.27666666666666667,49332.0,0.9721837043762207,0.3209086241883759,0.0,476.2421875,maze-32-32-20-1-75-2-128-final.mbin,575.0,0.484375,1048.0,90000,0.24,60959.0,0.9714474678039551,0.34234803421182225,0.0,649.046875,maze-32-32-20-5-75-7-128-final.mbin,1160.0,0.375,1048.0,90000,0.16666666666666666,83078.0,0.9752469062805176,0.14881203470962875,0.0,237.54296875,maze-64-64-10-1-75-0-256-final.mbin,940.0,0.80078125,1048.0,90000,0.6933333333333334,60811.0,1.1588637828826904,0.15279168997636663,0.0,121.64453125,maze-64-64-10-2-80-1-256-final.mbin,188.0,0.93359375,1048.0,90000,0.8033333333333333,31141.0,1.1575889587402344,0.17896758811392235,0.0,223.66796875,maze-64-64-20-1-75-14-256-final.mbin,598.0,0.80078125,1048.0,90000,0.71,57259.0,1.1609880924224854,0.3087466696264311,0.0,484.3515625,maze-64-64-20-3-80-6-256-final.mbin,2759.0,0.5390625,1048.0,90000,0.48333333333333334,123994.0,1.1626214981079102,0.33699963184908954,0.0,364.7578125,maze-64-64-10-1-75-0-512-final.mbin,3596.0,0.67578125,1048.0,90000,1.1933333333333334,186756.0,1.18817138671875,0.4660680959663036,0.0,704.109375,maze-64-64-20-2-75-4-512-final.mbin,9011.0,0.328125,1048.0,90000,0.59,360504.0,1.1915333271026611,0.0,513.3916,8806.25,0.5124,1048.0,0.2811675023751584,0.0,415.9296875,540.0,0.5859375,1048.0,0.2633333333333333,53239.0,0.9363651275634766,0.3051710687422186,0.0,385.40625,521.0,0.625,1048.0,0.27666666666666667,49332.0,0.9721837043762207,0.3209086241883759,0.0,476.2421875,575.0,0.484375,1048.0,0.24,60959.0,0.9714474678039551,0.34234803421182225,0.0,649.046875,1160.0,0.375,1048.0,0.16666666666666666,83078.0,0.9752469062805176,0.3691743339291452,0.0,1049.0,43370.0,0.0,1048.0,0.0,1074176.0,1.2156648635864258,0.14881203470962875,0.0,237.54296875,940.0,0.80078125,1048.0,0.6933333333333334,60811.0,1.1588637828826904,0.33699963184908954,0.0,364.7578125,3596.0,0.67578125,1048.0,1.1933333333333334,186756.0,1.18817138671875,0.365528925076541,0.0,1049.0,42417.0,0.0,1048.0,0.0,1074176.0,1.2177274227142334,0.15279168997636663,0.0,121.64453125,188.0,0.93359375,1048.0,0.8033333333333333,31141.0,1.1575889587402344,0.17896758811392235,0.0,223.66796875,598.0,0.80078125,1048.0,0.71,57259.0,1.1609880924224854,0.4660680959663036,0.0,704.109375,9011.0,0.328125,1048.0,0.59,360504.0,1.1915333271026611,0.3087466696264311,0.0,484.3515625,2759.0,0.5390625,1048.0,0.48333333333333334,123994.0,1.1626214981079102,0.4517,267952.0833,1.109,M,100000,offline,78169477,90000,100000,M_flc64_bps2_steps90000_offline,M_flc64_bps2_steps100000_offline,0.0,90000,0.22199063077526243,0.30432439739500894,0.36901616069152693,0.23963263409849092,
2,6080000,0,64,0.2927,0.24304726747354177,0.0,180.3046875,maze-32-32-10-1-75-0-128-final.mbin,159.0,0.8125,1048.0,95000,0.36333333333333334,23079.0,0.9382679462432861,0.45795230575600054,0.0,1049.0,maze-64-64-10-1-75-0-1024-final.mbin,42983.0,0.0,1048.0,95000,0.0,1074176.0,1.2211682796478271,0.4758881999871932,0.0,1047.990234375,maze-64-64-10-2-80-1-1024-final.mbin,42158.0,0.0,1048.0,95000,0.0033333333333333335,1073142.0,1.2271921634674072,0.23619454699817694,0.0,212.5859375,maze-32-32-10-2-80-10-128-final.mbin,232.0,0.8125,1048.0,95000,0.35,27211.0,0.9704573154449463,0.277271619051726,0.0,242.1953125,maze-32-32-20-1-75-2-128-final.mbin,249.0,0.75,1048.0,95000,0.34,31001.0,0.9696574211120605,0.370806361335434,0.0,511.9921875,maze-32-32-20-5-75-7-128-final.mbin,927.0,0.5078125,1048.0,95000,0.22333333333333333,65535.0,0.968879222869873,0.13710328095270052,0.0,115.3515625,maze-64-64-10-1-75-0-256-final.mbin,353.0,0.92578125,1048.0,95000,0.8,29530.0,1.15568208694458,0.1608120533324654,0.0,164.6484375,maze-64-64-10-2-80-1-256-final.mbin,615.0,0.875,1048.0,95000,0.7566666666666667,42150.0,1.158186674118042,0.1588775770333302,0.0,120.89453125,maze-64-64-20-1-75-14-256-final.mbin,235.0,0.921875,1048.0,95000,0.8,30949.0,1.1559760570526123,0.23580439180735752,0.0,369.4453125,maze-64-64-20-3-80-6-256-final.mbin,2061.0,0.6640625,1048.0,95000,0.5833333333333334,94578.0,1.1591436862945557,0.3167525906215021,0.0,328.291015625,maze-64-64-10-1-75-0-512-final.mbin,2575.0,0.70703125,1048.0,95000,1.29,168085.0,1.1850814819335938,0.44236618839832687,0.0,665.232421875,maze-64-64-20-2-75-4-512-final.mbin,8466.0,0.375,1048.0,95000,0.6733333333333333,340599.0,1.1878361701965332,0.0,417.3276,8417.75,0.6126,1048.0,0.24304726747354177,0.0,180.3046875,159.0,0.8125,1048.0,0.36333333333333334,23079.0,0.9382679462432861,0.23619454699817694,0.0,212.5859375,232.0,0.8125,1048.0,0.35,27211.0,0.9704573154449463,0.277271619051726,0.0,242.1953125,249.0,0.75,1048.0,0.34,31001.0,0.9696574211120605,0.370806361335434,0.0,511.9921875,927.0,0.5078125,1048.0,0.22333333333333333,65535.0,0.968879222869873,0.45795230575600054,0.0,1049.0,42983.0,0.0,1048.0,0.0,1074176.0,1.2211682796478271,0.13710328095270052,0.0,115.3515625,353.0,0.92578125,1048.0,0.8,29530.0,1.15568208694458,0.3167525906215021,0.0,328.291015625,2575.0,0.70703125,1048.0,1.29,168085.0,1.1850814819335938,0.4758881999871932,0.0,1047.990234375,42158.0,0.0,1048.0,0.0033333333333333335,1073142.0,1.2271921634674072,0.1608120533324654,0.0,164.6484375,615.0,0.875,1048.0,0.7566666666666667,42150.0,1.158186674118042,0.1588775770333302,0.0,120.89453125,235.0,0.921875,1048.0,0.8,30949.0,1.1559760570526123,0.44236618839832687,0.0,665.232421875,8466.0,0.375,1048.0,0.6733333333333333,340599.0,1.1878361701965332,0.23580439180735752,0.0,369.4453125,2061.0,0.6640625,1048.0,0.5833333333333334,94578.0,1.1591436862945557,0.5153,250002.9167,1.1081,M,100000,offline,78169477,95000,100000,M_flc64_bps2_steps95000_offline,M_flc64_bps2_steps100000_offline,0.0,95000,0.20156646603202713,0.35119617343707904,0.4043873042799396,0.2980050425942185,
2,6400000,0,64,0.2848,0.2580787803431828,0.0,330.359375,maze-32-32-10-1-75-0-128-final.mbin,343.0,0.6171875,1048.0,100000,0.3,42286.0,0.929715633392334,0.3633073910099136,0.0,1049.0,maze-64-64-10-1-75-0-1024-final.mbin,43615.0,0.0,1048.0,100000,0.0,1074176.0,1.2091748714447021,0.3561864977980696,0.0,1049.0,maze-64-64-10-2-80-1-1024-final.mbin,42741.0,0.0,1048.0,100000,0.0,1074176.0,1.2156071662902832,0.2827473316466852,0.0,377.0859375,maze-32-32-10-2-80-10-128-final.mbin,502.0,0.6484375,1048.0,100000,0.28,48267.0,0.9706521034240723,0.29801456396503795,0.0,362.1328125,maze-32-32-20-1-75-2-128-final.mbin,475.0,0.6015625,1048.0,100000,0.29,46353.0,0.9649572372436523,0.2712558557696985,0.0,352.796875,maze-32-32-20-5-75-7-128-final.mbin,488.0,0.6640625,1048.0,100000,0.2966666666666667,45158.0,0.9670836925506592,0.1453959437246941,0.0,158.3515625,maze-64-64-10-1-75-0-256-final.mbin,330.0,0.86328125,1048.0,100000,0.7633333333333333,40538.0,1.1544945240020752,0.20276349390620022,0.0,298.86328125,maze-64-64-10-2-80-1-256-final.mbin,1338.0,0.71484375,1048.0,100000,0.64,76509.0,1.160478115081787,0.1811901207741595,0.0,190.90234375,maze-64-64-20-1-75-14-256-final.mbin,535.0,0.84375,1048.0,100000,0.74,48871.0,1.1588199138641357,0.2865661464455198,0.0,432.328125,maze-64-64-20-3-80-6-256-final.mbin,2495.0,0.59375,1048.0,100000,0.53,110676.0,1.1604881286621094,0.3469753079156405,0.0,436.328125,maze-64-64-10-1-75-0-512-final.mbin,4935.0,0.576171875,1048.0,100000,1.05,223400.0,1.184004783630371,0.42547780717091094,0.0,813.005859375,maze-64-64-20-2-75-4-512-final.mbin,11198.0,0.216796875,1048.0,100000,0.4,416259.0,1.1812520027160645,0.0,487.5129,9082.9167,0.5283,1048.0,0.2580787803431828,0.0,330.359375,343.0,0.6171875,1048.0,0.3,42286.0,0.929715633392334,0.2827473316466852,0.0,377.0859375,502.0,0.6484375,1048.0,0.28,48267.0,0.9706521034240723,0.29801456396503795,0.0,362.1328125,475.0,0.6015625,1048.0,0.29,46353.0,0.9649572372436523,0.2712558557696985,0.0,352.796875,488.0,0.6640625,1048.0,0.2966666666666667,45158.0,0.9670836925506592,0.3633073910099136,0.0,1049.0,43615.0,0.0,1048.0,0.0,1074176.0,1.2091748714447021,0.1453959437246941,0.0,158.3515625,330.0,0.86328125,1048.0,0.7633333333333333,40538.0,1.1544945240020752,0.3469753079156405,0.0,436.328125,4935.0,0.576171875,1048.0,1.05,223400.0,1.184004783630371,0.3561864977980696,0.0,1049.0,42741.0,0.0,1048.0,0.0,1074176.0,1.2156071662902832,0.20276349390620022,0.0,298.86328125,1338.0,0.71484375,1048.0,0.64,76509.0,1.160478115081787,0.1811901207741595,0.0,190.90234375,535.0,0.84375,1048.0,0.74,48871.0,1.1588199138641357,0.42547780717091094,0.0,813.005859375,11198.0,0.216796875,1048.0,0.4,416259.0,1.1812520027160645,0.2865661464455198,0.0,432.328125,2495.0,0.59375,1048.0,0.53,110676.0,1.1604881286621094,0.4408,270555.75,1.1047,M,100000,offline,78169477,100000,100000,M_flc64_bps2_steps100000_offline,M_flc64_bps2_steps100000_offline,0.0,100000,0.24860304070382402,0.3549485223437975,0.37246107434869374,0.3374359703389012,0.0
3,320000,0,64,0.3402,0.3397148468765259,0.0,785.65625,maze-32-32-10-1-75-0-128-final.mbin,1180.0,0.25,1048.0,5000,0.11,100564.0,1.3079614639282227,0.4490878857317023,0.0,1047.9853515625,maze-64-64-10-1-75-0-1024-final.mbin,42451.0,0.0,1048.0,5000,0.0033333333333333335,1073137.0,1.5249769687652588,0.48299217735349953,0.0,1046.986328125,maze-64-64-10-2-80-1-1024-final.mbin,41500.0,0.0009765625,1048.0,5000,0.006666666666666667,1072114.0,1.5319089889526367,0.33525672172127363,0.0,872.734375,maze-32-32-10-2-80-10-128-final.mbin,1337.0,0.171875,1048.0,5000,0.07333333333333333,111710.0,1.2511348724365234,0.3971072738622938,0.0,967.9453125,maze-32-32-20-1-75-2-128-final.mbin,1850.0,0.078125,1048.0,5000,0.03333333333333333,123897.0,1.2561454772949219,0.3504946083969771,0.0,895.8984375,maze-32-32-20-5-75-7-128-final.mbin,1782.0,0.140625,1048.0,5000,0.06333333333333334,114675.0,1.2576627731323242,0.25070657800587987,0.0,949.90625,maze-64-64-10-1-75-0-256-final.mbin,7479.0,0.05859375,1048.0,5000,0.08333333333333333,243176.0,1.562861442565918,0.31254131910789823,0.0,809.87890625,maze-64-64-10-2-80-1-256-final.mbin,5666.0,0.2265625,1048.0,5000,0.20333333333333334,207329.0,1.4796621799468994,0.3170719356897189,0.0,858.30859375,maze-64-64-20-1-75-14-256-final.mbin,6449.0,0.1875,1048.0,5000,0.16333333333333333,219727.0,1.4820706844329834,0.2385412006720264,0.0,1040.9765625,maze-64-64-20-3-80-6-256-final.mbin,10050.0,0.0078125,1048.0,5000,0.006666666666666667,266490.0,1.4796853065490723,0.3145952601328823,0.0,1046.966796875,maze-64-64-10-1-75-0-512-final.mbin,19729.0,0.0,1048.0,5000,0.0033333333333333335,536047.0,1.499779224395752,0.29393008366873496,0.0,1046.953125,maze-64-64-20-2-75-4-512-final.mbin,20763.0,0.0,1048.0,5000,0.0033333333333333335,536040.0,1.49345064163208,0.0,947.5164,13353.0,0.0935,1048.0,0.3397148468765259,0.0,785.65625,1180.0,0.25,1048.0,0.11,100564.0,1.3079614639282227,0.33525672172127363,0.0,872.734375,1337.0,0.171875,1048.0,0.07333333333333333,111710.0,1.2511348724365234,0.3971072738622938,0.0,967.9453125,1850.0,0.078125,1048.0,0.03333333333333333,123897.0,1.2561454772949219,0.3504946083969771,0.0,895.8984375,1782.0,0.140625,1048.0,0.06333333333333334,114675.0,1.2576627731323242,0.4490878857317023,0.0,1047.9853515625,42451.0,0.0,1048.0,0.0033333333333333335,1073137.0,1.5249769687652588,0.25070657800587987,0.0,949.90625,7479.0,0.05859375,1048.0,0.08333333333333333,243176.0,1.562861442565918,0.3145952601328823,0.0,1046.966796875,19729.0,0.0,1048.0,0.0033333333333333335,536047.0,1.499779224395752,0.48299217735349953,0.0,1046.986328125,41500.0,0.0009765625,1048.0,0.006666666666666667,1072114.0,1.5319089889526367,0.31254131910789823,0.0,809.87890625,5666.0,0.2265625,1048.0,0.20333333333333334,207329.0,1.4796621799468994,0.3170719356897189,0.0,858.30859375,6449.0,0.1875,1048.0,0.16333333333333333,219727.0,1.4820706844329834,0.29393008366873496,0.0,1046.953125,20763.0,0.0,1048.0,0.0033333333333333335,536040.0,1.49345064163208,0.2385412006720264,0.0,1040.9765625,10050.0,0.0078125,1048.0,0.006666666666666667,266490.0,1.4796853065490723,0.0628,383742.1667,1.4273,L,100000,offline,109589381,5000,100000,L_flc64_bps3_steps5000_offline,L_flc64_bps3_steps100000_offline,0.0,5000,0.5024522892826254,0.6384622928132863,0.591827039090802,0.6850975465357705,
3,640000,0,64,0.3484,0.29888693208651823,0.0,550.703125,maze-32-32-10-1-75-0-128-final.mbin,810.0,0.453125,1048.0,10000,0.21,70490.0,1.2187087535858154,0.5337460252598794,0.0,1034.982421875,maze-64-64-10-1-75-0-1024-final.mbin,38552.0,0.0126953125,1048.0,10000,0.04666666666666667,1059822.0,1.6018736362457275,0.5169154679708796,0.0,1029.046875,maze-64-64-10-2-80-1-1024-final.mbin,38207.0,0.01171875,1048.0,10000,0.06666666666666667,1053744.0,1.601172924041748,0.2754527395076806,0.0,586.140625,maze-32-32-10-2-80-10-128-final.mbin,842.0,0.4375,1048.0,10000,0.19333333333333333,75026.0,1.250058650970459,0.37051176241234385,0.0,879.8046875,maze-32-32-20-1-75-2-128-final.mbin,1430.0,0.1484375,1048.0,10000,0.07,112615.0,1.3037385940551758,0.3520194730457016,0.0,760.640625,maze-32-32-20-5-75-7-128-final.mbin,1400.0,0.2578125,1048.0,10000,0.12,97362.0,1.2999131679534912,0.19710930486731978,0.0,407.328125,maze-64-64-10-1-75-0-256-final.mbin,2236.0,0.62109375,1048.0,10000,0.5533333333333333,104276.0,1.541628122329712,0.23845542288350471,0.0,517.52734375,maze-64-64-10-2-80-1-256-final.mbin,3153.0,0.48828125,1048.0,10000,0.4533333333333333,132487.0,1.5433781147003174,0.2857271330232482,0.0,683.03515625,maze-64-64-20-1-75-14-256-final.mbin,4138.0,0.32421875,1048.0,10000,0.31333333333333335,174857.0,1.5461740493774414,0.30309349498403565,0.0,724.09765625,maze-64-64-20-3-80-6-256-final.mbin,4863.0,0.30859375,1048.0,10000,0.28,185369.0,1.5416297912597656,0.3903267920042299,0.0,807.05859375,maze-64-64-10-1-75-0-512-final.mbin,11908.0,0.220703125,1048.0,10000,0.41333333333333333,413214.0,1.5657222270965576,0.41815657319703736,0.0,944.18359375,maze-64-64-20-2-75-4-512-final.mbin,15931.0,0.08984375,1048.0,10000,0.17666666666666667,483422.0,1.5662870407104492,0.0,743.7124,10289.1667,0.2812,1048.0,0.29888693208651823,0.0,550.703125,810.0,0.453125,1048.0,0.21,70490.0,1.2187087535858154,0.2754527395076806,0.0,586.140625,842.0,0.4375,1048.0,0.19333333333333333,75026.0,1.250058650970459,0.37051176241234385,0.0,879.8046875,1430.0,0.1484375,1048.0,0.07,112615.0,1.3037385940551758,0.3520194730457016,0.0,760.640625,1400.0,0.2578125,1048.0,0.12,97362.0,1.2999131679534912,0.5337460252598794,0.0,1034.982421875,38552.0,0.0126953125,1048.0,0.04666666666666667,1059822.0,1.6018736362457275,0.19710930486731978,0.0,407.328125,2236.0,0.62109375,1048.0,0.5533333333333333,104276.0,1.541628122329712,0.3903267920042299,0.0,807.05859375,11908.0,0.220703125,1048.0,0.41333333333333333,413214.0,1.5657222270965576,0.5169154679708796,0.0,1029.046875,38207.0,0.01171875,1048.0,0.06666666666666667,1053744.0,1.601172924041748,0.23845542288350471,0.0,517.52734375,3153.0,0.48828125,1048.0,0.4533333333333333,132487.0,1.5433781147003174,0.2857271330232482,0.0,683.03515625,4138.0,0.32421875,1048.0,0.31333333333333335,174857.0,1.5461740493774414,0.41815657319703736,0.0,944.18359375,15931.0,0.08984375,1048.0,0.17666666666666667,483422.0,1.5662870407104492,0.30309349498403565,0.0,724.09765625,4863.0,0.30859375,1048.0,0.28,185369.0,1.5416297912597656,0.2414,330223.6667,1.465,L,100000,offline,109589381,10000,100000,L_flc64_bps3_steps10000_offline,L_flc64_bps3_steps100000_offline,0.0,10000,0.3741816640351316,0.39969487340214704,0.47498839419931166,0.32440135260498243,
3,960000,0,64,0.36,0.31955303944238517,0.0,543.546875,maze-32-32-10-1-75-0-128-final.mbin,857.0,0.46875,1048.0,15000,0.21,69574.0,1.2223258018493652,0.5595074091785465,0.0,1012.939453125,maze-64-64-10-1-75-0-1024-final.mbin,33483.0,0.0205078125,1048.0,15000,0.12666666666666668,1037250.0,1.5999500751495361,0.4816534010035781,0.0,1001.125,maze-64-64-10-2-80-1-1024-final.mbin,33649.0,0.0166015625,1048.0,15000,0.17666666666666667,1025152.0,1.6024219989776611,0.38657316622406945,0.0,656.2109375,maze-32-32-10-2-80-10-128-final.mbin,996.0,0.3671875,1048.0,15000,0.16333333333333333,83995.0,1.239123821258545,0.4086339061603884,0.0,831.5703125,maze-32-32-20-1-75-2-128-final.mbin,1323.0,0.1875,1048.0,15000,0.09,106441.0,1.2534756660461426,0.37313004510361913,0.0,640.0,maze-32-32-20-5-75-7-128-final.mbin,1104.0,0.3828125,1048.0,15000,0.17,81920.0,1.2563536167144775,0.1881561517231113,0.0,386.71875,maze-64-64-10-1-75-0-256-final.mbin,1878.0,0.65234375,1048.0,15000,0.5666666666666667,99000.0,1.4900500774383545,0.20563740734806296,0.0,440.58203125,maze-64-64-10-2-80-1-256-final.mbin,2414.0,0.59765625,1048.0,15000,0.5233333333333333,112789.0,1.5394010543823242,0.27078202388500777,0.0,519.9921875,maze-64-64-20-1-75-14-256-final.mbin,2768.0,0.5,1048.0,15000,0.45666666666666667,133118.0,1.5475285053253174,0.30091197894914146,0.0,795.10546875,maze-64-64-20-3-80-6-256-final.mbin,5749.0,0.2421875,1048.0,15000,0.21666666666666667,203547.0,1.5548458099365234,0.39173616567654057,0.0,621.234375,maze-64-64-10-1-75-0-512-final.mbin,6052.0,0.4140625,1048.0,15000,0.7566666666666667,318072.0,1.579061508178711,0.43432339212206084,0.0,841.818359375,maze-64-64-20-2-75-4-512-final.mbin,12980.0,0.201171875,1048.0,15000,0.3566666666666667,431011.0,1.5769000053405762,0.0,690.9036,8604.4167,0.3376,1048.0,0.31955303944238517,0.0,543.546875,857.0,0.46875,1048.0,0.21,69574.0,1.2223258018493652,0.38657316622406945,0.0,656.2109375,996.0,0.3671875,1048.0,0.16333333333333333,83995.0,1.239123821258545,0.4086339061603884,0.0,831.5703125,1323.0,0.1875,1048.0,0.09,106441.0,1.2534756660461426,0.37313004510361913,0.0,640.0,1104.0,0.3828125,1048.0,0.17,81920.0,1.2563536167144775,0.5595074091785465,0.0,1012.939453125,33483.0,0.0205078125,1048.0,0.12666666666666668,1037250.0,1.5999500751495361,0.1881561517231113,0.0,386.71875,1878.0,0.65234375,1048.0,0.5666666666666667,99000.0,1.4900500774383545,0.39173616567654057,0.0,621.234375,6052.0,0.4140625,1048.0,0.7566666666666667,318072.0,1.579061508178711,0.4816534010035781,0.0,1001.125,33649.0,0.0166015625,1048.0,0.17666666666666667,1025152.0,1.6024219989776611,0.20563740734806296,0.0,440.58203125,2414.0,0.59765625,1048.0,0.5233333333333333,112789.0,1.5394010543823242,0.27078202388500777,0.0,519.9921875,2768.0,0.5,1048.0,0.45666666666666667,133118.0,1.5475285053253174,0.43432339212206084,0.0,841.818359375,12980.0,0.201171875,1048.0,0.3566666666666667,431011.0,1.5769000053405762,0.30091197894914146,0.0,795.10546875,5749.0,0.2421875,1048.0,0.21666666666666667,203547.0,1.5548458099365234,0.3178,308489.0833,1.4551,L,100000,offline,109589381,15000,100000,L_flc64_bps3_steps15000_offline,L_flc64_bps3_steps100000_offline,0.0,15000,0.2769950412747418,0.5344182612281594,0.48960791855613733,0.5792286039001814,
3,1280000,0,64,0.3595,0.28838189926848684,0.0,476.421875,maze-32-32-10-1-75-0-128-final.mbin,572.0,0.5078125,1048.0,20000,0.24,60982.0,1.223109245300293,0.5760127710131894,0.0,985.8671875,maze-64-64-10-1-75-0-1024-final.mbin,29674.0,0.0517578125,1048.0,20000,0.21666666666666667,1009528.0,1.5552887916564941,0.5517807019281542,0.0,961.3544921875,maze-64-64-10-2-80-1-1024-final.mbin,27506.0,0.0732421875,1048.0,20000,0.30333333333333334,984427.0,1.5574848651885986,0.3678785523406668,0.0,614.484375,maze-32-32-10-2-80-10-128-final.mbin,948.0,0.4140625,1048.0,20000,0.18,78654.0,1.2470364570617676,0.3979536366703873,0.0,704.7109375,maze-32-32-20-1-75-2-128-final.mbin,1159.0,0.296875,1048.0,20000,0.14333333333333334,90203.0,1.261054515838623,0.41968925481735,0.0,750.171875,maze-32-32-20-5-75-7-128-final.mbin,1334.0,0.2734375,1048.0,20000,0.12333333333333334,96022.0,1.259531021118164,0.14852494203555,0.0,223.05859375,maze-64-64-10-1-75-0-256-final.mbin,725.0,0.8125,1048.0,20000,0.7066666666666667,57103.0,1.4959957599639893,0.23449020692082678,0.0,404.0078125,maze-64-64-10-2-80-1-256-final.mbin,2103.0,0.62109375,1048.0,20000,0.55,103426.0,1.4990272521972656,0.20258841539977587,0.0,317.1640625,maze-64-64-20-1-75-14-256-final.mbin,1279.0,0.69140625,1048.0,20000,0.6333333333333333,81194.0,1.5020487308502197,0.28893421909473377,0.0,578.77734375,maze-64-64-20-3-80-6-256-final.mbin,3204.0,0.46484375,1048.0,20000,0.41,148167.0,1.5049018859863281,0.3852168652094489,0.0,579.984375,maze-64-64-10-1-75-0-512-final.mbin,6362.0,0.439453125,1048.0,20000,0.81,296952.0,1.5269830226898193,0.4520207750996097,0.0,733.4375,maze-64-64-20-2-75-4-512-final.mbin,10543.0,0.306640625,1048.0,20000,0.5433333333333333,375520.0,1.5217690467834473,0.0,610.7867,7117.4167,0.4128,1048.0,0.28838189926848684,0.0,476.421875,572.0,0.5078125,1048.0,0.24,60982.0,1.223109245300293,0.3678785523406668,0.0,614.484375,948.0,0.4140625,1048.0,0.18,78654.0,1.2470364570617676,0.3979536366703873,0.0,704.7109375,1159.0,0.296875,1048.0,0.14333333333333334,90203.0,1.261054515838623,0.41968925481735,0.0,750.171875,1334.0,0.2734375,1048.0,0.12333333333333334,96022.0,1.259531021118164,0.5760127710131894,0.0,985.8671875,29674.0,0.0517578125,1048.0,0.21666666666666667,1009528.0,1.5552887916564941,0.14852494203555,0.0,223.05859375,725.0,0.8125,1048.0,0.7066666666666667,57103.0,1.4959957599639893,0.3852168652094489,0.0,579.984375,6362.0,0.439453125,1048.0,0.81,296952.0,1.5269830226898193,0.5517807019281542,0.0,961.3544921875,27506.0,0.0732421875,1048.0,0.30333333333333334,984427.0,1.5574848651885986,0.23449020692082678,0.0,404.0078125,2103.0,0.62109375,1048.0,0.55,103426.0,1.4990272521972656,0.20258841539977587,0.0,317.1640625,1279.0,0.69140625,1048.0,0.6333333333333333,81194.0,1.5020487308502197,0.4520207750996097,0.0,733.4375,10543.0,0.306640625,1048.0,0.5433333333333333,375520.0,1.5217690467834473,0.28893421909473377,0.0,578.77734375,3204.0,0.46484375,1048.0,0.41,148167.0,1.5049018859863281,0.405,281848.1667,1.4295,L,100000,offline,109589381,20000,100000,L_flc64_bps3_steps20000_offline,L_flc64_bps3_steps100000_offline,0.0,20000,0.2583382137571325,0.34270705041272975,0.43040787464126445,0.25500622618419505,
3,1600000,0,64,0.2974,0.2931351859885309,0.0,484.9609375,maze-32-32-10-1-75-0-128-final.mbin,663.0,0.515625,1048.0,25000,0.23666666666666666,62075.0,1.225266933441162,0.3818283165791361,0.0,1049.0,maze-64-64-10-1-75-0-1024-final.mbin,42525.0,0.0,1048.0,25000,0.0,1074176.0,1.6018891334533691,0.39303906700837804,0.0,1048.021484375,maze-64-64-10-2-80-1-1024-final.mbin,41282.0,0.0,1048.0,25000,0.0033333333333333335,1073174.0,1.5990285873413086,0.3480929251432917,0.0,558.5390625,maze-32-32-10-2-80-10-128-final.mbin,829.0,0.46875,1048.0,25000,0.20333333333333334,71493.0,1.241182804107666,0.3789216604405865,0.0,680.2578125,maze-32-32-20-1-75-2-128-final.mbin,1132.0,0.34375,1048.0,25000,0.15333333333333332,87073.0,1.2527575492858887,0.3992116308814821,0.0,678.875,maze-32-32-20-5-75-7-128-final.mbin,1230.0,0.328125,1048.0,25000,0.15333333333333332,86896.0,1.252974510192871,0.14757355596665364,0.0,158.5546875,maze-64-64-10-1-75-0-256-final.mbin,345.0,0.88671875,1048.0,25000,0.7733333333333333,40590.0,1.495816707611084,0.21513464729779613,0.0,357.7890625,maze-64-64-10-2-80-1-256-final.mbin,1712.0,0.69140625,1048.0,25000,0.6,91594.0,1.5433473587036133,0.23804194611269683,0.0,435.90625,maze-64-64-20-1-75-14-256-final.mbin,2191.0,0.59765625,1048.0,25000,0.53,111592.0,1.5497164726257324,0.297380931603705,0.0,514.96875,maze-64-64-20-3-80-6-256-final.mbin,2881.0,0.515625,1048.0,25000,0.4666666666666667,131832.0,1.545790672302246,0.22810957242754426,0.0,1049.0,maze-64-64-10-1-75-0-512-final.mbin,20218.0,0.0,1048.0,25000,0.0,537088.0,1.5641405582427979,0.24865032962975395,0.0,1049.0,maze-64-64-20-2-75-4-512-final.mbin,20942.0,0.0,1048.0,25000,0.0,537088.0,1.5607812404632568,0.0,672.0728,11329.1667,0.3623,1048.0,0.2931351859885309,0.0,484.9609375,663.0,0.515625,1048.0,0.23666666666666666,62075.0,1.225266933441162,0.3480929251432917,0.0,558.5390625,829.0,0.46875,1048.0,0.20333333333333334,71493.0,1.241182804107666,0.3789216604405865,0.0,680.2578125,1132.0,0.34375,1048.0,0.15333333333333332,87073.0,1.2527575492858887,0.3992116308814821,0.0,678.875,1230.0,0.328125,1048.0,0.15333333333333332,86896.0,1.252974510192871,0.3818283165791361,0.0,1049.0,42525.0,0.0,1048.0,0.0,1074176.0,1.6018891334533691,0.14757355596665364,0.0,158.5546875,345.0,0.88671875,1048.0,0.7733333333333333,40590.0,1.495816707611084,0.22810957242754426,0.0,1049.0,20218.0,0.0,1048.0,0.0,537088.0,1.5641405582427979,0.39303906700837804,0.0,1048.021484375,41282.0,0.0,1048.0,0.0033333333333333335,1073174.0,1.5990285873413086,0.21513464729779613,0.0,357.7890625,1712.0,0.69140625,1048.0,0.6,91594.0,1.5433473587036133,0.23804194611269683,0.0,435.90625,2191.0,0.59765625,1048.0,0.53,111592.0,1.5497164726257324,0.24865032962975395,0.0,1049.0,20942.0,0.0,1048.0,0.0,537088.0,1.5607812404632568,0.297380931603705,0.0,514.96875,2881.0,0.515625,1048.0,0.4666666666666667,131832.0,1.545790672302246,0.26,325389.25,1.4527,L,100000,offline,109589381,25000,100000,L_flc64_bps3_steps25000_offline,L_flc64_bps3_steps100000_offline,0.0,25000,0.25797196810957224,0.49025942225417396,0.43008835666198747,0.5504304878463605,
3,1920000,0,64,0.3538,0.308990771953452,0.0,538.265625,maze-32-32-10-1-75-0-128-final.mbin,774.0,0.4765625,1048.0,30000,0.21333333333333335,68898.0,1.2322325706481934,0.6585738393800032,0.0,899.4443359375,maze-64-64-10-1-75-0-1024-final.mbin,26210.0,0.1376953125,1048.0,30000,0.51,921031.0,1.5912930965423584,0.6166258334009364,0.0,857.5361328125,maze-64-64-10-2-80-1-1024-final.mbin,24534.0,0.1728515625,1048.0,30000,0.6533333333333333,878117.0,1.5992348194122314,0.2954205160998415,0.0,446.8203125,maze-32-32-10-2-80-10-128-final.mbin,667.0,0.578125,1048.0,30000,0.25,57193.0,1.297161340713501,0.3741859200446182,0.0,618.15625,maze-32-32-20-1-75-2-128-final.mbin,967.0,0.3671875,1048.0,30000,0.18,79124.0,1.30057692527771,0.37267699568536833,0.0,742.3046875,maze-32-32-20-5-75-7-128-final.mbin,1434.0,0.28125,1048.0,30000,0.12666666666666668,95015.0,1.2978384494781494,0.1643352828215361,0.0,283.48046875,maze-64-64-10-1-75-0-256-final.mbin,1288.0,0.73828125,1048.0,30000,0.6533333333333333,72571.0,1.5381901264190674,0.1477203337643925,0.0,165.16015625,maze-64-64-10-2-80-1-256-final.mbin,311.0,0.86328125,1048.0,30000,0.7566666666666667,42281.0,1.5425336360931396,0.1969891468493521,0.0,331.3125,maze-64-64-20-1-75-14-256-final.mbin,1583.0,0.69140625,1048.0,30000,0.6133333333333333,84816.0,1.5399739742279053,0.29649682114518994,0.0,512.88671875,maze-64-64-20-3-80-6-256-final.mbin,2941.0,0.53515625,1048.0,30000,0.4633333333333333,131299.0,1.5410504341125488,0.35167357609688543,0.0,449.806640625,maze-64-64-10-1-75-0-512-final.mbin,4610.0,0.572265625,1048.0,30000,1.0333333333333334,230301.0,1.5628414154052734,0.46157081875043493,0.0,756.501953125,maze-64-64-20-2-75-4-512-final.mbin,10597.0,0.271484375,1048.0,30000,0.49666666666666665,387329.0,1.5645618438720703,0.0,550.1396,6326.3333,0.4738,1048.0,0.308990771953452,0.0,538.265625,774.0,0.4765625,1048.0,0.21333333333333335,68898.0,1.2322325706481934,0.2954205160998415,0.0,446.8203125,667.0,0.578125,1048.0,0.25,57193.0,1.297161340713501,0.3741859200446182,0.0,618.15625,967.0,0.3671875,1048.0,0.18,79124.0,1.30057692527771,0.37267699568536833,0.0,742.3046875,1434.0,0.28125,1048.0,0.12666666666666668,95015.0,1.2978384494781494,0.6585738393800032,0.0,899.4443359375,26210.0,0.1376953125,1048.0,0.51,921031.0,1.5912930965423584,0.1643352828215361,0.0,283.48046875,1288.0,0.73828125,1048.0,0.6533333333333333,72571.0,1.5381901264190674,0.35167357609688543,0.0,449.806640625,4610.0,0.572265625,1048.0,1.0333333333333334,230301.0,1.5628414154052734,0.6166258334009364,0.0,857.5361328125,24534.0,0.1728515625,1048.0,0.6533333333333333,878117.0,1.5992348194122314,0.1477203337643925,0.0,165.16015625,311.0,0.86328125,1048.0,0.7566666666666667,42281.0,1.5425336360931396,0.1969891468493521,0.0,331.3125,1583.0,0.69140625,1048.0,0.6133333333333333,84816.0,1.5399739742279053,0.46157081875043493,0.0,756.501953125,10597.0,0.271484375,1048.0,0.49666666666666665,387329.0,1.5645618438720703,0.29649682114518994,0.0,512.88671875,2941.0,0.53515625,1048.0,0.4633333333333333,131299.0,1.5410504341125488,0.4958,253997.9167,1.4673,L,100000,offline,109589381,30000,100000,L_flc64_bps3_steps30000_offline,L_flc64_bps3_steps100000_offline,0.0,30000,0.23705258984122982,0.2992517264439828,0.3932073890447802,0.20529606384318544,
3,2240000,0,64,0.3406,0.23014171451998705,0.0,278.6015625,maze-32-32-10-1-75-0-128-final.mbin,291.0,0.7109375,1048.0,35000,0.3233333333333333,35661.0,1.2347142696380615,0.64341975222858,0.0,953.333984375,maze-64-64-10-1-75-0-1024-final.mbin,27664.0,0.083984375,1048.0,35000,0.33666666666666667,976214.0,1.5988080501556396,0.5944655930788989,0.0,872.640625,maze-64-64-10-2-80-1-1024-final.mbin,23553.0,0.15234375,1048.0,35000,0.64,893584.0,1.6059260368347168,0.26308038041555265,0.0,282.2421875,maze-32-32-10-2-80-10-128-final.mbin,315.0,0.75,1048.0,35000,0.32,36127.0,1.2995691299438477,0.3014878820109386,0.0,436.09375,maze-32-32-20-1-75-2-128-final.mbin,565.0,0.53125,1048.0,35000,0.25666666666666665,55820.0,1.2998759746551514,0.36679205822847777,0.0,679.640625,maze-32-32-20-5-75-7-128-final.mbin,1226.0,0.359375,1048.0,35000,0.15333333333333332,86994.0,1.302321195602417,0.14784369469866643,0.0,185.1953125,maze-64-64-10-1-75-0-256-final.mbin,497.0,0.859375,1048.0,35000,0.7533333333333333,47410.0,1.5447444915771484,0.17102510809273766,0.0,213.953125,maze-64-64-10-2-80-1-256-final.mbin,818.0,0.828125,1048.0,35000,0.7233333333333334,54772.0,1.547182321548462,0.21909164145156373,0.0,291.1484375,maze-64-64-20-1-75-14-256-final.mbin,1348.0,0.73828125,1048.0,35000,0.6566666666666666,74534.0,1.5498847961425781,0.2727196895568332,0.0,438.82421875,maze-64-64-20-3-80-6-256-final.mbin,2150.0,0.5859375,1048.0,35000,0.5333333333333333,112339.0,1.5490994453430176,0.41297193863014364,0.0,564.44921875,maze-64-64-10-1-75-0-512-final.mbin,6912.0,0.46875,1048.0,35000,0.8266666666666667,288998.0,1.5797631740570068,0.4637267724838473,0.0,761.12890625,maze-64-64-20-2-75-4-512-final.mbin,10942.0,0.27734375,1048.0,35000,0.49,389698.0,1.572577953338623,0.0,496.4377,6356.75,0.5288,1048.0,0.23014171451998705,0.0,278.6015625,291.0,0.7109375,1048.0,0.3233333333333333,35661.0,1.2347142696380615,0.26308038041555265,0.0,282.2421875,315.0,0.75,1048.0,0.32,36127.0,1.2995691299438477,0.3014878820109386,0.0,436.09375,565.0,0.53125,1048.0,0.25666666666666665,55820.0,1.2998759746551514,0.36679205822847777,0.0,679.640625,1226.0,0.359375,1048.0,0.15333333333333332,86994.0,1.302321195602417,0.64341975222858,0.0,953.333984375,27664.0,0.083984375,1048.0,0.33666666666666667,976214.0,1.5988080501556396,0.14784369469866643,0.0,185.1953125,497.0,0.859375,1048.0,0.7533333333333333,47410.0,1.5447444915771484,0.41297193863014364,0.0,564.44921875,6912.0,0.46875,1048.0,0.8266666666666667,288998.0,1.5797631740570068,0.5944655930788989,0.0,872.640625,23553.0,0.15234375,1048.0,0.64,893584.0,1.6059260368347168,0.17102510809273766,0.0,213.953125,818.0,0.828125,1048.0,0.7233333333333334,54772.0,1.547182321548462,0.21909164145156373,0.0,291.1484375,1348.0,0.73828125,1048.0,0.6566666666666666,74534.0,1.5498847961425781,0.4637267724838473,0.0,761.12890625,10942.0,0.27734375,1048.0,0.49,389698.0,1.572577953338623,0.2727196895568332,0.0,438.82421875,2150.0,0.5859375,1048.0,0.5333333333333333,112339.0,1.5490994453430176,0.5011,254345.9167,1.4737,L,100000,offline,109589381,35000,100000,L_flc64_bps3_steps35000_offline,L_flc64_bps3_steps100000_offline,0.0,35000,0.26564458850862704,0.3838072636894111,0.4048881300850613,0.3627263972937609,
3,2560000,0,64,0.3343,0.2522955628673525,0.0,262.59375,maze-32-32-10-1-75-0-128-final.mbin,289.0,0.7265625,1048.0,40000,0.33,33612.0,1.2420971393585205,0.605173367419299,0.0,852.68359375,maze-64-64-10-1-75-0-1024-final.mbin,23780.0,0.1787109375,1048.0,40000,0.7,873148.0,1.590834379196167,0.6000992529537137,0.0,824.134765625,maze-64-64-10-2-80-1-1024-final.mbin,22210.0,0.1982421875,1048.0,40000,0.8,843914.0,1.593275547027588,0.2601504373532839,0.0,258.828125,maze-32-32-10-2-80-10-128-final.mbin,282.0,0.7578125,1048.0,40000,0.33,33130.0,1.2996907234191895,0.29003910875623196,0.0,365.296875,maze-32-32-20-1-75-2-128-final.mbin,418.0,0.65625,1048.0,40000,0.2866666666666667,46758.0,1.296311616897583,0.38854353894132304,0.0,575.796875,maze-32-32-20-5-75-7-128-final.mbin,962.0,0.453125,1048.0,40000,0.19666666666666666,73702.0,1.3008520603179932,0.15920801223034894,0.0,202.48046875,maze-64-64-10-1-75-0-256-final.mbin,800.0,0.8359375,1048.0,40000,0.73,51835.0,1.5353765487670898,0.15413215451653803,0.0,193.0078125,maze-64-64-10-2-80-1-256-final.mbin,624.0,0.86328125,1048.0,40000,0.7433333333333333,49410.0,1.5365781784057617,0.17275299447402784,0.0,163.83984375,maze-64-64-20-1-75-14-256-final.mbin,355.0,0.8828125,1048.0,40000,0.77,41943.0,1.535404920578003,0.2774757647822249,0.0,411.06640625,maze-64-64-20-3-80-6-256-final.mbin,2016.0,0.6171875,1048.0,40000,0.55,105233.0,1.5404858589172363,0.3760109622674277,0.0,545.064453125,maze-64-64-10-1-75-0-512-final.mbin,6074.0,0.490234375,1048.0,40000,0.86,279073.0,1.5606772899627686,0.4752761727293074,0.0,729.162109375,maze-64-64-20-2-75-4-512-final.mbin,10265.0,0.310546875,1048.0,40000,0.5433333333333333,373331.0,1.563647985458374,0.0,448.6629,5672.9167,0.5809,1048.0,0.2522955628673525,0.0,262.59375,289.0,0.7265625,1048.0,0.33,33612.0,1.2420971393585205,0.2601504373532839,0.0,258.828125,282.0,0.7578125,1048.0,0.33,33130.0,1.2996907234191895,0.29003910875623196,0.0,365.296875,418.0,0.65625,1048.0,0.2866666666666667,46758.0,1.296311616897583,0.38854353894132304,0.0,575.796875,962.0,0.453125,1048.0,0.19666666666666666,73702.0,1.3008520603179932,0.605173367419299,0.0,852.68359375,23780.0,0.1787109375,1048.0,0.7,873148.0,1.590834379196167,0.15920801223034894,0.0,202.48046875,800.0,0.8359375,1048.0,0.73,51835.0,1.5353765487670898,0.3760109622674277,0.0,545.064453125,6074.0,0.490234375,1048.0,0.86,279073.0,1.5606772899627686,0.6000992529537137,0.0,824.134765625,22210.0,0.1982421875,1048.0,0.8,843914.0,1.593275547027588,0.15413215451653803,0.0,193.0078125,624.0,0.86328125,1048.0,0.7433333333333333,49410.0,1.5365781784057617,0.17275299447402784,0.0,163.83984375,355.0,0.8828125,1048.0,0.77,41943.0,1.535404920578003,0.4752761727293074,0.0,729.162109375,10265.0,0.310546875,1048.0,0.5433333333333333,373331.0,1.563647985458374,0.2774757647822249,0.0,411.06640625,2016.0,0.6171875,1048.0,0.55,105233.0,1.5404858589172363,0.57,233757.4167,1.4663,L,100000,offline,109589381,40000,100000,L_flc64_bps3_steps40000_offline,L_flc64_bps3_steps100000_offline,0.0,40000,0.26799607128765623,0.33031725185920735,0.39217119781680515,0.2684633059016096,
3,2880000,0,64,0.3148,0.25161929167654934,0.0,220.546875,maze-32-32-10-1-75-0-128-final.mbin,257.0,0.765625,1048.0,45000,0.3466666666666667,28230.0,1.2501883506774902,0.48650441824593976,0.0,1040.353515625,maze-64-64-10-1-75-0-1024-final.mbin,39908.0,0.0009765625,1048.0,45000,0.03,1065322.0,1.5974359512329102,0.5219950923012788,0.0,973.173828125,maze-64-64-10-2-80-1-1024-final.mbin,30940.0,0.01953125,1048.0,45000,0.2966666666666667,996530.0,1.6041626930236816,0.28565252860914775,0.0,337.8984375,maze-32-32-10-2-80-10-128-final.mbin,514.0,0.65625,1048.0,45000,0.2966666666666667,43251.0,1.3028972148895264,0.3075507465497417,0.0,501.4140625,maze-32-32-20-1-75-2-128-final.mbin,744.0,0.5,1048.0,45000,0.23,64181.0,1.303187608718872,0.3771131602105202,0.0,599.84375,maze-32-32-20-5-75-7-128-final.mbin,1027.0,0.421875,1048.0,45000,0.18666666666666668,76780.0,1.3300819396972656,0.14383982647753046,0.0,123.30859375,maze-64-64-10-1-75-0-256-final.mbin,356.0,0.91796875,1048.0,45000,0.7966666666666666,31567.0,1.5443737506866455,0.17865403659379234,0.0,233.21875,maze-64-64-10-2-80-1-256-final.mbin,1011.0,0.79296875,1048.0,45000,0.7,59704.0,1.5469202995300293,0.16278396793597213,0.0,129.68359375,maze-64-64-20-1-75-14-256-final.mbin,222.0,0.90234375,1048.0,45000,0.7966666666666666,33199.0,1.543327808380127,0.2383937877218054,0.0,329.24609375,maze-64-64-20-3-80-6-256-final.mbin,1542.0,0.69921875,1048.0,45000,0.6233333333333333,84287.0,1.548609972000122,0.3535740486627983,0.0,406.28515625,maze-64-64-10-1-75-0-512-final.mbin,3641.0,0.64453125,1048.0,45000,1.1433333333333333,208018.0,1.5702238082885742,0.4693510929863378,0.0,723.6328125,maze-64-64-20-2-75-4-512-final.mbin,10228.0,0.3125,1048.0,45000,0.5633333333333334,370500.0,1.570354700088501,0.0,468.2171,7532.5,0.5528,1048.0,0.25161929167654934,0.0,220.546875,257.0,0.765625,1048.0,0.3466666666666667,28230.0,1.2501883506774902,0.28565252860914775,0.0,337.8984375,514.0,0.65625,1048.0,0.2966666666666667,43251.0,1.3028972148895264,0.3075507465497417,0.0,501.4140625,744.0,0.5,1048.0,0.23,64181.0,1.303187608718872,0.3771131602105202,0.0,599.84375,1027.0,0.421875,1048.0,0.18666666666666668,76780.0,1.3300819396972656,0.48650441824593976,0.0,1040.353515625,39908.0,0.0009765625,1048.0,0.03,1065322.0,1.5974359512329102,0.14383982647753046,0.0,123.30859375,356.0,0.91796875,1048.0,0.7966666666666666,31567.0,1.5443737506866455,0.3535740486627983,0.0,406.28515625,3641.0,0.64453125,1048.0,1.1433333333333333,208018.0,1.5702238082885742,0.5219950923012788,0.0,973.173828125,30940.0,0.01953125,1048.0,0.2966666666666667,996530.0,1.6041626930236816,0.17865403659379234,0.0,233.21875,1011.0,0.79296875,1048.0,0.7,59704.0,1.5469202995300293,0.16278396793597213,0.0,129.68359375,222.0,0.90234375,1048.0,0.7966666666666666,33199.0,1.543327808380127,0.4693510929863378,0.0,723.6328125,10228.0,0.3125,1048.0,0.5633333333333334,370500.0,1.570354700088501,0.2383937877218054,0.0,329.24609375,1542.0,0.69921875,1048.0,0.6233333333333333,84287.0,1.548609972000122,0.5008,255130.75,1.476,L,100000,offline,109589381,45000,100000,L_flc64_bps3_steps45000_offline,L_flc64_bps3_steps100000_offline,0.0,45000,0.23484501344275494,0.43934461708561445,0.4092039223725333,0.4694853117986957,
3,3200000,0,64,0.3455,0.22995854001558447,0.0,135.3984375,maze-32-32-10-1-75-0-128-final.mbin,111.0,0.875,1048.0,50000,0.38333333333333336,17331.0,1.2572612762451172,0.6661650484285513,0.0,944.3486328125,maze-64-64-10-1-75-0-1024-final.mbin,29031.0,0.060546875,1048.0,50000,0.37333333333333335,967013.0,1.6009914875030518,0.620013861160539,0.0,859.4345703125,maze-64-64-10-2-80-1-1024-final.mbin,25277.0,0.1416015625,1048.0,50000,0.6866666666666666,880061.0,1.6020622253417969,0.25077308821236405,0.0,267.0859375,maze-32-32-10-2-80-10-128-final.mbin,307.0,0.734375,1048.0,50000,0.32666666666666666,34187.0,1.307417869567871,0.2773492789244486,0.0,229.0234375,maze-32-32-20-1-75-2-128-final.mbin,173.0,0.7578125,1048.0,50000,0.3466666666666667,29315.0,1.303335189819336,0.40337329502318664,0.0,694.84375,maze-32-32-20-5-75-7-128-final.mbin,1145.0,0.3203125,1048.0,50000,0.14666666666666667,88940.0,1.3117623329162598,0.13786672411824277,0.0,105.65234375,maze-64-64-10-1-75-0-256-final.mbin,169.0,0.94921875,1048.0,50000,0.81,27047.0,1.5424749851226807,0.18293743168678112,0.0,204.2890625,maze-64-64-10-2-80-1-256-final.mbin,773.0,0.83203125,1048.0,50000,0.7266666666666667,52298.0,1.5448710918426514,0.1749279942416716,0.0,188.5390625,maze-64-64-20-1-75-14-256-final.mbin,610.0,0.828125,1048.0,50000,0.74,48266.0,1.5404257774353027,0.2897405845928124,0.0,449.4765625,maze-64-64-20-3-80-6-256-final.mbin,2806.0,0.578125,1048.0,50000,0.5133333333333333,115066.0,1.5424110889434814,0.4095965947494741,0.0,532.48046875,maze-64-64-10-1-75-0-512-final.mbin,6557.0,0.4921875,1048.0,50000,0.8833333333333333,272630.0,1.5615968704223633,0.5036458679728055,0.0,762.396484375,maze-64-64-20-2-75-4-512-final.mbin,11469.0,0.27734375,1048.0,50000,0.4866666666666667,390347.0,1.5658161640167236,0.0,447.7474,6535.6667,0.5706,1048.0,0.22995854001558447,0.0,135.3984375,111.0,0.875,1048.0,0.38333333333333336,17331.0,1.2572612762451172,0.25077308821236405,0.0,267.0859375,307.0,0.734375,1048.0,0.32666666666666666,34187.0,1.307417869567871,0.2773492789244486,0.0,229.0234375,173.0,0.7578125,1048.0,0.3466666666666667,29315.0,1.303335189819336,0.40337329502318664,0.0,694.84375,1145.0,0.3203125,1048.0,0.14666666666666667,88940.0,1.3117623329162598,0.6661650484285513,0.0,944.3486328125,29031.0,0.060546875,1048.0,0.37333333333333335,967013.0,1.6009914875030518,0.13786672411824277,0.0,105.65234375,169.0,0.94921875,1048.0,0.81,27047.0,1.5424749851226807,0.4095965947494741,0.0,532.48046875,6557.0,0.4921875,1048.0,0.8833333333333333,272630.0,1.5615968704223633,0.620013861160539,0.0,859.4345703125,25277.0,0.1416015625,1048.0,0.6866666666666666,880061.0,1.6020622253417969,0.18293743168678112,0.0,204.2890625,773.0,0.83203125,1048.0,0.7266666666666667,52298.0,1.5448710918426514,0.1749279942416716,0.0,188.5390625,610.0,0.828125,1048.0,0.74,48266.0,1.5404257774353027,0.5036458679728055,0.0,762.396484375,11469.0,0.27734375,1048.0,0.4866666666666667,390347.0,1.5658161640167236,0.2897405845928124,0.0,449.4765625,2806.0,0.578125,1048.0,0.5133333333333333,115066.0,1.5424110889434814,0.5353,243541.75,1.4734,L,100000,offline,109589381,50000,100000,L_flc64_bps3_steps50000_offline,L_flc64_bps3_steps100000_offline,0.0,50000,0.24016873477741202,0.3486304641672219,0.403723792751708,0.2935371355827358,
3,3520000,0,64,0.3261,0.24403404398226555,0.0,228.9375,maze-32-32-10-1-75-0-128-final.mbin,234.0,0.7578125,1048.0,55000,0.3433333333333333,29304.0,1.2543869018554688,0.6671568552254608,0.0,939.361328125,maze-64-64-10-1-75-0-1024-final.mbin,28370.0,0.09375,1048.0,55000,0.37333333333333335,961906.0,1.589139699935913,0.6416814106584475,0.0,868.4248046875,maze-64-64-10-2-80-1-1024-final.mbin,26334.0,0.158203125,1048.0,55000,0.62,889267.0,1.588083267211914,0.22921196799428575,0.0,167.71875,maze-32-32-10-2-80-10-128-final.mbin,158.0,0.8359375,1048.0,55000,0.37,21468.0,1.297473669052124,0.2982283089863038,0.0,396.8125,maze-32-32-20-1-75-2-128-final.mbin,500.0,0.5859375,1048.0,55000,0.2733333333333333,50792.0,1.3032057285308838,0.3820937898519844,0.0,631.0859375,maze-32-32-20-5-75-7-128-final.mbin,1081.0,0.3671875,1048.0,55000,0.17333333333333334,80779.0,1.306471824645996,0.1373863431844622,0.0,1049.0,maze-64-64-10-1-75-0-256-final.mbin,11046.0,0.0,1048.0,55000,0.0,268544.0,1.5436155796051025,0.14164476883537114,0.0,1040.8203125,maze-64-64-10-2-80-1-256-final.mbin,11058.0,0.0078125,1048.0,55000,0.006666666666666667,266450.0,1.538740634918213,0.17146368248009614,0.0,166.01953125,maze-64-64-20-1-75-14-256-final.mbin,343.0,0.859375,1048.0,55000,0.7666666666666667,42501.0,1.5399069786071777,0.15660840920276742,0.0,1049.0,maze-64-64-20-3-80-6-256-final.mbin,11344.0,0.0,1048.0,55000,0.0,268544.0,1.5362305641174316,0.37706001689581525,0.0,544.40625,maze-64-64-10-1-75-0-512-final.mbin,5906.0,0.48828125,1048.0,55000,0.8833333333333333,278736.0,1.5636606216430664,0.4664081642064058,0.0,610.61328125,maze-64-64-20-2-75-4-512-final.mbin,8244.0,0.419921875,1048.0,55000,0.77,312634.0,1.5609900951385498,0.0,641.0167,8718.1667,0.3812,1048.0,0.24403404398226555,0.0,228.9375,234.0,0.7578125,1048.0,0.3433333333333333,29304.0,1.2543869018554688,0.22921196799428575,0.0,167.71875,158.0,0.8359375,1048.0,0.37,21468.0,1.297473669052124,0.2982283089863038,0.0,396.8125,500.0,0.5859375,1048.0,0.2733333333333333,50792.0,1.3032057285308838,0.3820937898519844,0.0,631.0859375,1081.0,0.3671875,1048.0,0.17333333333333334,80779.0,1.306471824645996,0.6671568552254608,0.0,939.361328125,28370.0,0.09375,1048.0,0.37333333333333335,961906.0,1.589139699935913,0.1373863431844622,0.0,1049.0,11046.0,0.0,1048.0,0.0,268544.0,1.5436155796051025,0.37706001689581525,0.0,544.40625,5906.0,0.48828125,1048.0,0.8833333333333333,278736.0,1.5636606216430664,0.6416814106584475,0.0,868.4248046875,26334.0,0.158203125,1048.0,0.62,889267.0,1.588083267211914,0.14164476883537114,0.0,1040.8203125,11058.0,0.0078125,1048.0,0.006666666666666667,266450.0,1.538740634918213,0.17146368248009614,0.0,166.01953125,343.0,0.859375,1048.0,0.7666666666666667,42501.0,1.5399069786071777,0.4664081642064058,0.0,610.61328125,8244.0,0.419921875,1048.0,0.77,312634.0,1.5609900951385498,0.15660840920276742,0.0,1049.0,11344.0,0.0,1048.0,0.0,268544.0,1.5362305641174316,0.3817,289243.75,1.4685,L,100000,offline,109589381,55000,100000,L_flc64_bps3_steps55000_offline,L_flc64_bps3_steps100000_offline,0.0,55000,0.2638964081930432,0.35209500429926505,0.3707028844881089,0.3334871241104212,
3,3840000,0,64,0.3112,0.23395253170807184,0.0,194.21875,maze-32-32-10-1-75-0-128-final.mbin,146.0,0.828125,1048.0,60000,0.36,24860.0,1.2448489665985107,0.6225111143194774,0.0,865.345703125,maze-64-64-10-1-75-0-1024-final.mbin,26203.0,0.1708984375,1048.0,60000,0.66,886114.0,1.585458755493164,0.5968873491701416,0.0,769.685546875,maze-64-64-10-2-80-1-1024-final.mbin,23222.0,0.271484375,1048.0,60000,1.0133333333333334,788158.0,1.5807785987854004,0.22477456081563232,0.0,118.203125,maze-32-32-10-2-80-10-128-final.mbin,98.0,0.890625,1048.0,60000,0.39,15130.0,1.2991001605987549,0.3055812883509668,0.0,443.1953125,maze-32-32-20-1-75-2-128-final.mbin,431.0,0.5390625,1048.0,60000,0.25333333333333335,56729.0,1.2991433143615723,0.3449994764397324,0.0,513.015625,maze-32-32-20-5-75-7-128-final.mbin,924.0,0.5078125,1048.0,60000,0.22333333333333333,65666.0,1.301959753036499,0.13517916515236275,0.0,105.7734375,maze-64-64-10-1-75-0-256-final.mbin,277.0,0.94140625,1048.0,60000,0.8066666666666666,27078.0,1.5314698219299316,0.14648188246932412,0.0,95.23046875,maze-64-64-10-2-80-1-256-final.mbin,148.0,0.94921875,1048.0,60000,0.8233333333333334,24379.0,1.5321729183197021,0.17266685191313577,0.0,194.40234375,maze-64-64-20-1-75-14-256-final.mbin,504.0,0.8359375,1048.0,60000,0.7333333333333333,49767.0,1.5306024551391602,0.16426374585204218,0.0,123.75390625,maze-64-64-20-3-80-6-256-final.mbin,170.0,0.91796875,1048.0,60000,0.8033333333333333,31681.0,1.5259759426116943,0.2992894113499606,0.0,265.96484375,maze-64-64-10-1-75-0-512-final.mbin,1862.0,0.7734375,1048.0,60000,1.37,136174.0,1.5556633472442627,0.4879025218256263,0.0,705.3203125,maze-64-64-20-2-75-4-512-final.mbin,9958.0,0.333984375,1048.0,60000,0.5833333333333334,361124.0,1.5516016483306885,0.0,366.1758,5328.5833,0.6633,1048.0,0.23395253170807184,0.0,194.21875,146.0,0.828125,1048.0,0.36,24860.0,1.2448489665985107,0.22477456081563232,0.0,118.203125,98.0,0.890625,1048.0,0.39,15130.0,1.2991001605987549,0.3055812883509668,0.0,443.1953125,431.0,0.5390625,1048.0,0.25333333333333335,56729.0,1.2991433143615723,0.3449994764397324,0.0,513.015625,924.0,0.5078125,1048.0,0.22333333333333333,65666.0,1.301959753036499,0.6225111143194774,0.0,865.345703125,26203.0,0.1708984375,1048.0,0.66,886114.0,1.585458755493164,0.13517916515236275,0.0,105.7734375,277.0,0.94140625,1048.0,0.8066666666666666,27078.0,1.5314698219299316,0.2992894113499606,0.0,265.96484375,1862.0,0.7734375,1048.0,1.37,136174.0,1.5556633472442627,0.5968873491701416,0.0,769.685546875,23222.0,0.271484375,1048.0,1.0133333333333334,788158.0,1.5807785987854004,0.14648188246932412,0.0,95.23046875,148.0,0.94921875,1048.0,0.8233333333333334,24379.0,1.5321729183197021,0.17266685191313577,0.0,194.40234375,504.0,0.8359375,1048.0,0.7333333333333333,49767.0,1.5306024551391602,0.4879025218256263,0.0,705.3203125,9958.0,0.333984375,1048.0,0.5833333333333334,361124.0,1.5516016483306885,0.16426374585204218,0.0,123.75390625,170.0,0.91796875,1048.0,0.8033333333333333,31681.0,1.5259759426116943,0.6683,205571.6667,1.4616,L,100000,offline,109589381,60000,100000,L_flc64_bps3_steps60000_offline,L_flc64_bps3_steps100000_offline,0.0,60000,0.2716178478468405,0.310996734966448,0.387808677800868,0.23418479213202797,
3,4160000,0,64,0.3389,0.23532577841504462,0.0,132.15625,maze-32-32-10-1-75-0-128-final.mbin,145.0,0.8828125,1048.0,65000,0.38666666666666666,16916.0,1.2336516380310059,0.6473622870449369,0.0,888.4130859375,maze-64-64-10-1-75-0-1024-final.mbin,26898.0,0.1298828125,1048.0,65000,0.57,909735.0,1.5886759757995605,0.602991530533055,0.0,760.6083984375,maze-64-64-10-2-80-1-1024-final.mbin,20683.0,0.2431640625,1048.0,65000,1.0633333333333332,778863.0,1.5900793075561523,0.24774937142965978,0.0,164.2265625,maze-32-32-10-2-80-10-128-final.mbin,171.0,0.8359375,1048.0,65000,0.37,21021.0,1.2869596481323242,0.28020386982168594,0.0,364.75,maze-32-32-20-1-75-2-128-final.mbin,476.0,0.6171875,1048.0,65000,0.2866666666666667,46688.0,1.3042628765106201,0.38714044560737726,0.0,623.2578125,maze-32-32-20-5-75-7-128-final.mbin,1138.0,0.3828125,1048.0,65000,0.17666666666666667,79777.0,1.3064231872558594,0.15149125157271168,0.0,148.4609375,maze-64-64-10-1-75-0-256-final.mbin,455.0,0.88671875,1048.0,65000,0.77,38006.0,1.537560224533081,0.14407168580722118,0.0,103.515625,maze-64-64-10-2-80-1-256-final.mbin,144.0,0.94921875,1048.0,65000,0.8166666666666667,26500.0,1.5337862968444824,0.18862706880443844,0.0,163.953125,maze-64-64-20-1-75-14-256-final.mbin,386.0,0.8671875,1048.0,65000,0.7666666666666667,41972.0,1.5348262786865234,0.30845638315499024,0.0,488.29296875,maze-64-64-20-3-80-6-256-final.mbin,2622.0,0.546875,1048.0,65000,0.48,125003.0,1.5372262001037598,0.3843351174788941,0.0,482.41796875,maze-64-64-10-1-75-0-512-final.mbin,5868.0,0.54296875,1048.0,65000,0.97,246998.0,1.5577492713928223,0.48854813470211395,0.0,712.138671875,maze-64-64-20-2-75-4-512-final.mbin,10381.0,0.32421875,1048.0,65000,0.5733333333333334,364615.0,1.5569713115692139,0.0,419.3493,5780.5833,0.6007,1048.0,0.23532577841504462,0.0,132.15625,145.0,0.8828125,1048.0,0.38666666666666666,16916.0,1.2336516380310059,0.24774937142965978,0.0,164.2265625,171.0,0.8359375,1048.0,0.37,21021.0,1.2869596481323242,0.28020386982168594,0.0,364.75,476.0,0.6171875,1048.0,0.2866666666666667,46688.0,1.3042628765106201,0.38714044560737726,0.0,623.2578125,1138.0,0.3828125,1048.0,0.17666666666666667,79777.0,1.3064231872558594,0.6473622870449369,0.0,888.4130859375,26898.0,0.1298828125,1048.0,0.57,909735.0,1.5886759757995605,0.15149125157271168,0.0,148.4609375,455.0,0.88671875,1048.0,0.77,38006.0,1.537560224533081,0.3843351174788941,0.0,482.41796875,5868.0,0.54296875,1048.0,0.97,246998.0,1.5577492713928223,0.602991530533055,0.0,760.6083984375,20683.0,0.2431640625,1048.0,1.0633333333333332,778863.0,1.5900793075561523,0.14407168580722118,0.0,103.515625,144.0,0.94921875,1048.0,0.8166666666666667,26500.0,1.5337862968444824,0.18862706880443844,0.0,163.953125,386.0,0.8671875,1048.0,0.7666666666666667,41972.0,1.5348262786865234,0.48854813470211395,0.0,712.138671875,10381.0,0.32421875,1048.0,0.5733333333333334,364615.0,1.5569713115692139,0.30845638315499024,0.0,488.29296875,2622.0,0.546875,1048.0,0.48,125003.0,1.5372262001037598,0.6025,224674.5,1.464,L,100000,offline,109589381,65000,100000,L_flc64_bps3_steps65000_offline,L_flc64_bps3_steps100000_offline,0.0,65000,0.2425043582179624,0.32631128200601933,0.3907887973581332,0.2618337666539055,
3,4480000,0,64,0.3278,0.28376253954687025,0.0,335.96875,maze-32-32-10-1-75-0-128-final.mbin,518.0,0.6796875,1048.0,70000,0.3,43004.0,1.2503864765167236,0.63591935483589,0.0,838.826171875,maze-64-64-10-1-75-0-1024-final.mbin,23561.0,0.1865234375,1048.0,70000,0.7333333333333333,858958.0,1.578263282775879,0.603343852303356,0.0,752.4482421875,maze-64-64-10-2-80-1-1024-final.mbin,20668.0,0.26953125,1048.0,70000,1.0533333333333332,770507.0,1.5822288990020752,0.24957234337040987,0.0,268.1171875,maze-32-32-10-2-80-10-128-final.mbin,333.0,0.734375,1048.0,70000,0.32666666666666666,34319.0,1.2981758117675781,0.2700007301131292,0.0,222.9140625,maze-32-32-20-1-75-2-128-final.mbin,168.0,0.7421875,1048.0,70000,0.35,28533.0,1.2978579998016357,0.3640490442458224,0.0,545.0,maze-32-32-20-5-75-7-128-final.mbin,1011.0,0.484375,1048.0,70000,0.21,69760.0,1.301889419555664,0.13408588535754604,0.0,97.94140625,maze-64-64-10-1-75-0-256-final.mbin,131.0,0.94921875,1048.0,70000,0.8133333333333334,25073.0,1.5359721183776855,0.14512505420787644,0.0,101.01953125,maze-64-64-10-2-80-1-256-final.mbin,92.0,0.9453125,1048.0,70000,0.8166666666666667,25861.0,1.5359063148498535,0.16682282945498889,0.0,145.7421875,maze-64-64-20-1-75-14-256-final.mbin,205.0,0.8828125,1048.0,70000,0.78,37310.0,1.5352165699005127,0.2825025478264424,0.0,477.38671875,maze-64-64-20-3-80-6-256-final.mbin,2872.0,0.5625,1048.0,70000,0.49,122211.0,1.5410263538360596,0.3411197430930404,0.0,456.880859375,maze-64-64-10-1-75-0-512-final.mbin,4814.0,0.580078125,1048.0,70000,1.0166666666666666,233923.0,1.550612211227417,0.4575165489293703,0.0,727.9296875,maze-64-64-20-2-75-4-512-final.mbin,10589.0,0.3046875,1048.0,70000,0.5433333333333333,372700.0,1.5468988418579102,0.0,414.1812,5413.5,0.6101,1048.0,0.28376253954687025,0.0,335.96875,518.0,0.6796875,1048.0,0.3,43004.0,1.2503864765167236,0.24957234337040987,0.0,268.1171875,333.0,0.734375,1048.0,0.32666666666666666,34319.0,1.2981758117675781,0.2700007301131292,0.0,222.9140625,168.0,0.7421875,1048.0,0.35,28533.0,1.2978579998016357,0.3640490442458224,0.0,545.0,1011.0,0.484375,1048.0,0.21,69760.0,1.301889419555664,0.63591935483589,0.0,838.826171875,23561.0,0.1865234375,1048.0,0.7333333333333333,858958.0,1.578263282775879,0.13408588535754604,0.0,97.94140625,131.0,0.94921875,1048.0,0.8133333333333334,25073.0,1.5359721183776855,0.3411197430930404,0.0,456.880859375,4814.0,0.580078125,1048.0,1.0166666666666666,233923.0,1.550612211227417,0.603343852303356,0.0,752.4482421875,20668.0,0.26953125,1048.0,1.0533333333333332,770507.0,1.5822288990020752,0.14512505420787644,0.0,101.01953125,92.0,0.9453125,1048.0,0.8166666666666667,25861.0,1.5359063148498535,0.16682282945498889,0.0,145.7421875,205.0,0.8828125,1048.0,0.78,37310.0,1.5352165699005127,0.4575165489293703,0.0,727.9296875,10589.0,0.3046875,1048.0,0.5433333333333333,372700.0,1.5468988418579102,0.2825025478264424,0.0,477.38671875,2872.0,0.5625,1048.0,0.49,122211.0,1.5410263538360596,0.6194,218513.25,1.4629,L,100000,offline,109589381,70000,100000,L_flc64_bps3_steps70000_offline,L_flc64_bps3_steps100000_offline,0.0,70000,0.2514608304549226,0.29361857010440234,0.37609731258625695,0.21113982762254774,
3,4800000,0,64,0.3177,0.24859592189440738,0.0,222.1015625,maze-32-32-10-1-75-0-128-final.mbin,305.0,0.7890625,1048.0,75000,0.3466666666666667,28429.0,1.252988576889038,0.621301511227024,0.0,829.2822265625,maze-64-64-10-1-75-0-1024-final.mbin,23134.0,0.208984375,1048.0,75000,0.7833333333333333,849185.0,1.5775408744812012,0.5770321776562571,0.0,723.7939453125,maze-64-64-10-2-80-1-1024-final.mbin,19542.0,0.3212890625,1048.0,75000,1.18,741165.0,1.5743310451507568,0.2636374719197601,0.0,359.7109375,maze-32-32-10-2-80-10-128-final.mbin,487.0,0.6640625,1048.0,75000,0.2866666666666667,46043.0,1.2987403869628906,0.288037813861892,0.0,307.171875,maze-32-32-20-1-75-2-128-final.mbin,293.0,0.6640625,1048.0,75000,0.31333333333333335,39318.0,1.2960033416748047,0.3300727674937697,0.0,522.3828125,maze-32-32-20-5-75-7-128-final.mbin,872.0,0.4921875,1048.0,75000,0.22,66865.0,1.2949442863464355,0.13582993803368568,0.0,99.453125,maze-64-64-10-1-75-0-256-final.mbin,207.0,0.9453125,1048.0,75000,0.8133333333333334,25460.0,1.5339453220367432,0.16657802151894122,0.0,186.80078125,maze-64-64-10-2-80-1-256-final.mbin,506.0,0.8515625,1048.0,75000,0.74,47821.0,1.5327775478363037,0.1631744493351879,0.0,115.41796875,maze-64-64-20-1-75-14-256-final.mbin,273.0,0.9375,1048.0,75000,0.8033333333333333,29547.0,1.5299479961395264,0.21072158615107373,0.0,218.5703125,maze-64-64-20-3-80-6-256-final.mbin,778.0,0.8125,1048.0,75000,0.7233333333333334,55954.0,1.5316836833953857,0.3454397982764676,0.0,420.17578125,maze-64-64-10-1-75-0-512-final.mbin,4554.0,0.6171875,1048.0,75000,1.08,215130.0,1.5389976501464844,0.4619914959120433,0.0,734.921875,maze-64-64-20-2-75-4-512-final.mbin,10497.0,0.30859375,1048.0,75000,0.5333333333333333,376280.0,1.547431468963623,0.0,394.9819,5120.6667,0.6344,1048.0,0.24859592189440738,0.0,222.1015625,305.0,0.7890625,1048.0,0.3466666666666667,28429.0,1.252988576889038,0.2636374719197601,0.0,359.7109375,487.0,0.6640625,1048.0,0.2866666666666667,46043.0,1.2987403869628906,0.288037813861892,0.0,307.171875,293.0,0.6640625,1048.0,0.31333333333333335,39318.0,1.2960033416748047,0.3300727674937697,0.0,522.3828125,872.0,0.4921875,1048.0,0.22,66865.0,1.2949442863464355,0.621301511227024,0.0,829.2822265625,23134.0,0.208984375,1048.0,0.7833333333333333,849185.0,1.5775408744812012,0.13582993803368568,0.0,99.453125,207.0,0.9453125,1048.0,0.8133333333333334,25460.0,1.5339453220367432,0.3454397982764676,0.0,420.17578125,4554.0,0.6171875,1048.0,1.08,215130.0,1.5389976501464844,0.5770321776562571,0.0,723.7939453125,19542.0,0.3212890625,1048.0,1.18,741165.0,1.5743310451507568,0.16657802151894122,0.0,186.80078125,506.0,0.8515625,1048.0,0.74,47821.0,1.5327775478363037,0.1631744493351879,0.0,115.41796875,273.0,0.9375,1048.0,0.8033333333333333,29547.0,1.5299479961395264,0.4619914959120433,0.0,734.921875,10497.0,0.30859375,1048.0,0.5333333333333333,376280.0,1.547431468963623,0.21072158615107373,0.0,218.5703125,778.0,0.8125,1048.0,0.7233333333333334,55954.0,1.5316836833953857,0.6519,210099.75,1.4591,L,100000,offline,109589381,75000,100000,L_flc64_bps3_steps75000_offline,L_flc64_bps3_steps100000_offline,0.0,75000,0.22916311432512787,0.29397286764160596,0.3774906398628691,0.21045509542034282,
3,5120000,0,64,0.3336,0.2439099389531261,0.0,253.78125,maze-32-32-10-1-75-0-128-final.mbin,268.0,0.7578125,1048.0,80000,0.3333333333333333,32484.0,1.2354252338409424,0.6762537167284972,0.0,849.66796875,maze-64-64-10-1-75-0-1024-final.mbin,25367.0,0.185546875,1048.0,80000,0.6966666666666667,870060.0,1.579206943511963,0.650156766433432,0.0,808.876953125,maze-64-64-10-2-80-1-1024-final.mbin,23500.0,0.21875,1048.0,80000,0.8266666666666667,828290.0,1.5727782249450684,0.266257202589764,0.0,337.265625,maze-32-32-10-2-80-10-128-final.mbin,419.0,0.6640625,1048.0,80000,0.2966666666666667,43170.0,1.299346923828125,0.3053973341443916,0.0,411.5,maze-32-32-20-1-75-2-128-final.mbin,458.0,0.53125,1048.0,80000,0.26666666666666666,52672.0,1.298097848892212,0.31607829581573993,0.0,609.625,maze-32-32-20-5-75-7-128-final.mbin,1150.0,0.4140625,1048.0,80000,0.18333333333333332,78032.0,1.3050787448883057,0.13505467933030846,0.0,82.3046875,maze-64-64-10-1-75-0-256-final.mbin,101.0,0.96875,1048.0,80000,0.83,21070.0,1.5331947803497314,0.1436748341822356,0.0,118.140625,maze-64-64-10-2-80-1-256-final.mbin,218.0,0.92578125,1048.0,80000,0.8,30244.0,1.5342724323272705,0.17192386293526962,0.0,157.9765625,maze-64-64-20-1-75-14-256-final.mbin,336.0,0.87890625,1048.0,80000,0.77,40442.0,1.5330462455749512,0.24618264418088676,0.0,334.18359375,maze-64-64-20-3-80-6-256-final.mbin,1630.0,0.7109375,1048.0,80000,0.6166666666666667,85551.0,1.5300445556640625,0.3775215556973427,0.0,540.900390625,maze-64-64-10-1-75-0-512-final.mbin,6520.0,0.4921875,1048.0,80000,0.8666666666666667,276941.0,1.5448460578918457,0.47042880953310706,0.0,685.724609375,maze-64-64-20-2-75-4-512-final.mbin,9738.0,0.345703125,1048.0,80000,0.62,351091.0,1.538745641708374,0.0,432.4956,5808.75,0.5911,1048.0,0.2439099389531261,0.0,253.78125,268.0,0.7578125,1048.0,0.3333333333333333,32484.0,1.2354252338409424,0.266257202589764,0.0,337.265625,419.0,0.6640625,1048.0,0.2966666666666667,43170.0,1.299346923828125,0.3053973341443916,0.0,411.5,458.0,0.53125,1048.0,0.26666666666666666,52672.0,1.298097848892212,0.31607829581573993,0.0,609.625,1150.0,0.4140625,1048.0,0.18333333333333332,78032.0,1.3050787448883057,0.6762537167284972,0.0,849.66796875,25367.0,0.185546875,1048.0,0.6966666666666667,870060.0,1.579206943511963,0.13505467933030846,0.0,82.3046875,101.0,0.96875,1048.0,0.83,21070.0,1.5331947803497314,0.3775215556973427,0.0,540.900390625,6520.0,0.4921875,1048.0,0.8666666666666667,276941.0,1.5448460578918457,0.650156766433432,0.0,808.876953125,23500.0,0.21875,1048.0,0.8266666666666667,828290.0,1.5727782249450684,0.1436748341822356,0.0,118.140625,218.0,0.92578125,1048.0,0.8,30244.0,1.5342724323272705,0.17192386293526962,0.0,157.9765625,336.0,0.87890625,1048.0,0.77,40442.0,1.5330462455749512,0.47042880953310706,0.0,685.724609375,9738.0,0.345703125,1048.0,0.62,351091.0,1.538745641708374,0.24618264418088676,0.0,334.18359375,1630.0,0.7109375,1048.0,0.6166666666666667,85551.0,1.5300445556640625,0.5922,225837.25,1.4587,L,100000,offline,109589381,80000,100000,L_flc64_bps3_steps80000_offline,L_flc64_bps3_steps100000_offline,0.0,80000,0.23163941031999577,0.2893093157955401,0.37340693802572694,0.20521169356535318,
3,5440000,0,64,0.3214,0.25978613779266,0.0,239.7265625,maze-32-32-10-1-75-0-128-final.mbin,236.0,0.78125,1048.0,85000,0.34,30685.0,1.2247893810272217,0.6430878940101322,0.0,862.943359375,maze-64-64-10-1-75-0-1024-final.mbin,26074.0,0.0693359375,1048.0,85000,0.6633333333333333,883654.0,1.5284342765808105,0.5749431709621999,0.0,790.5029296875,maze-64-64-10-2-80-1-1024-final.mbin,22762.0,0.1669921875,1048.0,85000,0.9566666666666667,809475.0,1.5366854667663574,0.24632580903136395,0.0,208.7109375,maze-32-32-10-2-80-10-128-final.mbin,274.0,0.796875,1048.0,85000,0.35,26715.0,1.2409427165985107,0.2464778865786692,0.0,205.7578125,maze-32-32-20-1-75-2-128-final.mbin,132.0,0.75,1048.0,85000,0.3566666666666667,26337.0,1.2486212253570557,0.3303833251969901,0.0,485.9765625,maze-32-32-20-5-75-7-128-final.mbin,713.0,0.5390625,1048.0,85000,0.23666666666666666,62205.0,1.2495970726013184,0.13911520928154691,0.0,92.1015625,maze-64-64-10-1-75-0-256-final.mbin,165.0,0.95703125,1048.0,85000,0.8233333333333334,23578.0,1.478982925415039,0.2092992602539117,0.0,294.12890625,maze-64-64-10-2-80-1-256-final.mbin,1474.0,0.7265625,1048.0,85000,0.6433333333333333,75297.0,1.4808757305145264,0.16760555309691486,0.0,159.51953125,maze-64-64-20-1-75-14-256-final.mbin,398.0,0.87890625,1048.0,85000,0.7666666666666667,40837.0,1.4808704853057861,0.25291830382331865,0.0,363.48828125,maze-64-64-20-3-80-6-256-final.mbin,1862.0,0.671875,1048.0,85000,0.5933333333333334,93053.0,1.4785161018371582,0.3229779088116701,0.0,295.158203125,maze-64-64-10-1-75-0-512-final.mbin,2163.0,0.76171875,1048.0,85000,1.3566666666666667,151121.0,1.4943296909332275,0.4640077010364766,0.0,749.490234375,maze-64-64-20-2-75-4-512-final.mbin,10534.0,0.2578125,1048.0,85000,0.5066666666666667,383739.0,1.5106658935546875,0.0,395.6254,5565.5833,0.6131,1048.0,0.25978613779266,0.0,239.7265625,236.0,0.78125,1048.0,0.34,30685.0,1.2247893810272217,0.24632580903136395,0.0,208.7109375,274.0,0.796875,1048.0,0.35,26715.0,1.2409427165985107,0.2464778865786692,0.0,205.7578125,132.0,0.75,1048.0,0.3566666666666667,26337.0,1.2486212253570557,0.3303833251969901,0.0,485.9765625,713.0,0.5390625,1048.0,0.23666666666666666,62205.0,1.2495970726013184,0.6430878940101322,0.0,862.943359375,26074.0,0.0693359375,1048.0,0.6633333333333333,883654.0,1.5284342765808105,0.13911520928154691,0.0,92.1015625,165.0,0.95703125,1048.0,0.8233333333333334,23578.0,1.478982925415039,0.3229779088116701,0.0,295.158203125,2163.0,0.76171875,1048.0,1.3566666666666667,151121.0,1.4943296909332275,0.5749431709621999,0.0,790.5029296875,22762.0,0.1669921875,1048.0,0.9566666666666667,809475.0,1.5366854667663574,0.2092992602539117,0.0,294.12890625,1474.0,0.7265625,1048.0,0.6433333333333333,75297.0,1.4808757305145264,0.16760555309691486,0.0,159.51953125,398.0,0.87890625,1048.0,0.7666666666666667,40837.0,1.4808704853057861,0.4640077010364766,0.0,749.490234375,10534.0,0.2578125,1048.0,0.5066666666666667,383739.0,1.5106658935546875,0.25291830382331865,0.0,363.48828125,1862.0,0.671875,1048.0,0.5933333333333334,93053.0,1.4785161018371582,0.6328,217224.6667,1.4128,L,100000,offline,109589381,85000,100000,L_flc64_bps3_steps85000_offline,L_flc64_bps3_steps100000_offline,0.0,85000,0.22870502297495912,0.2995889563896601,0.36918430958169374,0.22999360319762646,
3,5760000,0,64,0.2684,0.24726891775096618,0.0,267.5703125,maze-32-32-10-1-75-0-128-final.mbin,258.0,0.71875,1048.0,90000,0.32666666666666666,34249.0,1.2543177604675293,0.4330315306496247,0.0,1048.001953125,maze-64-64-10-1-75-0-1024-final.mbin,43838.0,0.0,1048.0,90000,0.0033333333333333335,1073154.0,1.5865116119384766,0.4682588845094093,0.0,1047.9892578125,maze-64-64-10-2-80-1-1024-final.mbin,43192.0,0.0,1048.0,90000,0.0033333333333333335,1073141.0,1.586939811706543,0.25293056480847137,0.0,237.4609375,maze-32-32-10-2-80-10-128-final.mbin,294.0,0.78125,1048.0,90000,0.34,30395.0,1.3055694103240967,0.28986026575212254,0.0,348.515625,maze-32-32-20-1-75-2-128-final.mbin,358.0,0.609375,1048.0,90000,0.29333333333333333,44610.0,1.3022880554199219,0.31911680922877284,0.0,543.390625,maze-32-32-20-5-75-7-128-final.mbin,979.0,0.46875,1048.0,90000,0.21,69554.0,1.3008935451507568,0.15601051572758565,0.0,1044.9296875,maze-64-64-10-1-75-0-256-final.mbin,10939.0,0.0,1048.0,90000,0.0033333333333333335,267502.0,1.5495967864990234,0.16301964149391696,0.0,1049.0,maze-64-64-10-2-80-1-256-final.mbin,10945.0,0.0,1048.0,90000,0.0,268544.0,1.5485777854919434,0.17173928722289464,0.0,146.57421875,maze-64-64-20-1-75-14-256-final.mbin,209.0,0.90234375,1048.0,90000,0.8033333333333333,37523.0,1.5412392616271973,0.1782780079121932,0.0,1049.0,maze-64-64-20-3-80-6-256-final.mbin,11412.0,0.0,1048.0,90000,0.0,268544.0,1.549818754196167,0.2622095531529005,0.0,1046.95703125,maze-64-64-10-1-75-0-512-final.mbin,21312.0,0.0,1048.0,90000,0.0033333333333333335,536042.0,1.561335802078247,0.27907685848886443,0.0,1049.0,maze-64-64-20-2-75-4-512-final.mbin,21827.0,0.0,1048.0,90000,0.0,537088.0,1.5571026802062988,0.0,739.8658,13796.9167,0.29,1048.0,0.24726891775096618,0.0,267.5703125,258.0,0.71875,1048.0,0.32666666666666666,34249.0,1.2543177604675293,0.25293056480847137,0.0,237.4609375,294.0,0.78125,1048.0,0.34,30395.0,1.3055694103240967,0.28986026575212254,0.0,348.515625,358.0,0.609375,1048.0,0.29333333333333333,44610.0,1.3022880554199219,0.31911680922877284,0.0,543.390625,979.0,0.46875,1048.0,0.21,69554.0,1.3008935451507568,0.4330315306496247,0.0,1048.001953125,43838.0,0.0,1048.0,0.0033333333333333335,1073154.0,1.5865116119384766,0.15601051572758565,0.0,1044.9296875,10939.0,0.0,1048.0,0.0033333333333333335,267502.0,1.5495967864990234,0.2622095531529005,0.0,1046.95703125,21312.0,0.0,1048.0,0.0033333333333333335,536042.0,1.561335802078247,0.4682588845094093,0.0,1047.9892578125,43192.0,0.0,1048.0,0.0033333333333333335,1073141.0,1.586939811706543,0.16301964149391696,0.0,1049.0,10945.0,0.0,1048.0,0.0,268544.0,1.5485777854919434,0.17173928722289464,0.0,146.57421875,209.0,0.90234375,1048.0,0.8033333333333333,37523.0,1.5412392616271973,0.27907685848886443,0.0,1049.0,21827.0,0.0,1048.0,0.0,537088.0,1.5571026802062988,0.1782780079121932,0.0,1049.0,11412.0,0.0,1048.0,0.0,268544.0,1.549818754196167,0.1656,353362.1667,1.4703,L,100000,offline,109589381,90000,100000,L_flc64_bps3_steps90000_offline,L_flc64_bps3_steps100000_offline,0.0,90000,0.21920149128127295,0.33477103649121887,0.36737934853998017,0.3021627244424575,
3,6080000,0,64,0.302,0.2202059111907462,0.0,154.828125,maze-32-32-10-1-75-0-128-final.mbin,149.0,0.84375,1048.0,95000,0.37333333333333335,19818.0,1.22715163230896,0.5954012995392678,0.0,844.513671875,maze-64-64-10-1-75-0-1024-final.mbin,24670.0,0.1416015625,1048.0,95000,0.7633333333333333,864782.0,1.5762460231781006,0.550071707641498,0.0,741.1982421875,maze-64-64-10-2-80-1-1024-final.mbin,20593.0,0.2255859375,1048.0,95000,1.1566666666666667,758987.0,1.5851757526397705,0.22863802334213687,0.0,162.9921875,maze-32-32-10-2-80-10-128-final.mbin,171.0,0.84375,1048.0,95000,0.37,20863.0,1.2429089546203613,0.27240179038978585,0.0,331.5546875,maze-32-32-20-1-75-2-128-final.mbin,371.0,0.625,1048.0,95000,0.3,42439.0,1.2515110969543457,0.3225455038391989,0.0,441.9453125,maze-32-32-20-5-75-7-128-final.mbin,720.0,0.5625,1048.0,95000,0.25333333333333335,56569.0,1.2973430156707764,0.13328281658833235,0.0,87.64453125,maze-64-64-10-1-75-0-256-final.mbin,65.0,0.9453125,1048.0,95000,0.8233333333333334,22437.0,1.522655963897705,0.15593394257295945,0.0,157.91796875,maze-64-64-10-2-80-1-256-final.mbin,540.0,0.8828125,1048.0,95000,0.7633333333333333,40427.0,1.5275800228118896,0.1662643249090161,0.0,153.80078125,maze-64-64-20-1-75-14-256-final.mbin,464.0,0.875,1048.0,95000,0.77,39373.0,1.5255460739135742,0.24499540327123465,0.0,295.9140625,maze-64-64-20-3-80-6-256-final.mbin,1573.0,0.7421875,1048.0,95000,0.65,75754.0,1.5305111408233643,0.27311434919467337,0.0,212.10546875,maze-64-64-10-1-75-0-512-final.mbin,1362.0,0.810546875,1048.0,95000,1.47,108598.0,1.5436346530914307,0.4612776408465328,0.0,647.859375,maze-64-64-20-2-75-4-512-final.mbin,8795.0,0.37890625,1048.0,95000,0.6966666666666667,331704.0,1.546342134475708,0.0,352.6895,4956.0833,0.6564,1048.0,0.2202059111907462,0.0,154.828125,149.0,0.84375,1048.0,0.37333333333333335,19818.0,1.22715163230896,0.22863802334213687,0.0,162.9921875,171.0,0.84375,1048.0,0.37,20863.0,1.2429089546203613,0.27240179038978585,0.0,331.5546875,371.0,0.625,1048.0,0.3,42439.0,1.2515110969543457,0.3225455038391989,0.0,441.9453125,720.0,0.5625,1048.0,0.25333333333333335,56569.0,1.2973430156707764,0.5954012995392678,0.0,844.513671875,24670.0,0.1416015625,1048.0,0.7633333333333333,864782.0,1.5762460231781006,0.13328281658833235,0.0,87.64453125,65.0,0.9453125,1048.0,0.8233333333333334,22437.0,1.522655963897705,0.27311434919467337,0.0,212.10546875,1362.0,0.810546875,1048.0,1.47,108598.0,1.5436346530914307,0.550071707641498,0.0,741.1982421875,20593.0,0.2255859375,1048.0,1.1566666666666667,758987.0,1.5851757526397705,0.15593394257295945,0.0,157.91796875,540.0,0.8828125,1048.0,0.7633333333333333,40427.0,1.5275800228118896,0.1662643249090161,0.0,153.80078125,464.0,0.875,1048.0,0.77,39373.0,1.5255460739135742,0.4612776408465328,0.0,647.859375,8795.0,0.37890625,1048.0,0.6966666666666667,331704.0,1.546342134475708,0.24499540327123465,0.0,295.9140625,1573.0,0.7421875,1048.0,0.65,75754.0,1.5305111408233643,0.6992,198479.25,1.4481,L,100000,offline,109589381,95000,100000,L_flc64_bps3_steps95000_offline,L_flc64_bps3_steps100000_offline,0.0,95000,0.19884404768663613,0.34255714911703417,0.4098046252577196,0.2753096729763488,
3,6400000,0,64,0.3034,0.3003561176752603,0.0,399.9140625,maze-32-32-10-1-75-0-128-final.mbin,508.0,0.609375,1048.0,100000,0.27,51189.0,1.256401538848877,0.5084199203614275,0.0,997.6533203125,maze-64-64-10-1-75-0-1024-final.mbin,33335.0,0.0341796875,1048.0,100000,0.19333333333333333,1021597.0,1.582409381866455,0.5457411847114954,0.0,777.5546875,maze-64-64-10-2-80-1-1024-final.mbin,21421.0,0.2900390625,1048.0,100000,1.0766666666666667,796216.0,1.5897266864776611,0.2435946135218271,0.0,229.2421875,maze-32-32-10-2-80-10-128-final.mbin,212.0,0.75,1048.0,100000,0.3433333333333333,29343.0,1.2895715236663818,0.27789652647159746,0.0,311.203125,maze-32-32-20-1-75-2-128-final.mbin,329.0,0.6796875,1048.0,100000,0.31,39834.0,1.2933385372161865,0.3513013298495564,0.0,647.6484375,maze-32-32-20-5-75-7-128-final.mbin,1100.0,0.3515625,1048.0,100000,0.16666666666666666,82899.0,1.313662052154541,0.13969959130060106,0.0,126.4921875,maze-64-64-10-1-75-0-256-final.mbin,329.0,0.91796875,1048.0,100000,0.7933333333333333,32382.0,1.5379126071929932,0.17464497548335908,0.0,207.7578125,maze-64-64-10-2-80-1-256-final.mbin,642.0,0.84765625,1048.0,100000,0.7466666666666667,53186.0,1.5404393672943115,0.1843490018666198,0.0,254.81640625,maze-64-64-20-1-75-14-256-final.mbin,810.0,0.7578125,1048.0,100000,0.6833333333333333,65233.0,1.5395138263702393,0.183018360590999,0.0,1049.0,maze-64-64-20-3-80-6-256-final.mbin,11325.0,0.0,1048.0,100000,0.0,268544.0,1.5406932830810547,0.29325747043026046,0.0,254.392578125,maze-64-64-10-1-75-0-512-final.mbin,1764.0,0.783203125,1048.0,100000,1.4,130249.0,1.55828857421875,0.4385191309312311,0.0,655.572265625,maze-64-64-20-2-75-4-512-final.mbin,8545.0,0.3125,1048.0,100000,0.6833333333333333,335653.0,1.569396734237671,0.0,492.6039,6693.3333,0.5278,1048.0,0.3003561176752603,0.0,399.9140625,508.0,0.609375,1048.0,0.27,51189.0,1.256401538848877,0.2435946135218271,0.0,229.2421875,212.0,0.75,1048.0,0.3433333333333333,29343.0,1.2895715236663818,0.27789652647159746,0.0,311.203125,329.0,0.6796875,1048.0,0.31,39834.0,1.2933385372161865,0.3513013298495564,0.0,647.6484375,1100.0,0.3515625,1048.0,0.16666666666666666,82899.0,1.313662052154541,0.5084199203614275,0.0,997.6533203125,33335.0,0.0341796875,1048.0,0.19333333333333333,1021597.0,1.582409381866455,0.13969959130060106,0.0,126.4921875,329.0,0.91796875,1048.0,0.7933333333333333,32382.0,1.5379126071929932,0.29325747043026046,0.0,254.392578125,1764.0,0.783203125,1048.0,1.4,130249.0,1.55828857421875,0.5457411847114954,0.0,777.5546875,21421.0,0.2900390625,1048.0,1.0766666666666667,796216.0,1.5897266864776611,0.17464497548335908,0.0,207.7578125,642.0,0.84765625,1048.0,0.7466666666666667,53186.0,1.5404393672943115,0.1843490018666198,0.0,254.81640625,810.0,0.7578125,1048.0,0.6833333333333333,65233.0,1.5395138263702393,0.4385191309312311,0.0,655.572265625,8545.0,0.3125,1048.0,0.6833333333333333,335653.0,1.569396734237671,0.183018360590999,0.0,1049.0,11325.0,0.0,1048.0,0.0,268544.0,1.5406932830810547,0.5556,242193.75,1.4676,L,100000,offline,109589381,100000,100000,L_flc64_bps3_steps100000_offline,L_flc64_bps3_steps100000_offline,0.0,100000,0.24550911954862734,0.34962856958542693,0.36907399666712404,0.3301831425037298,0.0
4,320000,0,64,0.3395,0.3249208172230789,0.0,769.546875,maze-32-32-10-1-75-0-128-final.mbin,1207.0,0.265625,1048.0,5000,0.11666666666666667,98502.0,1.6198430061340332,0.4333711989847407,0.0,1049.0,maze-64-64-10-1-75-0-1024-final.mbin,42984.0,0.0,1048.0,5000,0.0,1074176.0,1.905987024307251,0.4384743896200433,0.0,1049.0,maze-64-64-10-2-80-1-1024-final.mbin,42491.0,0.0,1048.0,5000,0.0,1074176.0,1.907691478729248,0.3946009617685211,0.0,753.1171875,maze-32-32-10-2-80-10-128-final.mbin,1163.0,0.2734375,1048.0,5000,0.12333333333333334,96399.0,1.6201953887939453,0.3881553745217729,0.0,951.7109375,maze-32-32-20-1-75-2-128-final.mbin,1951.0,0.09375,1048.0,5000,0.04,121819.0,1.622864007949829,0.35884001374897406,0.0,887.3984375,maze-32-32-20-5-75-7-128-final.mbin,1743.0,0.15625,1048.0,5000,0.06666666666666667,113587.0,1.622178554534912,0.28398020248713957,0.0,841.73046875,maze-64-64-10-1-75-0-256-final.mbin,6280.0,0.1875,1048.0,5000,0.17666666666666667,215483.0,1.9095444679260254,0.29801316517133125,0.0,787.484375,maze-64-64-10-2-80-1-256-final.mbin,5609.0,0.24609375,1048.0,5000,0.22666666666666666,201596.0,1.8727316856384277,0.2735708600970447,0.0,942.66796875,maze-64-64-20-1-75-14-256-final.mbin,7834.0,0.07421875,1048.0,5000,0.09,241323.0,1.8899943828582764,0.28673798177676624,0.0,1013.15625,maze-64-64-20-3-80-6-256-final.mbin,9176.0,0.0234375,1048.0,5000,0.03,259368.0,1.8774676322937012,0.3122200055901068,0.0,1049.0,maze-64-64-10-1-75-0-512-final.mbin,20210.0,0.0,1048.0,5000,0.0,537088.0,1.8801825046539307,0.2811842882737066,0.0,1046.953125,maze-64-64-20-2-75-4-512-final.mbin,20838.0,0.0,1048.0,5000,0.0033333333333333335,536040.0,1.8816921710968018,0.0,928.3971,13457.1667,0.11,1048.0,0.3249208172230789,0.0,769.546875,1207.0,0.265625,1048.0,0.11666666666666667,98502.0,1.6198430061340332,0.3946009617685211,0.0,753.1171875,1163.0,0.2734375,1048.0,0.12333333333333334,96399.0,1.6201953887939453,0.3881553745217729,0.0,951.7109375,1951.0,0.09375,1048.0,0.04,121819.0,1.622864007949829,0.35884001374897406,0.0,887.3984375,1743.0,0.15625,1048.0,0.06666666666666667,113587.0,1.622178554534912,0.4333711989847407,0.0,1049.0,42984.0,0.0,1048.0,0.0,1074176.0,1.905987024307251,0.28398020248713957,0.0,841.73046875,6280.0,0.1875,1048.0,0.17666666666666667,215483.0,1.9095444679260254,0.3122200055901068,0.0,1049.0,20210.0,0.0,1048.0,0.0,537088.0,1.8801825046539307,0.4384743896200433,0.0,1049.0,42491.0,0.0,1048.0,0.0,1074176.0,1.907691478729248,0.29801316517133125,0.0,787.484375,5609.0,0.24609375,1048.0,0.22666666666666666,201596.0,1.8727316856384277,0.2735708600970447,0.0,942.66796875,7834.0,0.07421875,1048.0,0.09,241323.0,1.8899943828582764,0.2811842882737066,0.0,1046.953125,20838.0,0.0,1048.0,0.0033333333333333335,536040.0,1.8816921710968018,0.28673798177676624,0.0,1013.15625,9176.0,0.0234375,1048.0,0.03,259368.0,1.8774676322937012,0.0728,380796.4167,1.8009,XL,100000,offline,141009285,5000,100000,XL_flc64_bps4_steps5000_offline,XL_flc64_bps4_steps100000_offline,0.0,5000,0.5248657433075741,0.5834675515929655,0.6020422246759257,0.5648928785100054,
4,640000,0,64,0.3504,0.35164681525648017,0.0,691.5078125,maze-32-32-10-1-75-0-128-final.mbin,1005.0,0.328125,1048.0,10000,0.15,88513.0,1.5721240043640137,0.47786847580334135,0.0,1044.0048828125,maze-64-64-10-1-75-0-1024-final.mbin,39684.0,0.00390625,1048.0,10000,0.016666666666666666,1069061.0,1.9155681133270264,0.4739171439417033,0.0,1036.2119140625,maze-64-64-10-2-80-1-1024-final.mbin,37384.0,0.0087890625,1048.0,10000,0.043333333333333335,1061081.0,1.9098536968231201,0.3256443168063594,0.0,697.0390625,maze-32-32-10-2-80-10-128-final.mbin,951.0,0.3203125,1048.0,10000,0.14666666666666667,89221.0,1.6272637844085693,0.38040226178420145,0.0,824.4765625,maze-32-32-20-1-75-2-128-final.mbin,1488.0,0.1953125,1048.0,10000,0.09333333333333334,105533.0,1.630185604095459,0.40483711096720715,0.0,831.5859375,maze-32-32-20-5-75-7-128-final.mbin,1483.0,0.203125,1048.0,10000,0.09,106443.0,1.6231131553649902,0.20875404519200177,0.0,594.9375,maze-64-64-10-1-75-0-256-final.mbin,3347.0,0.41015625,1048.0,10000,0.38666666666666666,152304.0,1.8699636459350586,0.24546375507516846,0.0,707.1328125,maze-64-64-10-2-80-1-256-final.mbin,4705.0,0.3203125,1048.0,10000,0.29,181026.0,1.866966962814331,0.27018384365272075,0.0,875.33984375,maze-64-64-20-1-75-14-256-final.mbin,6492.0,0.15625,1048.0,10000,0.14666666666666667,224087.0,1.871659755706787,0.30648002616021125,0.0,899.12109375,maze-64-64-20-3-80-6-256-final.mbin,7083.0,0.1328125,1048.0,10000,0.12666666666666668,230175.0,1.8713464736938477,0.3656556887542486,0.0,930.087890625,maze-64-64-10-1-75-0-512-final.mbin,14260.0,0.10546875,1048.0,10000,0.2,476205.0,1.8881430625915527,0.3944340863661532,0.0,991.099609375,maze-64-64-20-2-75-4-512-final.mbin,17133.0,0.05078125,1048.0,10000,0.09666666666666666,507443.0,1.8933136463165283,0.0,843.5454,11251.25,0.1863,1048.0,0.35164681525648017,0.0,691.5078125,1005.0,0.328125,1048.0,0.15,88513.0,1.5721240043640137,0.3256443168063594,0.0,697.0390625,951.0,0.3203125,1048.0,0.14666666666666667,89221.0,1.6272637844085693,0.38040226178420145,0.0,824.4765625,1488.0,0.1953125,1048.0,0.09333333333333334,105533.0,1.630185604095459,0.40483711096720715,0.0,831.5859375,1483.0,0.203125,1048.0,0.09,106443.0,1.6231131553649902,0.47786847580334135,0.0,1044.0048828125,39684.0,0.00390625,1048.0,0.016666666666666666,1069061.0,1.9155681133270264,0.20875404519200177,0.0,594.9375,3347.0,0.41015625,1048.0,0.38666666666666666,152304.0,1.8699636459350586,0.3656556887542486,0.0,930.087890625,14260.0,0.10546875,1048.0,0.2,476205.0,1.8881430625915527,0.4739171439417033,0.0,1036.2119140625,37384.0,0.0087890625,1048.0,0.043333333333333335,1061081.0,1.9098536968231201,0.24546375507516846,0.0,707.1328125,4705.0,0.3203125,1048.0,0.29,181026.0,1.866966962814331,0.27018384365272075,0.0,875.33984375,6492.0,0.15625,1048.0,0.14666666666666667,224087.0,1.871659755706787,0.3944340863661532,0.0,991.099609375,17133.0,0.05078125,1048.0,0.09666666666666666,507443.0,1.8933136463165283,0.30648002616021125,0.0,899.12109375,7083.0,0.1328125,1048.0,0.12666666666666668,230175.0,1.8713464736938477,0.1489,357591.0,1.795,XL,100000,offline,141009285,10000,100000,XL_flc64_bps4_steps10000_offline,XL_flc64_bps4_steps100000_offline,0.0,10000,0.3826652555076349,0.4486852302984712,0.48637584886502505,0.4109946117319173,
4,960000,0,64,0.3653,0.35683769453733777,0.0,632.46875,maze-32-32-10-1-75-0-128-final.mbin,1069.0,0.3984375,1048.0,15000,0.17333333333333334,80956.0,1.5852227210998535,0.5295222273035165,0.0,1036.6240234375,maze-64-64-10-1-75-0-1024-final.mbin,37200.0,0.0078125,1048.0,15000,0.043333333333333335,1061503.0,1.9064216613769531,0.5111024380475762,0.0,1037.3642578125,maze-64-64-10-2-80-1-1024-final.mbin,37506.0,0.0029296875,1048.0,15000,0.04,1062261.0,1.901021957397461,0.34020905258332806,0.0,558.828125,maze-32-32-10-2-80-10-128-final.mbin,801.0,0.4609375,1048.0,15000,0.20333333333333334,71530.0,1.6373274326324463,0.373814146219856,0.0,745.6328125,maze-32-32-20-1-75-2-128-final.mbin,1202.0,0.2578125,1048.0,15000,0.12666666666666668,95441.0,1.637214183807373,0.38173069874522053,0.0,654.7890625,maze-32-32-20-5-75-7-128-final.mbin,1213.0,0.375,1048.0,15000,0.16333333333333333,83813.0,1.635993242263794,0.22239509159417434,0.0,442.11328125,maze-64-64-10-1-75-0-256-final.mbin,2433.0,0.59375,1048.0,15000,0.52,113181.0,1.8669548034667969,0.2142230554723724,0.0,464.06640625,maze-64-64-10-2-80-1-256-final.mbin,2560.0,0.57421875,1048.0,15000,0.5033333333333333,118801.0,1.8650498390197754,0.2790707154050008,0.0,682.12890625,maze-64-64-20-1-75-14-256-final.mbin,4409.0,0.33984375,1048.0,15000,0.31333333333333335,174625.0,1.863459825515747,0.29039388409171085,0.0,601.81640625,maze-64-64-20-3-80-6-256-final.mbin,4027.0,0.4296875,1048.0,15000,0.39,154065.0,1.861189603805542,0.41771854076174575,0.0,726.263671875,maze-64-64-10-1-75-0-512-final.mbin,9153.0,0.318359375,1048.0,15000,0.5566666666666666,371847.0,1.8815350532531738,0.46716535041259843,0.0,821.830078125,maze-64-64-20-2-75-4-512-final.mbin,12249.0,0.21484375,1048.0,15000,0.39,420777.0,1.8802988529205322,0.0,700.3271,9485.1667,0.3311,1048.0,0.35683769453733777,0.0,632.46875,1069.0,0.3984375,1048.0,0.17333333333333334,80956.0,1.5852227210998535,0.34020905258332806,0.0,558.828125,801.0,0.4609375,1048.0,0.20333333333333334,71530.0,1.6373274326324463,0.373814146219856,0.0,745.6328125,1202.0,0.2578125,1048.0,0.12666666666666668,95441.0,1.637214183807373,0.38173069874522053,0.0,654.7890625,1213.0,0.375,1048.0,0.16333333333333333,83813.0,1.635993242263794,0.5295222273035165,0.0,1036.6240234375,37200.0,0.0078125,1048.0,0.043333333333333335,1061503.0,1.9064216613769531,0.22239509159417434,0.0,442.11328125,2433.0,0.59375,1048.0,0.52,113181.0,1.8669548034667969,0.41771854076174575,0.0,726.263671875,9153.0,0.318359375,1048.0,0.5566666666666666,371847.0,1.8815350532531738,0.5111024380475762,0.0,1037.3642578125,37506.0,0.0029296875,1048.0,0.04,1062261.0,1.901021957397461,0.2142230554723724,0.0,464.06640625,2560.0,0.57421875,1048.0,0.5033333333333333,118801.0,1.8650498390197754,0.2790707154050008,0.0,682.12890625,4409.0,0.33984375,1048.0,0.31333333333333335,174625.0,1.863459825515747,0.46716535041259843,0.0,821.830078125,12249.0,0.21484375,1048.0,0.39,420777.0,1.8802988529205322,0.29039388409171085,0.0,601.81640625,4027.0,0.4296875,1048.0,0.39,154065.0,1.861189603805542,0.2853,317400.0,1.7935,XL,100000,offline,141009285,15000,100000,XL_flc64_bps4_steps15000_offline,XL_flc64_bps4_steps100000_offline,0.0,15000,0.28317068205915064,0.43734831530980334,0.4954181768511792,0.37927845376842745,
4,1280000,0,64,0.3159,0.32081702360168945,0.0,562.40625,maze-32-32-10-1-75-0-128-final.mbin,852.0,0.4375,1048.0,20000,0.20333333333333334,71988.0,1.5719683170318604,0.44267557456159057,0.0,1049.0,maze-64-64-10-1-75-0-1024-final.mbin,42778.0,0.0,1048.0,20000,0.0,1074176.0,1.9089024066925049,0.45489769152689735,0.0,1049.0,maze-64-64-10-2-80-1-1024-final.mbin,42080.0,0.0,1048.0,20000,0.0,1074176.0,1.9026224613189697,0.34386782857350034,0.0,646.8515625,maze-32-32-10-2-80-10-128-final.mbin,782.0,0.375,1048.0,20000,0.16666666666666666,82797.0,1.6310358047485352,0.3633638170906551,0.0,744.2890625,maze-32-32-20-1-75-2-128-final.mbin,1147.0,0.2421875,1048.0,20000,0.12666666666666668,95269.0,1.624373197555542,0.32450297595136024,0.0,655.359375,maze-32-32-20-5-75-7-128-final.mbin,1245.0,0.359375,1048.0,20000,0.16333333333333333,83886.0,1.6304194927215576,0.16247553134610174,0.0,259.8203125,maze-64-64-10-1-75-0-256-final.mbin,1023.0,0.75390625,1048.0,20000,0.6733333333333333,66514.0,1.8560290336608887,0.1664525708391079,0.0,247.1484375,maze-64-64-10-2-80-1-256-final.mbin,824.0,0.75390625,1048.0,20000,0.6866666666666666,63270.0,1.857560396194458,0.20001107683869854,0.0,286.0,maze-64-64-20-1-75-14-256-final.mbin,995.0,0.69921875,1048.0,20000,0.6566666666666666,73216.0,1.8570852279663086,0.2376983898906991,0.0,489.03515625,maze-64-64-20-3-80-6-256-final.mbin,2578.0,0.5,1048.0,20000,0.48333333333333334,125193.0,1.8634181022644043,0.3393726451015619,0.0,564.529296875,maze-64-64-10-1-75-0-512-final.mbin,6594.0,0.439453125,1048.0,20000,0.8333333333333334,289039.0,1.8740346431732178,0.4344514672708186,0.0,817.92578125,maze-64-64-20-2-75-4-512-final.mbin,12028.0,0.203125,1048.0,20000,0.3933333333333333,418778.0,1.8733341693878174,0.0,614.2804,9410.5,0.397,1048.0,0.32081702360168945,0.0,562.40625,852.0,0.4375,1048.0,0.20333333333333334,71988.0,1.5719683170318604,0.34386782857350034,0.0,646.8515625,782.0,0.375,1048.0,0.16666666666666666,82797.0,1.6310358047485352,0.3633638170906551,0.0,744.2890625,1147.0,0.2421875,1048.0,0.12666666666666668,95269.0,1.624373197555542,0.32450297595136024,0.0,655.359375,1245.0,0.359375,1048.0,0.16333333333333333,83886.0,1.6304194927215576,0.44267557456159057,0.0,1049.0,42778.0,0.0,1048.0,0.0,1074176.0,1.9089024066925049,0.16247553134610174,0.0,259.8203125,1023.0,0.75390625,1048.0,0.6733333333333333,66514.0,1.8560290336608887,0.3393726451015619,0.0,564.529296875,6594.0,0.439453125,1048.0,0.8333333333333334,289039.0,1.8740346431732178,0.45489769152689735,0.0,1049.0,42080.0,0.0,1048.0,0.0,1074176.0,1.9026224613189697,0.1664525708391079,0.0,247.1484375,824.0,0.75390625,1048.0,0.6866666666666666,63270.0,1.857560396194458,0.20001107683869854,0.0,286.0,995.0,0.69921875,1048.0,0.6566666666666666,73216.0,1.8570852279663086,0.4344514672708186,0.0,817.92578125,12028.0,0.203125,1048.0,0.3933333333333333,418778.0,1.8733341693878174,0.2376983898906991,0.0,489.03515625,2578.0,0.5,1048.0,0.48333333333333334,125193.0,1.8634181022644043,0.3656,293191.8333,1.7876,XL,100000,offline,141009285,20000,100000,XL_flc64_bps4_steps20000_offline,XL_flc64_bps4_steps100000_offline,0.0,20000,0.26015695055089966,0.3573586040848188,0.43713442586341944,0.2775827823062181,
4,1600000,0,64,0.3076,0.2792195131275705,0.0,367.1953125,maze-32-32-10-1-75-0-128-final.mbin,395.0,0.640625,1048.0,25000,0.2866666666666667,47001.0,1.5567691326141357,0.41028102397866334,0.0,1049.0,maze-64-64-10-1-75-0-1024-final.mbin,42960.0,0.0,1048.0,25000,0.0,1074176.0,1.8933396339416504,0.4164548748591511,0.0,1049.0,maze-64-64-10-2-80-1-1024-final.mbin,42353.0,0.0,1048.0,25000,0.0,1074176.0,1.8972244262695312,0.33522152608633243,0.0,457.4609375,maze-32-32-10-2-80-10-128-final.mbin,693.0,0.5703125,1048.0,25000,0.24666666666666667,58555.0,1.6266720294952393,0.3289953856105191,0.0,570.1484375,maze-32-32-20-1-75-2-128-final.mbin,765.0,0.4296875,1048.0,25000,0.2,72979.0,1.624363660812378,0.3850986114237806,0.0,679.6484375,maze-32-32-20-5-75-7-128-final.mbin,1173.0,0.34375,1048.0,25000,0.15333333333333332,86995.0,1.6252565383911133,0.21259968165939647,0.0,1013.19140625,maze-64-64-10-1-75-0-256-final.mbin,9564.0,0.02734375,1048.0,25000,0.03,259377.0,1.8592731952667236,0.17216550486715174,0.0,250.12109375,maze-64-64-10-2-80-1-256-final.mbin,613.0,0.8203125,1048.0,25000,0.71,64031.0,1.8556125164031982,0.23057535694313647,0.0,994.265625,maze-64-64-20-1-75-14-256-final.mbin,9266.0,0.03515625,1048.0,25000,0.04666666666666667,254532.0,1.8576951026916504,0.36306669664914903,0.0,696.8984375,maze-64-64-20-3-80-6-256-final.mbin,4646.0,0.3515625,1048.0,25000,0.30666666666666664,178406.0,1.8591301441192627,0.2815316073690445,0.0,1046.96484375,maze-64-64-10-1-75-0-512-final.mbin,20780.0,0.001953125,1048.0,25000,0.0033333333333333335,536046.0,1.8746933937072754,0.2761430482072876,0.0,1046.953125,maze-64-64-20-2-75-4-512-final.mbin,21298.0,0.001953125,1048.0,25000,0.0033333333333333335,536040.0,1.8717577457427979,0.0,768.404,12875.5,0.2686,1048.0,0.2792195131275705,0.0,367.1953125,395.0,0.640625,1048.0,0.2866666666666667,47001.0,1.5567691326141357,0.33522152608633243,0.0,457.4609375,693.0,0.5703125,1048.0,0.24666666666666667,58555.0,1.6266720294952393,0.3289953856105191,0.0,570.1484375,765.0,0.4296875,1048.0,0.2,72979.0,1.624363660812378,0.3850986114237806,0.0,679.6484375,1173.0,0.34375,1048.0,0.15333333333333332,86995.0,1.6252565383911133,0.41028102397866334,0.0,1049.0,42960.0,0.0,1048.0,0.0,1074176.0,1.8933396339416504,0.21259968165939647,0.0,1013.19140625,9564.0,0.02734375,1048.0,0.03,259377.0,1.8592731952667236,0.2815316073690445,0.0,1046.96484375,20780.0,0.001953125,1048.0,0.0033333333333333335,536046.0,1.8746933937072754,0.4164548748591511,0.0,1049.0,42353.0,0.0,1048.0,0.0,1074176.0,1.8972244262695312,0.17216550486715174,0.0,250.12109375,613.0,0.8203125,1048.0,0.71,64031.0,1.8556125164031982,0.23057535694313647,0.0,994.265625,9266.0,0.03515625,1048.0,0.04666666666666667,254532.0,1.8576951026916504,0.2761430482072876,0.0,1046.953125,21298.0,0.001953125,1048.0,0.0033333333333333335,536040.0,1.8717577457427979,0.36306669664914903,0.0,696.8984375,4646.0,0.3515625,1048.0,0.30666666666666664,178406.0,1.8591301441192627,0.1656,353526.1667,1.7835,XL,100000,offline,141009285,25000,100000,XL_flc64_bps4_steps25000_offline,XL_flc64_bps4_steps100000_offline,0.0,25000,0.2578852807215612,0.9568513846376212,0.44257325022989147,1.4711295190453508,
4,1920000,0,64,0.3537,0.30320541531212286,0.0,559.4453125,maze-32-32-10-1-75-0-128-final.mbin,915.0,0.4453125,1048.0,30000,0.20333333333333334,71609.0,1.585723876953125,0.6118848341879946,0.0,889.908203125,maze-64-64-10-1-75-0-1024-final.mbin,25740.0,0.1552734375,1048.0,30000,0.5666666666666667,911266.0,1.9079647064208984,0.6196421217527227,0.0,898.9052734375,maze-64-64-10-2-80-1-1024-final.mbin,26875.0,0.1435546875,1048.0,30000,0.5266666666666666,920479.0,1.9105396270751953,0.2737523768282489,0.0,418.2578125,maze-32-32-10-2-80-10-128-final.mbin,504.0,0.609375,1048.0,30000,0.2633333333333333,53537.0,1.6338367462158203,0.3509523590643425,0.0,672.421875,maze-32-32-20-1-75-2-128-final.mbin,931.0,0.3046875,1048.0,30000,0.15666666666666668,86070.0,1.6346051692962646,0.36292878812762935,0.0,688.6796875,maze-32-32-20-5-75-7-128-final.mbin,1169.0,0.3359375,1048.0,30000,0.15,88151.0,1.6302955150604248,0.14439286194672157,0.0,171.59375,maze-64-64-10-1-75-0-256-final.mbin,384.0,0.875,1048.0,30000,0.7533333333333333,43928.0,1.8637614250183105,0.20154300214958223,0.0,307.63671875,maze-64-64-10-2-80-1-256-final.mbin,1171.0,0.72265625,1048.0,30000,0.6333333333333333,78755.0,1.8684260845184326,0.24434421086521596,0.0,384.21484375,maze-64-64-20-1-75-14-256-final.mbin,1788.0,0.640625,1048.0,30000,0.5666666666666667,98359.0,1.864283800125122,0.3138299293518989,0.0,619.203125,maze-64-64-20-3-80-6-256-final.mbin,3573.0,0.4140625,1048.0,30000,0.36666666666666664,158516.0,1.8615703582763672,0.3635881690995809,0.0,535.865234375,maze-64-64-10-1-75-0-512-final.mbin,6346.0,0.486328125,1048.0,30000,0.88,274363.0,1.8873651027679443,0.4541302243005391,0.0,750.759765625,maze-64-64-20-2-75-4-512-final.mbin,10731.0,0.28125,1048.0,30000,0.5066666666666667,384389.0,1.8869493007659912,0.0,574.741,6677.25,0.4512,1048.0,0.30320541531212286,0.0,559.4453125,915.0,0.4453125,1048.0,0.20333333333333334,71609.0,1.585723876953125,0.2737523768282489,0.0,418.2578125,504.0,0.609375,1048.0,0.2633333333333333,53537.0,1.6338367462158203,0.3509523590643425,0.0,672.421875,931.0,0.3046875,1048.0,0.15666666666666668,86070.0,1.6346051692962646,0.36292878812762935,0.0,688.6796875,1169.0,0.3359375,1048.0,0.15,88151.0,1.6302955150604248,0.6118848341879946,0.0,889.908203125,25740.0,0.1552734375,1048.0,0.5666666666666667,911266.0,1.9079647064208984,0.14439286194672157,0.0,171.59375,384.0,0.875,1048.0,0.7533333333333333,43928.0,1.8637614250183105,0.3635881690995809,0.0,535.865234375,6346.0,0.486328125,1048.0,0.88,274363.0,1.8873651027679443,0.6196421217527227,0.0,898.9052734375,26875.0,0.1435546875,1048.0,0.5266666666666666,920479.0,1.9105396270751953,0.20154300214958223,0.0,307.63671875,1171.0,0.72265625,1048.0,0.6333333333333333,78755.0,1.8684260845184326,0.24434421086521596,0.0,384.21484375,1788.0,0.640625,1048.0,0.5666666666666667,98359.0,1.864283800125122,0.4541302243005391,0.0,750.759765625,10731.0,0.28125,1048.0,0.5066666666666667,384389.0,1.8869493007659912,0.3138299293518989,0.0,619.203125,3573.0,0.4140625,1048.0,0.36666666666666664,158516.0,1.8615703582763672,0.4644,264118.5,1.7946,XL,100000,offline,141009285,30000,100000,XL_flc64_bps4_steps30000_offline,XL_flc64_bps4_steps100000_offline,0.0,30000,0.23691545728926428,0.31187324992882187,0.396290622676254,0.22745587718138974,
4,2240000,0,64,0.2453,0.25731689526884016,0.0,244.640625,maze-32-32-10-1-75-0-128-final.mbin,296.0,0.75,1048.0,35000,0.33666666666666667,31314.0,1.5555243492126465,0.3587343902529952,0.0,1049.0,maze-64-64-10-1-75-0-1024-final.mbin,43843.0,0.0,1048.0,35000,0.0,1074176.0,1.9362080097198486,0.3476461311680257,0.0,1049.0,maze-64-64-10-2-80-1-1024-final.mbin,42773.0,0.0,1048.0,35000,0.0,1074176.0,1.9172909259796143,0.2556589490097086,0.0,266.4140625,maze-32-32-10-2-80-10-128-final.mbin,345.0,0.7421875,1048.0,35000,0.33,34101.0,1.638479232788086,0.325635850069549,0.0,539.2265625,maze-32-32-20-1-75-2-128-final.mbin,807.0,0.4609375,1048.0,35000,0.21333333333333335,69021.0,1.6424682140350342,0.36056547312540477,0.0,655.0859375,maze-32-32-20-5-75-7-128-final.mbin,1166.0,0.375,1048.0,35000,0.16333333333333333,83851.0,1.6426122188568115,0.14505485685572914,0.0,1049.0,maze-64-64-10-1-75-0-256-final.mbin,11318.0,0.0,1048.0,35000,0.0,268544.0,1.8961079120635986,0.13440586424225962,0.0,1049.0,maze-64-64-10-2-80-1-256-final.mbin,10927.0,0.0,1048.0,35000,0.0,268544.0,1.8859014511108398,0.16171142240376493,0.0,1049.0,maze-64-64-20-1-75-14-256-final.mbin,11277.0,0.0,1048.0,35000,0.0,268544.0,1.884145736694336,0.15826015673684551,0.0,1049.0,maze-64-64-20-3-80-6-256-final.mbin,11395.0,0.0,1048.0,35000,0.0,268544.0,1.8889524936676025,0.21454163079720212,0.0,1049.0,maze-64-64-10-1-75-0-512-final.mbin,21181.0,0.0,1048.0,35000,0.0,537088.0,1.900803804397583,0.22458155866475488,0.0,1046.953125,maze-64-64-20-2-75-4-512-final.mbin,21620.0,0.001953125,1048.0,35000,0.0033333333333333335,536040.0,1.9096488952636719,0.0,841.2767,14745.6667,0.1942,1048.0,0.25731689526884016,0.0,244.640625,296.0,0.75,1048.0,0.33666666666666667,31314.0,1.5555243492126465,0.2556589490097086,0.0,266.4140625,345.0,0.7421875,1048.0,0.33,34101.0,1.638479232788086,0.325635850069549,0.0,539.2265625,807.0,0.4609375,1048.0,0.21333333333333335,69021.0,1.6424682140350342,0.36056547312540477,0.0,655.0859375,1166.0,0.375,1048.0,0.16333333333333333,83851.0,1.6426122188568115,0.3587343902529952,0.0,1049.0,43843.0,0.0,1048.0,0.0,1074176.0,1.9362080097198486,0.14505485685572914,0.0,1049.0,11318.0,0.0,1048.0,0.0,268544.0,1.8961079120635986,0.21454163079720212,0.0,1049.0,21181.0,0.0,1048.0,0.0,537088.0,1.900803804397583,0.3476461311680257,0.0,1049.0,42773.0,0.0,1048.0,0.0,1074176.0,1.9172909259796143,0.13440586424225962,0.0,1049.0,10927.0,0.0,1048.0,0.0,268544.0,1.8859014511108398,0.16171142240376493,0.0,1049.0,11277.0,0.0,1048.0,0.0,268544.0,1.884145736694336,0.22458155866475488,0.0,1046.953125,21620.0,0.001953125,1048.0,0.0033333333333333335,536040.0,1.9096488952636719,0.15826015673684551,0.0,1049.0,11395.0,0.0,1048.0,0.0,268544.0,1.8889524936676025,0.0872,376161.9167,1.8082,XL,100000,offline,141009285,35000,100000,XL_flc64_bps4_steps35000_offline,XL_flc64_bps4_steps100000_offline,0.0,35000,0.26398432241734715,0.5454112563797853,0.40701810542005745,0.683804407339513,
4,2560000,0,64,0.2917,0.2681668508216786,0.0,324.875,maze-32-32-10-1-75-0-128-final.mbin,390.0,0.6875,1048.0,40000,0.30333333333333334,41584.0,1.5661261081695557,0.36475824666262835,0.0,1049.0,maze-64-64-10-1-75-0-1024-final.mbin,43599.0,0.0,1048.0,40000,0.0,1074176.0,1.8840653896331787,0.3495556953638217,0.0,1049.0,maze-64-64-10-2-80-1-1024-final.mbin,42711.0,0.0,1048.0,40000,0.0,1074176.0,1.888376235961914,0.25903208931473093,0.0,177.296875,maze-32-32-10-2-80-10-128-final.mbin,220.0,0.84375,1048.0,40000,0.36666666666666664,22694.0,1.6293320655822754,0.30345779450177623,0.0,483.0,maze-32-32-20-1-75-2-128-final.mbin,696.0,0.515625,1048.0,40000,0.23666666666666666,61824.0,1.6312360763549805,0.37578084579687376,0.0,598.9140625,maze-32-32-20-5-75-7-128-final.mbin,1072.0,0.4375,1048.0,40000,0.18666666666666668,76661.0,1.624460220336914,0.2561496416323509,0.0,1020.6875,maze-64-64-10-1-75-0-256-final.mbin,9176.0,0.01953125,1048.0,40000,0.023333333333333334,261296.0,1.8646214008331299,0.17464720521294563,0.0,240.2890625,maze-64-64-10-2-80-1-256-final.mbin,1201.0,0.79296875,1048.0,40000,0.6966666666666667,61514.0,1.8602240085601807,0.252397093892603,0.0,1008.92578125,maze-64-64-20-1-75-14-256-final.mbin,9750.0,0.03125,1048.0,40000,0.03333333333333333,258285.0,1.875028133392334,0.33002771502043987,0.0,522.2109375,maze-64-64-20-3-80-6-256-final.mbin,3264.0,0.52734375,1048.0,40000,0.4533333333333333,133686.0,1.863668441772461,0.2188633879982467,0.0,1049.0,maze-64-64-10-1-75-0-512-final.mbin,20829.0,0.0,1048.0,40000,0.0,537088.0,1.8731646537780762,0.34772308472969754,0.0,1040.92578125,maze-64-64-20-2-75-4-512-final.mbin,20322.0,0.005859375,1048.0,40000,0.013333333333333334,532954.0,1.873150110244751,0.0,713.6771,12769.1667,0.3218,1048.0,0.2681668508216786,0.0,324.875,390.0,0.6875,1048.0,0.30333333333333334,41584.0,1.5661261081695557,0.25903208931473093,0.0,177.296875,220.0,0.84375,1048.0,0.36666666666666664,22694.0,1.6293320655822754,0.30345779450177623,0.0,483.0,696.0,0.515625,1048.0,0.23666666666666666,61824.0,1.6312360763549805,0.37578084579687376,0.0,598.9140625,1072.0,0.4375,1048.0,0.18666666666666668,76661.0,1.624460220336914,0.36475824666262835,0.0,1049.0,43599.0,0.0,1048.0,0.0,1074176.0,1.8840653896331787,0.2561496416323509,0.0,1020.6875,9176.0,0.01953125,1048.0,0.023333333333333334,261296.0,1.8646214008331299,0.2188633879982467,0.0,1049.0,20829.0,0.0,1048.0,0.0,537088.0,1.8731646537780762,0.3495556953638217,0.0,1049.0,42711.0,0.0,1048.0,0.0,1074176.0,1.888376235961914,0.17464720521294563,0.0,240.2890625,1201.0,0.79296875,1048.0,0.6966666666666667,61514.0,1.8602240085601807,0.252397093892603,0.0,1008.92578125,9750.0,0.03125,1048.0,0.03333333333333333,258285.0,1.875028133392334,0.34772308472969754,0.0,1040.92578125,20322.0,0.005859375,1048.0,0.013333333333333334,532954.0,1.873150110244751,0.33002771502043987,0.0,522.2109375,3264.0,0.52734375,1048.0,0.4533333333333333,133686.0,1.863668441772461,0.1928,344661.5,1.7861,XL,100000,offline,141009285,40000,100000,XL_flc64_bps4_steps40000_offline,XL_flc64_bps4_steps100000_offline,0.0,40000,0.26698224626889927,0.47209089665540205,0.3827260631191463,0.5614557301916577,
4,2880000,0,64,0.2655,0.23095342673289962,0.0,166.046875,maze-32-32-10-1-75-0-128-final.mbin,155.0,0.8203125,1048.0,45000,0.37,21254.0,1.5030391216278076,0.387818477176949,0.0,1048.0009765625,maze-64-64-10-1-75-0-1024-final.mbin,43158.0,0.0,1048.0,45000,0.0033333333333333335,1073153.0,1.8130590915679932,0.36614703754344874,0.0,1049.0,maze-64-64-10-2-80-1-1024-final.mbin,42241.0,0.0,1048.0,45000,0.0,1074176.0,1.8359832763671875,0.2595399777406493,0.0,216.6171875,maze-32-32-10-2-80-10-128-final.mbin,201.0,0.8046875,1048.0,45000,0.35,27727.0,1.499265193939209,0.3019936662608446,0.0,385.9921875,maze-32-32-20-1-75-2-128-final.mbin,382.0,0.5703125,1048.0,45000,0.28,49407.0,1.5013720989227295,0.35936013186125126,0.0,522.8203125,maze-32-32-20-5-75-7-128-final.mbin,903.0,0.4921875,1048.0,45000,0.22,66921.0,1.4989230632781982,0.14030338505815623,0.0,96.234375,maze-64-64-10-1-75-0-256-final.mbin,116.0,0.96484375,1048.0,45000,0.8333333333333334,24636.0,1.763869285583496,0.16104917005272293,0.0,165.35546875,maze-64-64-10-2-80-1-256-final.mbin,354.0,0.88671875,1048.0,45000,0.78,42331.0,1.7669427394866943,0.21287263061114226,0.0,1044.94921875,maze-64-64-20-1-75-14-256-final.mbin,10544.0,0.00390625,1048.0,45000,0.0033333333333333335,267507.0,1.7775731086730957,0.26593144583788103,0.0,373.9140625,maze-64-64-20-3-80-6-256-final.mbin,1912.0,0.65234375,1048.0,45000,0.5833333333333334,95722.0,1.7895488739013672,0.2404092278770772,0.0,1049.0,maze-64-64-10-1-75-0-512-final.mbin,20583.0,0.0,1048.0,45000,0.0,537088.0,1.8007736206054688,0.2600752647972935,0.0,1046.953125,maze-64-64-20-2-75-4-512-final.mbin,21059.0,0.001953125,1048.0,45000,0.0033333333333333335,536040.0,1.796814203262329,0.0,597.0736,11800.6667,0.4331,1048.0,0.23095342673289962,0.0,166.046875,155.0,0.8203125,1048.0,0.37,21254.0,1.5030391216278076,0.2595399777406493,0.0,216.6171875,201.0,0.8046875,1048.0,0.35,27727.0,1.499265193939209,0.3019936662608446,0.0,385.9921875,382.0,0.5703125,1048.0,0.28,49407.0,1.5013720989227295,0.35936013186125126,0.0,522.8203125,903.0,0.4921875,1048.0,0.22,66921.0,1.4989230632781982,0.387818477176949,0.0,1048.0009765625,43158.0,0.0,1048.0,0.0033333333333333335,1073153.0,1.8130590915679932,0.14030338505815623,0.0,96.234375,116.0,0.96484375,1048.0,0.8333333333333334,24636.0,1.763869285583496,0.2404092278770772,0.0,1049.0,20583.0,0.0,1048.0,0.0,537088.0,1.8007736206054688,0.36614703754344874,0.0,1049.0,42241.0,0.0,1048.0,0.0,1074176.0,1.8359832763671875,0.16104917005272293,0.0,165.35546875,354.0,0.88671875,1048.0,0.78,42331.0,1.7669427394866943,0.21287263061114226,0.0,1044.94921875,10544.0,0.00390625,1048.0,0.0033333333333333335,267507.0,1.7775731086730957,0.2600752647972935,0.0,1046.953125,21059.0,0.001953125,1048.0,0.0033333333333333335,536040.0,1.796814203262329,0.26593144583788103,0.0,373.9140625,1912.0,0.65234375,1048.0,0.5833333333333334,95722.0,1.7895488739013672,0.2856,317996.8333,1.6956,XL,100000,offline,141009285,45000,100000,XL_flc64_bps4_steps45000_offline,XL_flc64_bps4_steps100000_offline,0.0,45000,0.23431513706854531,0.9917236946186117,0.402646617420525,1.5808007718166983,
4,3200000,0,64,0.2397,0.2894057010604563,0.0,394.0546875,maze-32-32-10-1-75-0-128-final.mbin,559.0,0.609375,1048.0,50000,0.2733333333333333,50439.0,1.500657320022583,0.3608796981946239,0.0,1049.0,maze-64-64-10-1-75-0-1024-final.mbin,43682.0,0.0,1048.0,50000,0.0,1074176.0,1.8280775547027588,0.34390975656163014,0.0,1049.0,maze-64-64-10-2-80-1-1024-final.mbin,42820.0,0.0,1048.0,50000,0.0,1074176.0,1.8131606578826904,0.26177217300177175,0.0,250.6484375,maze-32-32-10-2-80-10-128-final.mbin,291.0,0.765625,1048.0,50000,0.3333333333333333,32083.0,1.5432732105255127,0.30068384911198703,0.0,428.6640625,maze-32-32-20-1-75-2-128-final.mbin,535.0,0.5703125,1048.0,50000,0.26,54869.0,1.5638511180877686,0.3421161603060543,0.0,547.1796875,maze-32-32-20-5-75-7-128-final.mbin,812.0,0.484375,1048.0,50000,0.21,70039.0,1.5702238082885742,0.13470280696872508,0.0,1049.0,maze-64-64-10-1-75-0-256-final.mbin,10950.0,0.0,1048.0,50000,0.0,268544.0,1.795408010482788,0.11948273671980222,0.0,1049.0,maze-64-64-10-2-80-1-256-final.mbin,10898.0,0.0,1048.0,50000,0.0,268544.0,1.7931756973266602,0.1492454576563503,0.0,1049.0,maze-64-64-20-1-75-14-256-final.mbin,11175.0,0.0,1048.0,50000,0.0,268544.0,1.7956740856170654,0.14556060476291635,0.0,1049.0,maze-64-64-20-3-80-6-256-final.mbin,11427.0,0.0,1048.0,50000,0.0,268544.0,1.7928237915039062,0.20857860202278744,0.0,1049.0,maze-64-64-10-1-75-0-512-final.mbin,21135.0,0.0,1048.0,50000,0.0,537088.0,1.8008906841278076,0.22060999155489328,0.0,1046.953125,maze-64-64-20-2-75-4-512-final.mbin,21573.0,0.001953125,1048.0,50000,0.0033333333333333335,536040.0,1.8051354885101318,0.0,834.2083,14654.75,0.2026,1048.0,0.2894057010604563,0.0,394.0546875,559.0,0.609375,1048.0,0.2733333333333333,50439.0,1.500657320022583,0.26177217300177175,0.0,250.6484375,291.0,0.765625,1048.0,0.3333333333333333,32083.0,1.5432732105255127,0.30068384911198703,0.0,428.6640625,535.0,0.5703125,1048.0,0.26,54869.0,1.5638511180877686,0.3421161603060543,0.0,547.1796875,812.0,0.484375,1048.0,0.21,70039.0,1.5702238082885742,0.3608796981946239,0.0,1049.0,43682.0,0.0,1048.0,0.0,1074176.0,1.8280775547027588,0.13470280696872508,0.0,1049.0,10950.0,0.0,1048.0,0.0,268544.0,1.795408010482788,0.20857860202278744,0.0,1049.0,21135.0,0.0,1048.0,0.0,537088.0,1.8008906841278076,0.34390975656163014,0.0,1049.0,42820.0,0.0,1048.0,0.0,1074176.0,1.8131606578826904,0.11948273671980222,0.0,1049.0,10898.0,0.0,1048.0,0.0,268544.0,1.7931756973266602,0.1492454576563503,0.0,1049.0,11175.0,0.0,1048.0,0.0,268544.0,1.7956740856170654,0.22060999155489328,0.0,1046.953125,21573.0,0.001953125,1048.0,0.0033333333333333335,536040.0,1.8051354885101318,0.14556060476291635,0.0,1049.0,11427.0,0.0,1048.0,0.0,268544.0,1.7928237915039062,0.09,375257.1667,1.7169,XL,100000,offline,141009285,50000,100000,XL_flc64_bps4_steps50000_offline,XL_flc64_bps4_steps100000_offline,0.0,50000,0.2394358545911656,0.5416120804152579,0.38945737995855695,0.6937667808719589,
4,3520000,0,64,0.263,0.3170097587497589,0.0,521.3515625,maze-32-32-10-1-75-0-128-final.mbin,802.0,0.5,1048.0,55000,0.22,66733.0,1.591611623764038,0.36034203189622827,0.0,1049.0,maze-64-64-10-1-75-0-1024-final.mbin,43741.0,0.0,1048.0,55000,0.0,1074176.0,1.8845393657684326,0.34212464214316834,0.0,1049.0,maze-64-64-10-2-80-1-1024-final.mbin,42893.0,0.0,1048.0,55000,0.0,1074176.0,1.897535800933838,0.2338440495455398,0.0,238.015625,maze-32-32-10-2-80-10-128-final.mbin,203.0,0.7578125,1048.0,55000,0.34,30466.0,1.6330318450927734,0.2844559605080739,0.0,427.671875,maze-32-32-20-1-75-2-128-final.mbin,531.0,0.5546875,1048.0,55000,0.26,54742.0,1.6366596221923828,0.34313691349376924,0.0,592.625,maze-32-32-20-5-75-7-128-final.mbin,1065.0,0.4375,1048.0,55000,0.19,75856.0,1.630225419998169,0.14711916439670192,0.0,124.10546875,maze-64-64-10-1-75-0-256-final.mbin,256.0,0.92578125,1048.0,55000,0.7966666666666666,31771.0,1.8675026893615723,0.16486176636158636,0.0,179.703125,maze-64-64-10-2-80-1-256-final.mbin,564.0,0.8515625,1048.0,55000,0.7466666666666667,46004.0,1.869713306427002,0.23050039334752137,0.0,363.5390625,maze-64-64-20-1-75-14-256-final.mbin,1887.0,0.63671875,1048.0,55000,0.5866666666666667,93066.0,1.8690540790557861,0.30506126619078777,0.0,494.29296875,maze-64-64-20-3-80-6-256-final.mbin,3035.0,0.54296875,1048.0,55000,0.4766666666666667,126539.0,1.8702726364135742,0.20734040376566695,0.0,1049.0,maze-64-64-10-1-75-0-512-final.mbin,21166.0,0.0,1048.0,55000,0.0,537088.0,1.8822429180145264,0.22039617917788965,0.0,1046.953125,maze-64-64-20-2-75-4-512-final.mbin,21599.0,0.001953125,1048.0,55000,0.0033333333333333335,536040.0,1.87571382522583,0.0,594.6048,11478.5,0.4341,1048.0,0.3170097587497589,0.0,521.3515625,802.0,0.5,1048.0,0.22,66733.0,1.591611623764038,0.2338440495455398,0.0,238.015625,203.0,0.7578125,1048.0,0.34,30466.0,1.6330318450927734,0.2844559605080739,0.0,427.671875,531.0,0.5546875,1048.0,0.26,54742.0,1.6366596221923828,0.34313691349376924,0.0,592.625,1065.0,0.4375,1048.0,0.19,75856.0,1.630225419998169,0.36034203189622827,0.0,1049.0,43741.0,0.0,1048.0,0.0,1074176.0,1.8845393657684326,0.14711916439670192,0.0,124.10546875,256.0,0.92578125,1048.0,0.7966666666666666,31771.0,1.8675026893615723,0.20734040376566695,0.0,1049.0,21166.0,0.0,1048.0,0.0,537088.0,1.8822429180145264,0.34212464214316834,0.0,1049.0,42893.0,0.0,1048.0,0.0,1074176.0,1.897535800933838,0.16486176636158636,0.0,179.703125,564.0,0.8515625,1048.0,0.7466666666666667,46004.0,1.869713306427002,0.23050039334752137,0.0,363.5390625,1887.0,0.63671875,1048.0,0.5866666666666667,93066.0,1.8690540790557861,0.22039617917788965,0.0,1046.953125,21599.0,0.001953125,1048.0,0.0033333333333333335,536040.0,1.87571382522583,0.30506126619078777,0.0,494.29296875,3035.0,0.54296875,1048.0,0.4766666666666667,126539.0,1.8702726364135742,0.3017,312221.4167,1.7923,XL,100000,offline,141009285,55000,100000,XL_flc64_bps4_steps55000_offline,XL_flc64_bps4_steps100000_offline,0.0,55000,0.2631588860250931,0.6888650751299414,0.374072936944653,1.00365721331523,
4,3840000,0,64,0.2901,0.23864849391246026,0.0,193.828125,maze-32-32-10-1-75-0-128-final.mbin,99.0,0.8203125,1048.0,60000,0.36333333333333334,24810.0,1.5621812343597412,0.39913906035650326,0.0,1048.0068359375,maze-64-64-10-1-75-0-1024-final.mbin,42752.0,0.0009765625,1048.0,60000,0.0033333333333333335,1073159.0,1.9232537746429443,0.40669300049000157,0.0,1049.0,maze-64-64-10-2-80-1-1024-final.mbin,41664.0,0.0,1048.0,60000,0.0,1074176.0,1.9090709686279297,0.24648031347347646,0.0,203.515625,maze-32-32-10-2-80-10-128-final.mbin,224.0,0.8046875,1048.0,60000,0.3566666666666667,26050.0,1.63039231300354,0.2816309856358919,0.0,385.1484375,maze-32-32-20-1-75-2-128-final.mbin,412.0,0.5859375,1048.0,60000,0.28,49299.0,1.6276969909667969,0.3829056733582247,0.0,567.6796875,maze-32-32-20-5-75-7-128-final.mbin,991.0,0.4609375,1048.0,60000,0.2,72663.0,1.6322100162506104,0.1353567635124583,0.0,121.40625,maze-64-64-10-1-75-0-256-final.mbin,248.0,0.9140625,1048.0,60000,0.7933333333333333,31080.0,1.8643953800201416,0.13581215995042398,0.0,101.16015625,maze-64-64-10-2-80-1-256-final.mbin,146.0,0.94140625,1048.0,60000,0.8133333333333334,25897.0,1.864058256149292,0.17466709429599447,0.0,203.640625,maze-64-64-20-1-75-14-256-final.mbin,619.0,0.82421875,1048.0,60000,0.73,52132.0,1.8652331829071045,0.31140687536057793,0.0,519.01953125,maze-64-64-20-3-80-6-256-final.mbin,2877.0,0.5234375,1048.0,60000,0.4533333333333333,132869.0,1.8687632083892822,0.3546374900930429,0.0,447.791015625,maze-64-64-10-1-75-0-512-final.mbin,4331.0,0.595703125,1048.0,60000,1.04,229269.0,1.8768174648284912,0.4136221221551865,0.0,532.55859375,maze-64-64-20-2-75-4-512-final.mbin,6222.0,0.5078125,1048.0,60000,0.9233333333333333,272670.0,1.8945791721343994,0.0,447.7296,8382.0833,0.5816,1048.0,0.23864849391246026,0.0,193.828125,99.0,0.8203125,1048.0,0.36333333333333334,24810.0,1.5621812343597412,0.24648031347347646,0.0,203.515625,224.0,0.8046875,1048.0,0.3566666666666667,26050.0,1.63039231300354,0.2816309856358919,0.0,385.1484375,412.0,0.5859375,1048.0,0.28,49299.0,1.6276969909667969,0.3829056733582247,0.0,567.6796875,991.0,0.4609375,1048.0,0.2,72663.0,1.6322100162506104,0.39913906035650326,0.0,1048.0068359375,42752.0,0.0009765625,1048.0,0.0033333333333333335,1073159.0,1.9232537746429443,0.1353567635124583,0.0,121.40625,248.0,0.9140625,1048.0,0.7933333333333333,31080.0,1.8643953800201416,0.3546374900930429,0.0,447.791015625,4331.0,0.595703125,1048.0,1.04,229269.0,1.8768174648284912,0.40669300049000157,0.0,1049.0,41664.0,0.0,1048.0,0.0,1074176.0,1.9090709686279297,0.13581215995042398,0.0,101.16015625,146.0,0.94140625,1048.0,0.8133333333333334,25897.0,1.864058256149292,0.17466709429599447,0.0,203.640625,619.0,0.82421875,1048.0,0.73,52132.0,1.8652331829071045,0.4136221221551865,0.0,532.55859375,6222.0,0.5078125,1048.0,0.9233333333333333,272670.0,1.8945791721343994,0.31140687536057793,0.0,519.01953125,2877.0,0.5234375,1048.0,0.4533333333333333,132869.0,1.8687632083892822,0.4964,255339.5,1.7932,XL,100000,offline,141009285,60000,100000,XL_flc64_bps4_steps60000_offline,XL_flc64_bps4_steps100000_offline,0.0,60000,0.2708443090116382,0.4054595547217832,0.3893149931081316,0.4216041163354348,
4,4160000,0,64,0.3453,0.3145996843322506,0.0,483.0625,maze-32-32-10-1-75-0-128-final.mbin,666.0,0.5390625,1048.0,65000,0.23666666666666666,61832.0,1.5697214603424072,0.6376277804444964,0.0,852.9453125,maze-64-64-10-1-75-0-1024-final.mbin,24277.0,0.17578125,1048.0,65000,0.7033333333333334,873416.0,1.9022800922393799,0.5956043766766468,0.0,754.0830078125,maze-64-64-10-2-80-1-1024-final.mbin,20601.0,0.25390625,1048.0,65000,1.05,772181.0,1.9013867378234863,0.2634213356294599,0.0,288.28125,maze-32-32-10-2-80-10-128-final.mbin,342.0,0.6796875,1048.0,65000,0.31666666666666665,36900.0,1.630824089050293,0.31252083670733793,0.0,467.75,maze-32-32-20-1-75-2-128-final.mbin,649.0,0.484375,1048.0,65000,0.24333333333333335,59872.0,1.652317762374878,0.35422827159666037,0.0,503.34375,maze-32-32-20-5-75-7-128-final.mbin,944.0,0.5078125,1048.0,65000,0.22666666666666666,64428.0,1.6262929439544678,0.13816405500367124,0.0,93.5078125,maze-64-64-10-1-75-0-256-final.mbin,126.0,0.94921875,1048.0,65000,0.82,23938.0,1.8685858249664307,0.2131351881485272,0.0,286.3359375,maze-64-64-10-2-80-1-256-final.mbin,1439.0,0.73828125,1048.0,65000,0.65,73302.0,1.8689987659454346,0.2252691397515432,0.0,293.45703125,maze-64-64-20-1-75-14-256-final.mbin,1308.0,0.73046875,1048.0,65000,0.6466666666666666,75125.0,1.8680899143218994,0.2773420806270414,0.0,458.16015625,maze-64-64-20-3-80-6-256-final.mbin,2589.0,0.5703125,1048.0,65000,0.5066666666666667,117289.0,1.8740522861480713,0.35766984130283574,0.0,398.96484375,maze-64-64-10-1-75-0-512-final.mbin,4453.0,0.625,1048.0,65000,1.12,204270.0,1.884530782699585,0.4543387368657818,0.0,704.7890625,maze-64-64-20-2-75-4-512-final.mbin,9869.0,0.330078125,1048.0,65000,0.5833333333333334,360852.0,1.8802354335784912,0.0,465.3901,5605.25,0.5487,1048.0,0.3145996843322506,0.0,483.0625,666.0,0.5390625,1048.0,0.23666666666666666,61832.0,1.5697214603424072,0.2634213356294599,0.0,288.28125,342.0,0.6796875,1048.0,0.31666666666666665,36900.0,1.630824089050293,0.31252083670733793,0.0,467.75,649.0,0.484375,1048.0,0.24333333333333335,59872.0,1.652317762374878,0.35422827159666037,0.0,503.34375,944.0,0.5078125,1048.0,0.22666666666666666,64428.0,1.6262929439544678,0.6376277804444964,0.0,852.9453125,24277.0,0.17578125,1048.0,0.7033333333333334,873416.0,1.9022800922393799,0.13816405500367124,0.0,93.5078125,126.0,0.94921875,1048.0,0.82,23938.0,1.8685858249664307,0.35766984130283574,0.0,398.96484375,4453.0,0.625,1048.0,1.12,204270.0,1.884530782699585,0.5956043766766468,0.0,754.0830078125,20601.0,0.25390625,1048.0,1.05,772181.0,1.9013867378234863,0.2131351881485272,0.0,286.3359375,1439.0,0.73828125,1048.0,0.65,73302.0,1.8689987659454346,0.2252691397515432,0.0,293.45703125,1308.0,0.73046875,1048.0,0.6466666666666666,75125.0,1.8680899143218994,0.4543387368657818,0.0,704.7890625,9869.0,0.330078125,1048.0,0.5833333333333334,360852.0,1.8802354335784912,0.2773420806270414,0.0,458.16015625,2589.0,0.5703125,1048.0,0.5066666666666667,117289.0,1.8740522861480713,0.5919,226950.4167,1.7939,XL,100000,offline,141009285,65000,100000,XL_flc64_bps4_steps65000_offline,XL_flc64_bps4_steps100000_offline,0.0,65000,0.24219892912358637,0.30722368014937546,0.3866064628466201,0.2278408974521308,
4,4480000,0,64,0.3331,0.2839440848374478,0.0,352.859375,maze-32-32-10-1-75-0-128-final.mbin,529.0,0.6640625,1048.0,70000,0.29,45166.0,1.5545597076416016,0.6317402255077238,0.0,914.783203125,maze-64-64-10-1-75-0-1024-final.mbin,26505.0,0.1181640625,1048.0,70000,0.4633333333333333,936738.0,1.8921289443969727,0.5879620204394534,0.0,888.2724609375,maze-64-64-10-2-80-1-1024-final.mbin,24661.0,0.1376953125,1048.0,70000,0.56,909591.0,1.8966290950775146,0.2471950025957887,0.0,221.390625,maze-32-32-10-2-80-10-128-final.mbin,285.0,0.7890625,1048.0,70000,0.3466666666666667,28338.0,1.6204652786254883,0.31099895494238833,0.0,443.5390625,maze-32-32-20-1-75-2-128-final.mbin,540.0,0.5546875,1048.0,70000,0.25333333333333335,56773.0,1.6240854263305664,0.3424593843805758,0.0,551.7109375,maze-32-32-20-5-75-7-128-final.mbin,1018.0,0.46875,1048.0,70000,0.20666666666666667,70619.0,1.626619577407837,0.13335287932208037,0.0,86.8828125,maze-64-64-10-1-75-0-256-final.mbin,132.0,0.94921875,1048.0,70000,0.8233333333333334,22242.0,1.8689050674438477,0.16743012505593619,0.0,201.3359375,maze-64-64-10-2-80-1-256-final.mbin,706.0,0.83203125,1048.0,70000,0.7266666666666667,51542.0,1.861398696899414,0.17870954052486898,0.0,184.89453125,maze-64-64-20-1-75-14-256-final.mbin,894.0,0.82421875,1048.0,70000,0.7433333333333333,47333.0,1.8577170372009277,0.2859272942313623,0.0,484.87109375,maze-64-64-20-3-80-6-256-final.mbin,2715.0,0.53515625,1048.0,70000,0.48333333333333334,124127.0,1.8600332736968994,0.3670596382866199,0.0,433.564453125,maze-64-64-10-1-75-0-512-final.mbin,4442.0,0.603515625,1048.0,70000,1.07,221985.0,1.8776557445526123,0.46039537244088913,0.0,676.53125,maze-64-64-20-2-75-4-512-final.mbin,9579.0,0.357421875,1048.0,70000,0.6333333333333333,346384.0,1.871323585510254,0.0,453.3863,6000.5,0.5695,1048.0,0.2839440848374478,0.0,352.859375,529.0,0.6640625,1048.0,0.29,45166.0,1.5545597076416016,0.2471950025957887,0.0,221.390625,285.0,0.7890625,1048.0,0.3466666666666667,28338.0,1.6204652786254883,0.31099895494238833,0.0,443.5390625,540.0,0.5546875,1048.0,0.25333333333333335,56773.0,1.6240854263305664,0.3424593843805758,0.0,551.7109375,1018.0,0.46875,1048.0,0.20666666666666667,70619.0,1.626619577407837,0.6317402255077238,0.0,914.783203125,26505.0,0.1181640625,1048.0,0.4633333333333333,936738.0,1.8921289443969727,0.13335287932208037,0.0,86.8828125,132.0,0.94921875,1048.0,0.8233333333333334,22242.0,1.8689050674438477,0.3670596382866199,0.0,433.564453125,4442.0,0.603515625,1048.0,1.07,221985.0,1.8776557445526123,0.5879620204394534,0.0,888.2724609375,24661.0,0.1376953125,1048.0,0.56,909591.0,1.8966290950775146,0.16743012505593619,0.0,201.3359375,706.0,0.83203125,1048.0,0.7266666666666667,51542.0,1.861398696899414,0.17870954052486898,0.0,184.89453125,894.0,0.82421875,1048.0,0.7433333333333333,47333.0,1.8577170372009277,0.46039537244088913,0.0,676.53125,9579.0,0.357421875,1048.0,0.6333333333333333,346384.0,1.871323585510254,0.2859272942313623,0.0,484.87109375,2715.0,0.53515625,1048.0,0.48333333333333334,124127.0,1.8600332736968994,0.55,238403.1667,1.7843,XL,100000,offline,141009285,70000,100000,XL_flc64_bps4_steps70000_offline,XL_flc64_bps4_steps100000_offline,0.0,70000,0.2509330362668292,0.2981277570248561,0.37498936490542406,0.22126614914428813,
4,4800000,0,64,0.2954,0.30801761373381487,0.0,360.453125,maze-32-32-10-1-75-0-128-final.mbin,580.0,0.6484375,1048.0,75000,0.2866666666666667,46138.0,1.5453619956970215,0.4868308219591747,0.0,1043.9443359375,maze-64-64-10-1-75-0-1024-final.mbin,41874.0,0.0009765625,1048.0,75000,0.016666666666666666,1068999.0,1.831087350845337,0.4829945276575726,0.0,1042.9208984375,maze-64-64-10-2-80-1-1024-final.mbin,41391.0,0.001953125,1048.0,75000,0.02,1067951.0,1.8304147720336914,0.26182491326310997,0.0,368.5234375,maze-32-32-10-2-80-10-128-final.mbin,470.0,0.640625,1048.0,75000,0.2833333333333333,47171.0,1.5663084983825684,0.26874282015951645,0.0,278.7265625,maze-32-32-20-1-75-2-128-final.mbin,249.0,0.6875,1048.0,75000,0.3233333333333333,35677.0,1.5644290447235107,0.37219393594833644,0.0,505.5,maze-32-32-20-5-75-7-128-final.mbin,882.0,0.5078125,1048.0,75000,0.22666666666666666,64704.0,1.5639925003051758,0.1333720122143171,0.0,99.45703125,maze-64-64-10-1-75-0-256-final.mbin,141.0,0.9453125,1048.0,75000,0.8133333333333334,25461.0,1.7928144931793213,0.14081783018800742,0.0,150.40625,maze-64-64-10-2-80-1-256-final.mbin,460.0,0.8828125,1048.0,75000,0.77,38504.0,1.8117542266845703,0.16045509581453718,0.0,142.3203125,maze-64-64-20-1-75-14-256-final.mbin,304.0,0.87109375,1048.0,75000,0.78,36434.0,1.7905528545379639,0.23603437408975958,0.0,321.73828125,maze-64-64-20-3-80-6-256-final.mbin,1315.0,0.69921875,1048.0,75000,0.63,82365.0,1.7948427200317383,0.29763458390497655,0.0,286.013671875,maze-64-64-10-1-75-0-512-final.mbin,2195.0,0.759765625,1048.0,75000,1.3266666666666667,146439.0,1.8049447536468506,0.39647255745806426,0.0,785.3515625,maze-64-64-20-2-75-4-512-final.mbin,12048.0,0.130859375,1048.0,75000,0.44333333333333336,402100.0,1.81075119972229,0.0,448.7796,8492.4167,0.5647,1048.0,0.30801761373381487,0.0,360.453125,580.0,0.6484375,1048.0,0.2866666666666667,46138.0,1.5453619956970215,0.26182491326310997,0.0,368.5234375,470.0,0.640625,1048.0,0.2833333333333333,47171.0,1.5663084983825684,0.26874282015951645,0.0,278.7265625,249.0,0.6875,1048.0,0.3233333333333333,35677.0,1.5644290447235107,0.37219393594833644,0.0,505.5,882.0,0.5078125,1048.0,0.22666666666666666,64704.0,1.5639925003051758,0.4868308219591747,0.0,1043.9443359375,41874.0,0.0009765625,1048.0,0.016666666666666666,1068999.0,1.831087350845337,0.1333720122143171,0.0,99.45703125,141.0,0.9453125,1048.0,0.8133333333333334,25461.0,1.7928144931793213,0.29763458390497655,0.0,286.013671875,2195.0,0.759765625,1048.0,1.3266666666666667,146439.0,1.8049447536468506,0.4829945276575726,0.0,1042.9208984375,41391.0,0.001953125,1048.0,0.02,1067951.0,1.8304147720336914,0.14081783018800742,0.0,150.40625,460.0,0.8828125,1048.0,0.77,38504.0,1.8117542266845703,0.16045509581453718,0.0,142.3203125,304.0,0.87109375,1048.0,0.78,36434.0,1.7905528545379639,0.39647255745806426,0.0,785.3515625,12048.0,0.130859375,1048.0,0.44333333333333336,402100.0,1.81075119972229,0.23603437408975958,0.0,321.73828125,1315.0,0.69921875,1048.0,0.63,82365.0,1.7948427200317383,0.4933,255161.9167,1.7256,XL,100000,offline,141009285,75000,100000,XL_flc64_bps4_steps75000_offline,XL_flc64_bps4_steps100000_offline,0.0,75000,0.22840663718806667,0.29742507398580065,0.3734077041337961,0.22144244383780526,
4,5120000,0,64,0.3325,0.2874528981989924,0.0,447.5859375,maze-32-32-10-1-75-0-128-final.mbin,590.0,0.5703125,1048.0,80000,0.25,57291.0,1.571718454360962,0.6350394451667281,0.0,893.1279296875,maze-64-64-10-1-75-0-1024-final.mbin,25375.0,0.142578125,1048.0,80000,0.5433333333333333,914563.0,1.8792026042938232,0.6002620972259368,0.0,860.412109375,maze-64-64-10-2-80-1-1024-final.mbin,24771.0,0.1572265625,1048.0,80000,0.6466666666666666,881062.0,1.8823912143707275,0.23803527844139732,0.0,95.7109375,maze-32-32-10-2-80-10-128-final.mbin,48.0,0.9140625,1048.0,80000,0.4033333333333333,12251.0,1.623783826828003,0.28002318194092674,0.0,355.9921875,maze-32-32-20-1-75-2-128-final.mbin,486.0,0.6015625,1048.0,80000,0.29,45567.0,1.625105857849121,0.32384245640318476,0.0,489.765625,maze-32-32-20-5-75-7-128-final.mbin,918.0,0.5078125,1048.0,80000,0.23333333333333334,62690.0,1.6243493556976318,0.13507556734279388,0.0,81.27734375,maze-64-64-10-1-75-0-256-final.mbin,67.0,0.96875,1048.0,80000,0.83,20807.0,1.8456416130065918,0.20995523510437636,0.0,281.75390625,maze-64-64-10-2-80-1-256-final.mbin,1298.0,0.7578125,1048.0,80000,0.6533333333333333,72129.0,1.8485615253448486,0.16627525095514284,0.0,143.01171875,maze-64-64-20-1-75-14-256-final.mbin,266.0,0.87890625,1048.0,80000,0.78,36611.0,1.8391666412353516,0.269835444010615,0.0,369.06640625,maze-64-64-20-3-80-6-256-final.mbin,1812.0,0.67578125,1048.0,80000,0.59,94481.0,1.851048469543457,0.36493544987566506,0.0,488.9375,maze-64-64-10-1-75-0-512-final.mbin,5330.0,0.5390625,1048.0,80000,0.9566666666666667,250336.0,1.862013339996338,0.4792323969172375,0.0,686.798828125,maze-64-64-20-2-75-4-512-final.mbin,9151.0,0.353515625,1048.0,80000,0.62,351641.0,1.8606743812561035,0.0,432.7867,5842.6667,0.5889,1048.0,0.2874528981989924,0.0,447.5859375,590.0,0.5703125,1048.0,0.25,57291.0,1.571718454360962,0.23803527844139732,0.0,95.7109375,48.0,0.9140625,1048.0,0.4033333333333333,12251.0,1.623783826828003,0.28002318194092674,0.0,355.9921875,486.0,0.6015625,1048.0,0.29,45567.0,1.625105857849121,0.32384245640318476,0.0,489.765625,918.0,0.5078125,1048.0,0.23333333333333334,62690.0,1.6243493556976318,0.6350394451667281,0.0,893.1279296875,25375.0,0.142578125,1048.0,0.5433333333333333,914563.0,1.8792026042938232,0.13507556734279388,0.0,81.27734375,67.0,0.96875,1048.0,0.83,20807.0,1.8456416130065918,0.36493544987566506,0.0,488.9375,5330.0,0.5390625,1048.0,0.9566666666666667,250336.0,1.862013339996338,0.6002620972259368,0.0,860.412109375,24771.0,0.1572265625,1048.0,0.6466666666666666,881062.0,1.8823912143707275,0.20995523510437636,0.0,281.75390625,1298.0,0.7578125,1048.0,0.6533333333333333,72129.0,1.8485615253448486,0.16627525095514284,0.0,143.01171875,266.0,0.87890625,1048.0,0.78,36611.0,1.8391666412353516,0.4792323969172375,0.0,686.798828125,9151.0,0.353515625,1048.0,0.62,351641.0,1.8606743812561035,0.269835444010615,0.0,369.06640625,1812.0,0.67578125,1048.0,0.59,94481.0,1.851048469543457,0.5664,233285.75,1.7761,XL,100000,offline,141009285,80000,100000,XL_flc64_bps4_steps80000_offline,XL_flc64_bps4_steps100000_offline,0.0,80000,0.23085118250306222,0.284931424154535,0.3706253885399855,0.19923745976908452,
4,5440000,0,64,0.3266,0.2550245734953488,0.0,215.859375,maze-32-32-10-1-75-0-128-final.mbin,249.0,0.8125,1048.0,85000,0.35,27630.0,1.5844628810882568,0.6157854584495654,0.0,946.2568359375,maze-64-64-10-1-75-0-1024-final.mbin,28467.0,0.072265625,1048.0,85000,0.3566666666666667,968967.0,1.8977949619293213,0.5977223000043439,0.0,925.37109375,maze-64-64-10-2-80-1-1024-final.mbin,27930.0,0.0849609375,1048.0,85000,0.42333333333333334,947580.0,1.9011902809143066,0.278896540289003,0.0,289.8828125,maze-32-32-10-2-80-10-128-final.mbin,352.0,0.734375,1048.0,85000,0.31666666666666665,37105.0,1.6270256042480469,0.27582068303419843,0.0,396.8203125,maze-32-32-20-1-75-2-128-final.mbin,389.0,0.5703125,1048.0,85000,0.2733333333333333,50793.0,1.6265084743499756,0.3879997326968997,0.0,671.3125,maze-32-32-20-5-75-7-128-final.mbin,1141.0,0.328125,1048.0,85000,0.15666666666666668,85928.0,1.6269910335540771,0.14615764254368885,0.0,106.59375,maze-64-64-10-1-75-0-256-final.mbin,247.0,0.9453125,1048.0,85000,0.8066666666666666,27288.0,1.8593261241912842,0.17485519679626457,0.0,184.515625,maze-64-64-10-2-80-1-256-final.mbin,874.0,0.859375,1048.0,85000,0.74,47236.0,1.8639578819274902,0.16131051658177856,0.0,109.0,maze-64-64-20-1-75-14-256-final.mbin,201.0,0.92578125,1048.0,85000,0.81,27904.0,1.8657519817352295,0.2532765663318271,0.0,312.89453125,maze-64-64-20-3-80-6-256-final.mbin,1675.0,0.71875,1048.0,85000,0.6366666666666667,80101.0,1.8676416873931885,0.3267355589105885,0.0,351.482421875,maze-64-64-10-1-75-0-512-final.mbin,3427.0,0.681640625,1048.0,85000,1.1966666666666668,179959.0,1.8825759887695312,0.4451953636149195,0.0,787.19921875,maze-64-64-20-2-75-4-512-final.mbin,11055.0,0.24609375,1048.0,85000,0.44,403046.0,1.8883023262023926,0.0,441.4324,6333.9167,0.5816,1048.0,0.2550245734953488,0.0,215.859375,249.0,0.8125,1048.0,0.35,27630.0,1.5844628810882568,0.278896540289003,0.0,289.8828125,352.0,0.734375,1048.0,0.31666666666666665,37105.0,1.6270256042480469,0.27582068303419843,0.0,396.8203125,389.0,0.5703125,1048.0,0.2733333333333333,50793.0,1.6265084743499756,0.3879997326968997,0.0,671.3125,1141.0,0.328125,1048.0,0.15666666666666668,85928.0,1.6269910335540771,0.6157854584495654,0.0,946.2568359375,28467.0,0.072265625,1048.0,0.3566666666666667,968967.0,1.8977949619293213,0.14615764254368885,0.0,106.59375,247.0,0.9453125,1048.0,0.8066666666666666,27288.0,1.8593261241912842,0.3267355589105885,0.0,351.482421875,3427.0,0.681640625,1048.0,1.1966666666666668,179959.0,1.8825759887695312,0.5977223000043439,0.0,925.37109375,27930.0,0.0849609375,1048.0,0.42333333333333334,947580.0,1.9011902809143066,0.17485519679626457,0.0,184.515625,874.0,0.859375,1048.0,0.74,47236.0,1.8639578819274902,0.16131051658177856,0.0,109.0,201.0,0.92578125,1048.0,0.81,27904.0,1.8657519817352295,0.4451953636149195,0.0,787.19921875,11055.0,0.24609375,1048.0,0.44,403046.0,1.8883023262023926,0.2532765663318271,0.0,312.89453125,1675.0,0.71875,1048.0,0.6366666666666667,80101.0,1.8676416873931885,0.5422,240294.75,1.791,XL,100000,offline,141009285,85000,100000,XL_flc64_bps4_steps85000_offline,XL_flc64_bps4_steps100000_offline,0.0,85000,0.22776379186586387,0.28749704207570403,0.3670298361338797,0.20796424801752844,
4,5760000,0,64,0.3162,0.2509176997875182,0.0,236.0859375,maze-32-32-10-1-75-0-128-final.mbin,276.0,0.7578125,1048.0,90000,0.34,30219.0,1.547966480255127,0.49850941309024943,0.0,1046.046875,maze-64-64-10-1-75-0-1024-final.mbin,42408.0,0.001953125,1048.0,90000,0.01,1071152.0,1.9035987854003906,0.5368157787014108,0.0,1047.1650390625,maze-64-64-10-2-80-1-1024-final.mbin,41947.0,0.001953125,1048.0,90000,0.006666666666666667,1072297.0,1.9019615650177002,0.2769076296496966,0.0,425.375,maze-32-32-10-2-80-10-128-final.mbin,569.0,0.609375,1048.0,90000,0.26,54448.0,1.5622944831848145,0.3051880251084364,0.0,380.1640625,maze-32-32-20-1-75-2-128-final.mbin,495.0,0.5390625,1048.0,90000,0.28,48661.0,1.5652716159820557,0.3731098321205581,0.0,615.8046875,maze-32-32-20-5-75-7-128-final.mbin,1148.0,0.3984375,1048.0,90000,0.18,78823.0,1.5741333961486816,0.1360570194871858,0.0,102.96484375,maze-64-64-10-1-75-0-256-final.mbin,209.0,0.94140625,1048.0,90000,0.81,26359.0,1.8022806644439697,0.15044300634638075,0.0,157.203125,maze-64-64-10-2-80-1-256-final.mbin,457.0,0.86328125,1048.0,90000,0.7633333333333333,40244.0,1.803600549697876,0.16690987729107115,0.0,126.296875,maze-64-64-20-1-75-14-256-final.mbin,166.0,0.890625,1048.0,90000,0.7966666666666666,32332.0,1.8467471599578857,0.34713151665873226,0.0,579.35546875,maze-64-64-20-3-80-6-256-final.mbin,3691.0,0.44140625,1048.0,90000,0.4,148315.0,1.8649275302886963,0.2885975308080208,0.0,264.765625,maze-64-64-10-1-75-0-512-final.mbin,1612.0,0.765625,1048.0,90000,1.3666666666666667,135560.0,1.88167405128479,0.4641394260768634,0.0,816.51953125,maze-64-64-20-2-75-4-512-final.mbin,11937.0,0.19921875,1048.0,90000,0.39,418058.0,1.8846220970153809,0.0,483.1456,8742.9167,0.5342,1048.0,0.2509176997875182,0.0,236.0859375,276.0,0.7578125,1048.0,0.34,30219.0,1.547966480255127,0.2769076296496966,0.0,425.375,569.0,0.609375,1048.0,0.26,54448.0,1.5622944831848145,0.3051880251084364,0.0,380.1640625,495.0,0.5390625,1048.0,0.28,48661.0,1.5652716159820557,0.3731098321205581,0.0,615.8046875,1148.0,0.3984375,1048.0,0.18,78823.0,1.5741333961486816,0.49850941309024943,0.0,1046.046875,42408.0,0.001953125,1048.0,0.01,1071152.0,1.9035987854003906,0.1360570194871858,0.0,102.96484375,209.0,0.94140625,1048.0,0.81,26359.0,1.8022806644439697,0.2885975308080208,0.0,264.765625,1612.0,0.765625,1048.0,1.3666666666666667,135560.0,1.88167405128479,0.5368157787014108,0.0,1047.1650390625,41947.0,0.001953125,1048.0,0.006666666666666667,1072297.0,1.9019615650177002,0.15044300634638075,0.0,157.203125,457.0,0.86328125,1048.0,0.7633333333333333,40244.0,1.803600549697876,0.16690987729107115,0.0,126.296875,166.0,0.890625,1048.0,0.7966666666666666,32332.0,1.8467471599578857,0.4641394260768634,0.0,816.51953125,11937.0,0.19921875,1048.0,0.39,418058.0,1.8846220970153809,0.34713151665873226,0.0,579.35546875,3691.0,0.44140625,1048.0,0.4,148315.0,1.8649275302886963,0.4669,263039.0,1.7616,XL,100000,offline,141009285,90000,100000,XL_flc64_bps4_steps90000_offline,XL_flc64_bps4_steps100000_offline,0.0,90000,0.21855796500292632,0.29773389737754646,0.3664906850856541,0.22897710966943885,
4,6080000,0,64,0.3149,0.2526733380714773,0.0,166.1484375,maze-32-32-10-1-75-0-128-final.mbin,141.0,0.859375,1048.0,95000,0.37,21267.0,1.5488507747650146,0.6158609025430332,0.0,858.162109375,maze-64-64-10-1-75-0-1024-final.mbin,24783.0,0.1591796875,1048.0,95000,0.73,878758.0,1.895719289779663,0.5686875182368325,0.0,781.8857421875,maze-64-64-10-2-80-1-1024-final.mbin,21142.0,0.234375,1048.0,95000,1.0366666666666666,800651.0,1.8953557014465332,0.25633822809011475,0.0,211.0078125,maze-32-32-10-2-80-10-128-final.mbin,257.0,0.796875,1048.0,95000,0.35,27009.0,1.6241960525512695,0.26785654006645443,0.0,264.015625,maze-32-32-20-1-75-2-128-final.mbin,264.0,0.6875,1048.0,95000,0.33,33794.0,1.6246449947357178,0.34256995334020635,0.0,481.53125,maze-32-32-20-5-75-7-128-final.mbin,862.0,0.546875,1048.0,95000,0.23666666666666666,61636.0,1.6280345916748047,0.13066659427820188,0.0,73.296875,maze-64-64-10-1-75-0-256-final.mbin,64.0,0.98046875,1048.0,95000,0.8366666666666667,18764.0,1.8620424270629883,0.14869709041933687,0.0,90.03125,maze-64-64-10-2-80-1-256-final.mbin,148.0,0.9609375,1048.0,95000,0.8266666666666667,23048.0,1.8552556037902832,0.16259577210810214,0.0,118.41015625,maze-64-64-20-1-75-14-256-final.mbin,312.0,0.91796875,1048.0,95000,0.8,30313.0,1.8554372787475586,0.26480877410041215,0.0,336.28515625,maze-64-64-20-3-80-6-256-final.mbin,1564.0,0.70703125,1048.0,95000,0.62,86089.0,1.8582048416137695,0.2843831000927947,0.0,211.3671875,maze-64-64-10-1-75-0-512-final.mbin,957.0,0.83984375,1048.0,95000,1.4866666666666666,108220.0,1.8752763271331787,0.4838003783852047,0.0,708.453125,maze-64-64-20-2-75-4-512-final.mbin,9502.0,0.3203125,1048.0,95000,0.5833333333333334,362728.0,1.8757846355438232,0.0,358.3829,4999.6667,0.6676,1048.0,0.2526733380714773,0.0,166.1484375,141.0,0.859375,1048.0,0.37,21267.0,1.5488507747650146,0.25633822809011475,0.0,211.0078125,257.0,0.796875,1048.0,0.35,27009.0,1.6241960525512695,0.26785654006645443,0.0,264.015625,264.0,0.6875,1048.0,0.33,33794.0,1.6246449947357178,0.34256995334020635,0.0,481.53125,862.0,0.546875,1048.0,0.23666666666666666,61636.0,1.6280345916748047,0.6158609025430332,0.0,858.162109375,24783.0,0.1591796875,1048.0,0.73,878758.0,1.895719289779663,0.13066659427820188,0.0,73.296875,64.0,0.98046875,1048.0,0.8366666666666667,18764.0,1.8620424270629883,0.2843831000927947,0.0,211.3671875,957.0,0.83984375,1048.0,1.4866666666666666,108220.0,1.8752763271331787,0.5686875182368325,0.0,781.8857421875,21142.0,0.234375,1048.0,1.0366666666666666,800651.0,1.8953557014465332,0.14869709041933687,0.0,90.03125,148.0,0.9609375,1048.0,0.8266666666666667,23048.0,1.8552556037902832,0.16259577210810214,0.0,118.41015625,312.0,0.91796875,1048.0,0.8,30313.0,1.8554372787475586,0.4838003783852047,0.0,708.453125,9502.0,0.3203125,1048.0,0.5833333333333334,362728.0,1.8757846355438232,0.26480877410041215,0.0,336.28515625,1564.0,0.70703125,1048.0,0.62,86089.0,1.8582048416137695,0.6839,204356.4167,1.7832,XL,100000,offline,141009285,95000,100000,XL_flc64_bps4_steps95000_offline,XL_flc64_bps4_steps100000_offline,0.0,95000,0.1979079086366562,0.3629888470065341,0.4261016918326862,0.29987600218038196,
4,6400000,0,64,0.2978,0.23115746155322475,0.0,216.34375,maze-32-32-10-1-75-0-128-final.mbin,201.0,0.7734375,1048.0,100000,0.35,27692.0,1.5458438396453857,0.45277784093924095,0.0,1049.0,maze-64-64-10-1-75-0-1024-final.mbin,42359.0,0.0,1048.0,100000,0.0,1074176.0,1.828751802444458,0.4781895134064558,0.0,1049.0,maze-64-64-10-2-80-1-1024-final.mbin,41347.0,0.0,1048.0,100000,0.0,1074176.0,1.833200216293335,0.260914049421329,0.0,250.1796875,maze-32-32-10-2-80-10-128-final.mbin,389.0,0.7578125,1048.0,100000,0.3333333333333333,32023.0,1.5696067810058594,0.2969018268075728,0.0,461.1796875,maze-32-32-20-1-75-2-128-final.mbin,604.0,0.484375,1048.0,100000,0.24666666666666667,59031.0,1.5711493492126465,0.3534507892256661,0.0,520.078125,maze-32-32-20-5-75-7-128-final.mbin,964.0,0.5,1048.0,100000,0.22,66570.0,1.5720508098602295,0.13729768738683906,0.0,86.65234375,maze-64-64-10-1-75-0-256-final.mbin,175.0,0.94921875,1048.0,100000,0.8233333333333334,22183.0,1.7914934158325195,0.16446439773409643,0.0,168.44921875,maze-64-64-10-2-80-1-256-final.mbin,628.0,0.8515625,1048.0,100000,0.7533333333333333,43123.0,1.793229341506958,0.16384038330225492,0.0,132.46484375,maze-64-64-20-1-75-14-256-final.mbin,318.0,0.8828125,1048.0,100000,0.79,33911.0,1.7881698608398438,0.24246179327437678,0.0,314.7421875,maze-64-64-20-3-80-6-256-final.mbin,1432.0,0.70703125,1048.0,100000,0.64,80574.0,1.7908556461334229,0.364393819670883,0.0,438.744140625,maze-64-64-10-1-75-0-512-final.mbin,4963.0,0.599609375,1048.0,100000,1.05,224637.0,1.8047537803649902,0.42735186514344614,0.0,670.7109375,maze-64-64-20-2-75-4-512-final.mbin,9108.0,0.37109375,1048.0,100000,0.6566666666666666,343404.0,1.8060393333435059,0.0,446.4621,8540.6667,0.5731,1048.0,0.23115746155322475,0.0,216.34375,201.0,0.7734375,1048.0,0.35,27692.0,1.5458438396453857,0.260914049421329,0.0,250.1796875,389.0,0.7578125,1048.0,0.3333333333333333,32023.0,1.5696067810058594,0.2969018268075728,0.0,461.1796875,604.0,0.484375,1048.0,0.24666666666666667,59031.0,1.5711493492126465,0.3534507892256661,0.0,520.078125,964.0,0.5,1048.0,0.22,66570.0,1.5720508098602295,0.45277784093924095,0.0,1049.0,42359.0,0.0,1048.0,0.0,1074176.0,1.828751802444458,0.13729768738683906,0.0,86.65234375,175.0,0.94921875,1048.0,0.8233333333333334,22183.0,1.7914934158325195,0.364393819670883,0.0,438.744140625,4963.0,0.599609375,1048.0,1.05,224637.0,1.8047537803649902,0.4781895134064558,0.0,1049.0,41347.0,0.0,1048.0,0.0,1074176.0,1.833200216293335,0.16446439773409643,0.0,168.44921875,628.0,0.8515625,1048.0,0.7533333333333333,43123.0,1.793229341506958,0.16384038330225492,0.0,132.46484375,318.0,0.8828125,1048.0,0.79,33911.0,1.7881698608398438,0.42735186514344614,0.0,670.7109375,9108.0,0.37109375,1048.0,0.6566666666666666,343404.0,1.8060393333435059,0.24246179327437678,0.0,314.7421875,1432.0,0.70703125,1048.0,0.64,80574.0,1.7908556461334229,0.4886,256791.6667,1.7246,XL,100000,offline,141009285,100000,100000,XL_flc64_bps4_steps100000_offline,XL_flc64_bps4_steps100000_offline,0.0,100000,0.24444256177500395,0.30373967858056533,0.36683337156588175,0.24064598559524888,0.0
